patient_id,feature,mean_abs_shap,std_abs_shap,mean_rank,std_rank,top5_frequency
0,Art ut. D-Peak Systolic Velocity [PSV],0.017985519232893165,0.01162558205607748,9.2,5.633234713140696,0.3
0,Art ut. D-pulsatility index [PI],0.02005811215778961,0.009300990077339874,7.7,3.973523485382827,0.3
0,Art ut. D-resistance index [RI],0.011216332610579294,0.004740166386033339,12.1,3.3813212407775355,0.0
0,Art ut. L-Peak Systolic Velocity [PSV],0.00459218926408323,0.003978406983806556,17.4,3.7178249316263163,0.0
0,Art ut. L-pulsatility index [PI],0.01033169224726151,0.0054848202079897075,13.2,3.7653389990514503,0.0
0,Art ut. L-resistance index [RI],0.005645878233996324,0.0037446830540416682,16.9,3.4464152068167544,0.0
0,BMI [kg/m²],0.029925830643900087,0.013631925138494642,5.2,2.2997584414213783,0.5
0,Bilateral notch,0.0017551143869480837,0.001667171971000083,19.8,1.988857852023506,0.0
0,Doppler_Angiogenic_Index,0.014140491570153183,0.010008651585546629,11.3,5.926400443964466,0.1
0,Materna age [years],0.002913054401203435,0.0023643858418656814,18.8,2.2997584414213788,0.0
0,Maternal hight [m],0.0024608530384714264,0.00302497889044578,19.7,3.093002855909879,0.0
0,Mean PI,0.04243343141825059,0.010762366904722213,2.2,1.1352924243950933,1.0
0,Mean PSV,0.012624163031383525,0.005320142433307298,11.4,3.470510689285432,0.1
0,Mean RI,0.02071085675923951,0.0059845988616603505,7.7,2.4060109910158114,0.2
0,Parity,0.004316512696609577,0.002413991366612268,17.6,2.0110804171997803,0.0
0,PlGF_Doppler_Discordance,0.013460184244469453,0.005654553844503973,10.6,2.6749870196985173,0.0
0,Placental_Dysfunction_Score,0.011354527825288053,0.008299002621101786,12.6,5.081557066709201,0.0
0,Pre-pregnancy weight [kg],0.007881746701479777,0.004325918331942202,15.0,2.943920288775949,0.0
0,S-Flt1 [µg/L],0.013398390606563271,0.010925994345541905,12.2,5.329165037789691,0.1
0,S-PLGF [µg/L],0.02330134670995803,0.007698465557591838,7.0,3.4318767136623336,0.5
0,log_sFlt1_PlGF,0.04198083541278423,0.018484721585063472,3.0,2.0,0.9
0,sFLT/PLGF,0.04213809500471745,0.014536051055649655,2.4,0.9660917830792958,1.0
1,Art ut. D-Peak Systolic Velocity [PSV],0.004198875282017395,0.002721712138386286,18.3,2.496664441476534,0.0
1,Art ut. D-pulsatility index [PI],0.024709308978890326,0.020284229417339192,10.7,5.907622195096772,0.2
1,Art ut. D-resistance index [RI],0.02975580706722799,0.013204106784620372,7.5,3.407508050043479,0.2
1,Art ut. L-Peak Systolic Velocity [PSV],0.01863148520151018,0.009508605699870852,11.2,2.6161889160464775,0.0
1,Art ut. L-pulsatility index [PI],0.016194380973207443,0.004614036020319185,11.7,2.3118054512532935,0.0
1,Art ut. L-resistance index [RI],0.0015504654015610101,0.0016320184541918465,20.7,1.8287822299126935,0.0
1,BMI [kg/m²],0.02511317908078506,0.009331154190165631,9.3,4.029061098237818,0.1
1,Bilateral notch,0.007815394537456732,0.0028085529674031465,15.6,1.8973665961010278,0.0
1,Doppler_Angiogenic_Index,0.03763268988641778,0.00702241454408255,5.4,1.577621275493231,0.6
1,Materna age [years],0.0042799272935320504,0.0037383721902089434,18.4,3.3399933466334266,0.0
1,Maternal hight [m],0.0060264419485719515,0.002859180434861308,16.8,1.8135294011647254,0.0
1,Mean PI,0.01970788029139465,0.005443577719532429,10.1,2.1317702607092643,0.0
1,Mean PSV,0.04519642270061602,0.015661658607822506,4.0,2.4944382578492945,0.8
1,Mean RI,0.0038597090720301646,0.002519886926940509,18.4,1.6465452046971292,0.0
1,Parity,0.002049372772673921,0.0017245092036201998,19.8,1.5491933384829668,0.0
1,PlGF_Doppler_Discordance,0.015353114463150176,0.00557980183529011,11.8,2.3475755815545347,0.0
1,Placental_Dysfunction_Score,0.04357256390175779,0.009804926970638545,5.0,2.70801280154532,0.7
1,Pre-pregnancy weight [kg],0.018806494327710564,0.00825424450996064,11.5,3.5668224265054493,0.0
1,S-Flt1 [µg/L],0.06532283132005412,0.0064976402732703975,1.1,0.31622776601683794,1.0
1,S-PLGF [µg/L],0.008100300317376328,0.00673657312906396,16.6,4.195235392680604,0.0
1,log_sFlt1_PlGF,0.04519851176596235,0.009112853899699066,4.3,1.5670212364724212,0.8
1,sFLT/PLGF,0.04493055183871748,0.012461936757373268,4.8,2.440400695696417,0.6
2,Art ut. D-Peak Systolic Velocity [PSV],0.01087174134193553,0.003739147260934403,11.1,1.7919573407620815,0.0
2,Art ut. D-pulsatility index [PI],0.014905668180227085,0.005043403436696831,9.5,2.7182510717166815,0.0
2,Art ut. D-resistance index [RI],0.01200701819002276,0.0068732505932724945,11.1,4.148627617792553,0.1
2,Art ut. L-Peak Systolic Velocity [PSV],0.00284174079727655,0.0024685243689261363,18.0,3.431876713662333,0.0
2,Art ut. L-pulsatility index [PI],0.013833412596732198,0.007217599196479968,10.4,3.977715704047013,0.0
2,Art ut. L-resistance index [RI],0.002093274597753441,0.0020267475012065625,19.4,2.7968235951204043,0.0
2,BMI [kg/m²],0.025046905631545,0.013194109780510327,6.7,2.584139659108574,0.3
2,Bilateral notch,0.00902989746553389,0.005244177711028502,12.8,3.794733192202055,0.0
2,Doppler_Angiogenic_Index,0.03551137610728307,0.00921331534523193,4.8,1.0327955589886446,0.7
2,Materna age [years],0.004739011806496919,0.0021290246691546243,16.3,1.3374935098492586,0.0
2,Maternal hight [m],0.005126209498828642,0.0036616568522933697,16.2,3.489667287547307,0.0
2,Mean PI,0.017765718592115183,0.007735076926883361,9.1,3.0713731999438516,0.0
2,Mean PSV,0.0026676914418778475,0.0025637643337359777,18.7,2.6687491868330793,0.0
2,Mean RI,0.004900422405669179,0.00310069269181187,16.1,3.842742076521227,0.0
2,Parity,0.0036056581724829887,0.0028887295439342076,17.9,2.64365067451978,0.0
2,PlGF_Doppler_Discordance,0.011663068015283645,0.004937950542860449,11.3,3.653004851412662,0.0
2,Placental_Dysfunction_Score,0.045387697113637555,0.010145950228260574,3.5,0.97182531580755,1.0
2,Pre-pregnancy weight [kg],0.0030481813515592007,0.003174855209879088,18.3,2.3118054512532935,0.0
2,S-Flt1 [µg/L],0.07834951484398467,0.00859202296251692,1.1,0.31622776601683794,1.0
2,S-PLGF [µg/L],0.009731228620728923,0.010480347775920723,14.3,5.907622195096772,0.1
2,log_sFlt1_PlGF,0.05077053325670108,0.015379613133403752,3.4,1.776388345929897,0.8
2,sFLT/PLGF,0.04956675272212347,0.013345109925708244,3.0,0.9428090415820634,1.0
3,Art ut. D-Peak Systolic Velocity [PSV],0.00969470777645716,0.0030347904452523115,13.5,1.2692955176439846,0.0
3,Art ut. D-pulsatility index [PI],0.022732732467513474,0.014277065336145924,10.9,5.933895104491746,0.2
3,Art ut. D-resistance index [RI],0.0037724278613253787,0.0018465699320858475,17.4,2.270584848790187,0.0
3,Art ut. L-Peak Systolic Velocity [PSV],0.005577654580843102,0.0033927093848098444,15.8,2.973961069759394,0.0
3,Art ut. L-pulsatility index [PI],0.03211579924649066,0.016530746097881282,7.2,3.583914681524163,0.3
3,Art ut. L-resistance index [RI],0.004364254026596875,0.0020493472913767166,17.0,2.211083193570267,0.0
3,BMI [kg/m²],0.032193381834701634,0.007751581264590691,7.3,1.946506842754191,0.1
3,Bilateral notch,0.006909295101985935,0.004307904806187718,15.6,2.547329756605707,0.0
3,Doppler_Angiogenic_Index,0.03895205328983318,0.007504376542484469,5.8,1.6865480854231356,0.5
3,Materna age [years],0.0015683110331786436,0.0011912257580306113,20.5,1.2692955176439846,0.0
3,Maternal hight [m],0.0025438842721525715,0.0018485044643396118,18.9,2.233582075700127,0.0
3,Mean PI,0.023467656748783643,0.018873798697456694,10.6,4.718756898449703,0.3
3,Mean PSV,0.02990179030448702,0.014039702343089528,7.9,4.508017549014447,0.5
3,Mean RI,0.003800626912464731,0.0022914404758339613,17.7,3.093002855909879,0.0
3,Parity,0.0016761800401575027,0.0012720734191873206,20.2,1.6193277068654828,0.0
3,PlGF_Doppler_Discordance,0.02166528131990995,0.007129812275024749,10.0,2.494438257849294,0.0
3,Placental_Dysfunction_Score,0.04696220736092907,0.008227520972486064,4.5,2.3213980461973533,0.6
3,Pre-pregnancy weight [kg],0.026260575774010787,0.0054674896292982765,9.0,1.563471919941143,0.0
3,S-Flt1 [µg/L],0.0677388967091804,0.009939271144102837,1.5,0.8498365855987975,1.0
3,S-PLGF [µg/L],0.012914081962607512,0.009528724195094028,13.8,4.61398839279954,0.0
3,log_sFlt1_PlGF,0.04691325398262142,0.010274233595091362,4.0,2.70801280154532,0.7
3,sFLT/PLGF,0.04624943295432521,0.008405574406454995,3.9,2.0789954839350235,0.8
4,Art ut. D-Peak Systolic Velocity [PSV],0.0043234077323484705,0.001991288368755781,16.9,3.281259920619923,0.0
4,Art ut. D-pulsatility index [PI],0.017341950776082384,0.0076047210772578816,9.8,3.8528488738133038,0.0
4,Art ut. D-resistance index [RI],0.0035870647412055466,0.0026279835744385575,17.4,3.0258148581093915,0.0
4,Art ut. L-Peak Systolic Velocity [PSV],0.0028825700638303716,0.003611631627646478,18.6,3.687817782917155,0.0
4,Art ut. L-pulsatility index [PI],0.01963307307540917,0.005701035108872343,8.3,1.9465068427541912,0.0
4,Art ut. L-resistance index [RI],0.0032710263315825746,0.0015975162828180903,17.6,1.9550504398153572,0.0
4,BMI [kg/m²],0.02836896897583408,0.01462061260796976,6.7,2.6687491868330793,0.2
4,Bilateral notch,0.007565538085046409,0.0023557963595497414,14.2,2.485513584307633,0.0
4,Doppler_Angiogenic_Index,0.046041309098904935,0.007204651855927987,4.5,0.8498365855987974,0.9
4,Materna age [years],0.0026585676440136906,0.0023491821261221093,19.0,3.0550504633038935,0.0
4,Maternal hight [m],0.011288361059878009,0.006445466390224089,11.8,3.9944405810520647,0.0
4,Mean PI,0.008093478685936049,0.0045552965432086165,14.0,2.9059326290271157,0.0
4,Mean PSV,0.013265169458111497,0.0050485211898894065,11.1,2.4244128727957577,0.0
4,Mean RI,0.006176345120644281,0.004253717484974321,15.6,3.7178249316263163,0.0
4,Parity,0.0014827666632451309,0.0014602263120960131,20.4,2.011080417199781,0.0
4,PlGF_Doppler_Discordance,0.021732282792905223,0.006572622351174335,8.0,1.5634719199411433,0.0
4,Placental_Dysfunction_Score,0.05703054072699669,0.01200039766108432,2.9,1.4491376746189437,1.0
4,Pre-pregnancy weight [kg],0.005133146781101728,0.002427539338456521,15.8,2.820559440174158,0.0
4,S-Flt1 [µg/L],0.07597599546756988,0.01155274508957235,1.4,0.9660917830792958,1.0
4,S-PLGF [µg/L],0.011334327830699579,0.006663016460636406,12.2,3.9665266081716046,0.0
4,log_sFlt1_PlGF,0.05675125412682937,0.009968268518167275,3.0,0.9428090415820634,1.0
4,sFLT/PLGF,0.052402685219051136,0.010194672442391356,3.8,1.5491933384829668,0.9
5,Art ut. D-Peak Systolic Velocity [PSV],0.0034939227314787448,0.0034946273658553926,17.8,3.2249030993194205,0.0
5,Art ut. D-pulsatility index [PI],0.020146701998979475,0.005116170821188883,8.6,1.837873166945363,0.0
5,Art ut. D-resistance index [RI],0.002988381163246965,0.00214996270374012,17.8,2.250925735484551,0.0
5,Art ut. L-Peak Systolic Velocity [PSV],0.002930604484121137,0.002258091231875335,18.3,2.710063549890379,0.0
5,Art ut. L-pulsatility index [PI],0.013063380744754674,0.006948319826954961,11.8,2.8205594401741574,0.0
5,Art ut. L-resistance index [RI],0.0012579389096572125,0.0008918008900698191,20.1,1.3703203194062987,0.0
5,BMI [kg/m²],0.03315469694223333,0.015527404039566487,6.2,2.6583202716502514,0.4
5,Bilateral notch,0.009062409053414171,0.0037202057432533637,13.7,1.567021236472421,0.0
5,Doppler_Angiogenic_Index,0.03794880935586054,0.0087209231641253,4.9,1.1972189997378648,0.7
5,Materna age [years],0.0032385477468949804,0.00243148422667212,17.9,2.685351208149711,0.0
5,Maternal hight [m],0.0023786030653764616,0.0012978909607554191,18.1,1.7919573407620815,0.0
5,Mean PI,0.01905480796304638,0.006311638686430198,9.4,2.4129281427805145,0.0
5,Mean PSV,0.013776854875105155,0.0031744262257242927,10.9,2.330951164939612,0.0
5,Mean RI,0.0035756869773890124,0.0030570920302078145,18.2,2.5298221281347035,0.0
5,Parity,0.0019203786681965586,0.0021389167381312773,18.8,3.0110906108363245,0.0
5,PlGF_Doppler_Discordance,0.0177123106781864,0.005807385328002742,9.5,2.173067468400883,0.0
5,Placental_Dysfunction_Score,0.05065387325195701,0.0101001280532469,3.1,1.1005049346146119,1.0
5,Pre-pregnancy weight [kg],0.018653295181970724,0.005573736579831739,9.3,2.359378449224852,0.0
5,S-Flt1 [µg/L],0.07026052894743864,0.010228588949691008,1.2,0.6324555320336759,1.0
5,S-PLGF [µg/L],0.016303001725910416,0.00770795120129309,10.7,2.406010991015812,0.0
5,log_sFlt1_PlGF,0.053283331811478665,0.008661529245616657,3.1,1.1005049346146119,1.0
5,sFLT/PLGF,0.05045005728545524,0.008012487836411245,3.6,1.349897115421106,0.9
6,Art ut. D-Peak Systolic Velocity [PSV],0.008094413528784716,0.0025762715982439633,13.9,1.6633299933166197,0.0
6,Art ut. D-pulsatility index [PI],0.015594251407236309,0.005213318149489546,10.5,1.7159383568311664,0.0
6,Art ut. D-resistance index [RI],0.003070094823277317,0.0023689458579818855,19.5,1.9578900207451218,0.0
6,Art ut. L-Peak Systolic Velocity [PSV],0.0030032523010304576,0.0026439810034974325,18.8,2.780887148615228,0.0
6,Art ut. L-pulsatility index [PI],0.022269089307523485,0.008581461071587412,8.0,2.0,0.0
6,Art ut. L-resistance index [RI],0.007535274204128482,0.0052131344991781904,15.6,4.247875285886398,0.0
6,BMI [kg/m²],0.01418738956392688,0.006845501982789088,11.2,3.084008934992101,0.0
6,Bilateral notch,0.01048554750071976,0.005067559496498675,13.4,2.9514591494904874,0.0
6,Doppler_Angiogenic_Index,0.04534941148988604,0.009520106277039553,4.2,1.1352924243950933,0.9
6,Materna age [years],0.004390859175364306,0.0021100998725498343,17.8,2.699794230842212,0.0
6,Maternal hight [m],0.004404359557151914,0.0023009588788182917,17.4,2.270584848790187,0.0
6,Mean PI,0.022233467077931945,0.005172471655038937,8.2,1.1352924243950935,0.0
6,Mean PSV,0.005253227955293863,0.0032364987509381237,17.1,2.9981475762358474,0.0
6,Mean RI,0.004951922268331638,0.0029413343327095933,17.4,3.204163957519444,0.0
6,Parity,0.0019872997543358027,0.0016083192354603528,20.4,1.7126976771553508,0.0
6,PlGF_Doppler_Discordance,0.019777391323952905,0.007929619941567562,9.1,2.282785822435191,0.0
6,Placental_Dysfunction_Score,0.049612008659247996,0.010240381328527714,3.5,1.178511301977579,1.0
6,Pre-pregnancy weight [kg],0.02673921788105389,0.011960655926349335,8.1,3.0349812373573437,0.1
6,S-Flt1 [µg/L],0.0678882199082633,0.009190280151321737,1.6,1.07496769977314,1.0
6,S-PLGF [µg/L],0.016047283141354847,0.010259260899390247,11.4,4.060651288757616,0.0
6,log_sFlt1_PlGF,0.055038815855814396,0.010051264386305957,2.8,1.5491933384829668,1.0
6,sFLT/PLGF,0.052527254519901645,0.007526195232855443,3.1,1.286683937707919,1.0
7,Art ut. D-Peak Systolic Velocity [PSV],0.01147804509375825,0.003183539723295309,13.0,2.309401076758503,0.0
7,Art ut. D-pulsatility index [PI],0.010048341852962593,0.005415895314931223,14.4,3.5339622081862854,0.0
7,Art ut. D-resistance index [RI],0.011662289373738585,0.005211139498010382,12.4,3.687817782917155,0.0
7,Art ut. L-Peak Systolic Velocity [PSV],0.003055987737535305,0.0029705211597898778,19.7,2.359378449224852,0.0
7,Art ut. L-pulsatility index [PI],0.03795484557661531,0.019141796001079375,4.7,2.9832867780352594,0.7
7,Art ut. L-resistance index [RI],0.006945138607785698,0.006144896455716741,16.4,4.247875285886398,0.0
7,BMI [kg/m²],0.030209895321047432,0.015923985184963116,6.1,4.121757985239902,0.5
7,Bilateral notch,0.011179000859067754,0.005904268257621999,13.0,2.9439202887759484,0.0
7,Doppler_Angiogenic_Index,0.01970872692031457,0.009738270353010841,9.5,3.7785946829182113,0.1
7,Materna age [years],0.004837027255003524,0.0025622168327682194,17.9,2.2335820757001272,0.0
7,Maternal hight [m],0.003994774956027903,0.0036300081404463265,18.9,3.21282153600573,0.0
7,Mean PI,0.03368926412948946,0.012913790519252798,4.9,2.923088169119167,0.8
7,Mean PSV,0.013522312952768584,0.006556245493797498,11.8,3.966526608171604,0.0
7,Mean RI,0.010252339651987245,0.00758381904357,13.6,3.806427312965386,0.0
7,Parity,0.002032393773245076,0.0014815465332804422,19.9,1.5238839267549946,0.0
7,PlGF_Doppler_Discordance,0.005786584275597982,0.00422479037323237,16.7,4.137900702315393,0.0
7,Placental_Dysfunction_Score,0.032721067983446483,0.012465883941859952,5.5,1.7795130420052185,0.5
7,Pre-pregnancy weight [kg],0.02342386764892551,0.013577845752843418,8.4,4.427188724235732,0.3
7,S-Flt1 [µg/L],0.06962159268599426,0.013790397444208872,1.2,0.4216370213557839,1.0
7,S-PLGF [µg/L],0.007299497687865242,0.005576212428490569,15.1,4.724639903973871,0.0
7,log_sFlt1_PlGF,0.03640574275255716,0.014511435928302847,5.1,2.4698178070456938,0.5
7,sFLT/PLGF,0.03697633186281956,0.01235360521456157,4.8,1.9321835661585918,0.6
8,Art ut. D-Peak Systolic Velocity [PSV],0.014779526925386584,0.01265713179153368,12.7,4.347413023856832,0.0
8,Art ut. D-pulsatility index [PI],0.017988915800632225,0.0058103886275331015,10.0,2.7888667551135855,0.0
8,Art ut. D-resistance index [RI],0.00345288211934591,0.0025449277178028534,18.1,2.2335820757001277,0.0
8,Art ut. L-Peak Systolic Velocity [PSV],0.002290738955603819,0.0017544497608277037,19.2,1.9888578520235065,0.0
8,Art ut. L-pulsatility index [PI],0.018267533307637796,0.006806669523935,10.3,2.1628170930011112,0.0
8,Art ut. L-resistance index [RI],0.002260651454722478,0.001476039373488649,19.4,1.776388345929897,0.0
8,BMI [kg/m²],0.036196129371047096,0.012046809012149787,5.3,1.8287822299126941,0.5
8,Bilateral notch,0.010670559465316991,0.003886889275072592,14.2,2.250925735484551,0.0
8,Doppler_Angiogenic_Index,0.04436816295467064,0.01017627438341204,4.5,1.6499158227686108,0.7
8,Materna age [years],0.002878287544834336,0.00222014431676082,18.7,2.263232692902394,0.0
8,Maternal hight [m],0.0029193587738174,0.0020790754405018213,19.0,2.4494897427831788,0.0
8,Mean PI,0.019426384347906087,0.005708441755018854,9.7,1.8885620632287057,0.0
8,Mean PSV,0.01577883586195008,0.010630758953202304,11.9,4.483302354291979,0.0
8,Mean RI,0.006471106665508056,0.0027851545189923354,15.5,1.6499158227686108,0.0
8,Parity,0.00159441382655734,0.0012033218653297844,20.3,1.4944341180973264,0.0
8,PlGF_Doppler_Discordance,0.021826718826081205,0.006194587979968179,9.3,1.8287822299126935,0.0
8,Placental_Dysfunction_Score,0.050823983191154054,0.00721021572336255,3.1,0.8755950357709131,1.0
8,Pre-pregnancy weight [kg],0.017433675970119914,0.0053842962196133685,10.6,1.5776212754932308,0.0
8,S-Flt1 [µg/L],0.0740936836297453,0.00902264287139136,1.1,0.31622776601683794,1.0
8,S-PLGF [µg/L],0.013315877587236546,0.007386787003315879,12.7,3.8887301554906353,0.0
8,log_sFlt1_PlGF,0.05018740266305027,0.008298481197533115,3.4,1.07496769977314,1.0
8,sFLT/PLGF,0.04656174889996954,0.008631432350774088,4.0,1.5634719199411433,0.8
9,Art ut. D-Peak Systolic Velocity [PSV],0.00430277805315985,0.00391574644441369,17.9,3.3813212407775355,0.0
9,Art ut. D-pulsatility index [PI],0.01961450784790349,0.005696413693813796,9.8,2.0976176963403033,0.0
9,Art ut. D-resistance index [RI],0.0035932024531171018,0.0023280813175076674,18.3,2.2135943621178655,0.0
9,Art ut. L-Peak Systolic Velocity [PSV],0.0026141690909129234,0.0015523501027392597,18.8,2.0976176963403024,0.0
9,Art ut. L-pulsatility index [PI],0.020012929329373225,0.0037375747094354115,9.8,1.5491933384829668,0.0
9,Art ut. L-resistance index [RI],0.0021873872270757994,0.0018221430672195377,19.8,1.932183566158592,0.0
9,BMI [kg/m²],0.03260063343032761,0.008832579886591186,5.9,1.523883926754995,0.3
9,Bilateral notch,0.009650351699235752,0.004116035170295965,13.7,2.3118054512532935,0.0
9,Doppler_Angiogenic_Index,0.03944080816935004,0.007402210044934391,4.6,1.577621275493231,0.8
9,Materna age [years],0.003410462161261555,0.0032102974355030533,18.9,2.6853512081497097,0.0
9,Maternal hight [m],0.006517574359508426,0.003075434598851877,15.4,2.412928142780514,0.0
9,Mean PI,0.022807897447382913,0.00424623562699118,8.3,1.159501808728406,0.0
9,Mean PSV,0.015217246302322514,0.0030128279348240836,10.7,2.0027758514399734,0.0
9,Mean RI,0.006120841138455976,0.0038684848882035217,16.4,2.221110833194358,0.0
9,Parity,0.0017924500824463463,0.0010712043137304085,19.8,2.043961295567452,0.0
9,PlGF_Doppler_Discordance,0.011518570716962929,0.0077410333518936085,13.4,4.005551702879947,0.0
9,Placental_Dysfunction_Score,0.04382188177302479,0.006449330638058672,4.2,1.0327955589886444,0.9
9,Pre-pregnancy weight [kg],0.021000657304700153,0.00772584612779408,8.8,2.780887148615228,0.1
9,S-Flt1 [µg/L],0.07707691454930969,0.01011818048301689,1.1,0.31622776601683794,1.0
9,S-PLGF [µg/L],0.015244904086348965,0.007668103665623624,11.4,3.0258148581093915,0.0
9,log_sFlt1_PlGF,0.05111597737416844,0.010504457462140258,3.1,1.449137674618944,0.9
9,sFLT/PLGF,0.05134425257680079,0.00870629492470792,2.9,1.1972189997378648,1.0
10,Art ut. D-Peak Systolic Velocity [PSV],0.004171206587595428,0.002671362914671351,16.3,3.591656999213594,0.0
10,Art ut. D-pulsatility index [PI],0.007063524772802076,0.005135995320141463,13.7,4.8545511292669135,0.0
10,Art ut. D-resistance index [RI],0.003113361589497636,0.0012982207579834472,17.7,2.496664441476534,0.0
10,Art ut. L-Peak Systolic Velocity [PSV],0.00261836492082276,0.0017821270733573828,17.7,3.9735234853828283,0.0
10,Art ut. L-pulsatility index [PI],0.016959624872716354,0.0036830438488155326,6.5,2.173067468400883,0.3
10,Art ut. L-resistance index [RI],0.002410208604808654,0.0012783760346532025,18.1,1.9692073983655907,0.0
10,BMI [kg/m²],0.03855219427273944,0.013350684591823774,2.4,2.0110804171997807,0.9
10,Bilateral notch,0.003269435535900271,0.002866370655072453,17.6,2.7568097504180447,0.0
10,Doppler_Angiogenic_Index,0.008270449573153165,0.006072723533166729,12.8,5.7115866641610396,0.1
10,Materna age [years],0.004125611953720827,0.0017861458067424275,15.1,3.178049716414141,0.0
10,Maternal hight [m],0.0065270931904404085,0.00301987990351361,12.9,2.378141197564929,0.0
10,Mean PI,0.014739565382374567,0.005664898915177077,8.1,3.478505426185217,0.3
10,Mean PSV,0.018423467074081785,0.00527658481726969,6.5,2.068278940998476,0.4
10,Mean RI,0.004264897421077138,0.003086747618617851,15.6,3.627058802329451,0.0
10,Parity,0.0026645747943988846,0.0013221210050743627,17.9,2.601281735350223,0.0
10,PlGF_Doppler_Discordance,0.006362541557352259,0.006285465753273595,15.1,6.118278625016463,0.0
10,Placental_Dysfunction_Score,0.02407951682194228,0.009781593668859294,5.1,3.5418137224371984,0.6
10,Pre-pregnancy weight [kg],0.02149198323915394,0.007014390630079018,5.6,2.2705848487901865,0.5
10,S-Flt1 [µg/L],0.035781848835541225,0.022843173661520676,4.8,6.285786435372356,0.8
10,S-PLGF [µg/L],0.018437248865985863,0.007327837640227886,7.0,3.2998316455372216,0.3
10,log_sFlt1_PlGF,0.019655374999512334,0.014622688814679116,7.9,5.173651192984184,0.4
10,sFLT/PLGF,0.019851459686818205,0.019386812644892906,8.6,6.65331997326648,0.4
11,Art ut. D-Peak Systolic Velocity [PSV],0.004661941394398888,0.0032088970065386095,17.0,3.1269438398822866,0.0
11,Art ut. D-pulsatility index [PI],0.0093300806464445,0.0074837817903241465,14.2,5.223876806442595,0.0
11,Art ut. D-resistance index [RI],0.004509495697411027,0.0037488585107701834,16.9,3.5103022978402048,0.0
11,Art ut. L-Peak Systolic Velocity [PSV],0.0044351188567221984,0.003517224884979973,17.0,3.681787005729086,0.0
11,Art ut. L-pulsatility index [PI],0.019539143015786475,0.006326209823094106,8.6,1.776388345929897,0.1
11,Art ut. L-resistance index [RI],0.0025204114972693812,0.00226373883598201,19.1,3.178049716414141,0.0
11,BMI [kg/m²],0.026301853847065255,0.008503871715085438,7.1,1.728840330651992,0.1
11,Bilateral notch,0.01014599447830394,0.005204359560424022,12.7,3.3349995835415362,0.0
11,Doppler_Angiogenic_Index,0.044725718033692914,0.006784819880412083,4.1,1.1005049346146119,1.0
11,Materna age [years],0.008432007195864994,0.0052065146061956065,14.0,4.242640687119285,0.0
11,Maternal hight [m],0.002753406882532017,0.0017747994172533543,18.8,1.9321835661585918,0.0
11,Mean PI,0.019463490259735712,0.0028087940976357466,8.1,0.8755950357709134,0.0
11,Mean PSV,0.006339582097400558,0.004258091479800903,15.2,3.7653389990514494,0.0
11,Mean RI,0.006183511062349493,0.003060783800777117,14.8,3.2249030993194197,0.0
11,Parity,0.002774525540468863,0.0015669236849494698,18.4,2.6331223544175333,0.0
11,PlGF_Doppler_Discordance,0.016920754019276337,0.006016926353246651,9.2,2.7406406388125957,0.0
11,Placental_Dysfunction_Score,0.04981727738599146,0.008825910516139313,3.3,1.0593499054713802,1.0
11,Pre-pregnancy weight [kg],0.004428267469150102,0.0020972835876160814,16.5,2.718251071716682,0.0
11,S-Flt1 [µg/L],0.07768271217292586,0.007433399030832931,1.1,0.31622776601683794,1.0
11,S-PLGF [µg/L],0.01702341938840778,0.01001773052515347,10.1,4.121757985239902,0.0
11,log_sFlt1_PlGF,0.050005634900807436,0.01234716877463329,3.4,1.7126976771553504,0.9
11,sFLT/PLGF,0.04885525513727999,0.008357840634479115,3.4,1.1737877907772671,0.9
12,Art ut. D-Peak Systolic Velocity [PSV],0.004481106483977696,0.002487892024266879,15.6,2.716206504995115,0.0
12,Art ut. D-pulsatility index [PI],0.017801078710270084,0.0042835829191434985,9.1,0.9944289260117529,0.0
12,Art ut. D-resistance index [RI],0.005342192472299287,0.002336353827114336,15.1,2.6853512081497106,0.0
12,Art ut. L-Peak Systolic Velocity [PSV],0.0017652563428301668,0.0018381968181146616,19.3,2.9458068127047596,0.0
12,Art ut. L-pulsatility index [PI],0.01812680135894735,0.0038613542651296517,9.3,1.5670212364724214,0.0
12,Art ut. L-resistance index [RI],0.0021569789295308585,0.0011318239462604776,19.1,2.282785822435191,0.0
12,BMI [kg/m²],0.027013354950058282,0.006612233216812497,6.7,1.6363916944844767,0.2
12,Bilateral notch,0.008983098644103689,0.004393719782514713,12.9,2.330951164939611,0.0
12,Doppler_Angiogenic_Index,0.0412668263405695,0.010668550209198083,4.5,1.0801234497346435,0.9
12,Materna age [years],0.0028002631642143937,0.0014813960401840476,17.8,1.988857852023507,0.0
12,Maternal hight [m],0.002242336112603838,0.0015532557380925145,18.6,2.875181153713044,0.0
12,Mean PI,0.022573098403452264,0.005441297131781581,7.2,0.7888106377466154,0.0
12,Mean PSV,0.005537883774439847,0.0036650250759466103,15.7,3.4009802508492553,0.0
12,Mean RI,0.005615177947413308,0.002295426506324793,14.5,2.0138409955990952,0.0
12,Parity,0.0020479101758037804,0.0014526418763469412,19.3,2.6267851073127395,0.0
12,PlGF_Doppler_Discordance,0.013997812765043572,0.004443874014693168,10.5,1.7159383568311672,0.0
12,Placental_Dysfunction_Score,0.045840774270093684,0.007697103023374593,4.0,1.2472191289246473,0.9
12,Pre-pregnancy weight [kg],0.003089419589287026,0.0028664985091599125,18.0,3.018461712712472,0.0
12,S-Flt1 [µg/L],0.073479886231776,0.009328013417540243,1.1,0.31622776601683794,1.0
12,S-PLGF [µg/L],0.01724845105381569,0.00756564990318274,9.1,3.142893217686178,0.0
12,log_sFlt1_PlGF,0.05667545563631832,0.010613255107913193,2.6,0.9660917830792958,1.0
12,sFLT/PLGF,0.05345594845877396,0.0073416736687940565,3.0,0.816496580927726,1.0
13,Art ut. D-Peak Systolic Velocity [PSV],0.004716661774191012,0.0036727270512963714,17.7,3.4976182372199127,0.0
13,Art ut. D-pulsatility index [PI],0.018898188525496493,0.006479571939724646,10.1,2.726414006223804,0.0
13,Art ut. D-resistance index [RI],0.006434084785322961,0.003733410190143117,16.7,2.6687491868330797,0.0
13,Art ut. L-Peak Systolic Velocity [PSV],0.003621889341622748,0.0014728269840138895,18.8,0.9189365834726814,0.0
13,Art ut. L-pulsatility index [PI],0.018693986771755825,0.005782209863386346,10.0,2.357022603955159,0.0
13,Art ut. L-resistance index [RI],0.0021306931433478543,0.0013661774845235355,20.1,1.5238839267549946,0.0
13,BMI [kg/m²],0.02616134458261373,0.007410696221546002,7.4,1.7126976771553506,0.0
13,Bilateral notch,0.01078704165968537,0.004957539368322925,14.0,2.3570226039551585,0.0
13,Doppler_Angiogenic_Index,0.04961017952329534,0.007595030312515728,3.9,0.7378647873726218,1.0
13,Materna age [years],0.005604225346059123,0.003918730851796878,17.6,2.836272984824353,0.0
13,Maternal hight [m],0.007080624024251749,0.00658069245952829,16.3,4.001388647846033,0.0
13,Mean PI,0.021322990466938,0.0033990941395230173,8.7,1.494434118097326,0.0
13,Mean PSV,0.01206965932015633,0.004918540520845363,13.3,3.1287200080686173,0.0
13,Mean RI,0.006878631001218665,0.00407725342226608,16.6,2.270584848790187,0.0
13,Parity,0.0014127847937419652,0.0015064694390594323,20.9,1.1972189997378644,0.0
13,PlGF_Doppler_Discordance,0.01934067050196635,0.006971409377496095,10.0,2.5385910352879697,0.0
13,Placental_Dysfunction_Score,0.054902459346623245,0.013477911727464695,3.1,1.5238839267549946,1.0
13,Pre-pregnancy weight [kg],0.022027969648895616,0.0068701422023179064,9.0,2.160246899469287,0.0
13,S-Flt1 [µg/L],0.07598873366027067,0.0055706597622311544,1.1,0.31622776601683794,1.0
13,S-PLGF [µg/L],0.017012922437894717,0.006751379121128567,10.8,3.583914681524163,0.0
13,log_sFlt1_PlGF,0.05158865382558103,0.006933668310182172,3.0,1.0540925533894598,1.0
13,sFLT/PLGF,0.04977297311262121,0.006593678046091014,3.9,1.1005049346146119,1.0
14,Art ut. D-Peak Systolic Velocity [PSV],0.00453342119789182,0.004077142116415816,18.3,3.0568684048294332,0.0
14,Art ut. D-pulsatility index [PI],0.020293133408670463,0.00743429610326383,9.6,2.4585451886114367,0.0
14,Art ut. D-resistance index [RI],0.0035860847336144307,0.0029379554404294116,18.5,2.5055493963954847,0.0
14,Art ut. L-Peak Systolic Velocity [PSV],0.002669819493528411,0.0025978461146885638,19.0,2.666666666666667,0.0
14,Art ut. L-pulsatility index [PI],0.013842719813164591,0.009432916087239706,13.1,4.2282121254470875,0.0
14,Art ut. L-resistance index [RI],0.0038740605426517776,0.002728131837789525,18.3,2.213594362117866,0.0
14,BMI [kg/m²],0.023536766355423573,0.007455432185055154,8.6,2.9888682361946524,0.0
14,Bilateral notch,0.011066553611409525,0.004170450669481864,13.7,2.263232692902394,0.0
14,Doppler_Angiogenic_Index,0.040336722039631866,0.008423834211647727,4.7,1.1595018087284057,0.7
14,Materna age [years],0.031021533891502435,0.014094517409822304,6.0,3.4318767136623336,0.6
14,Maternal hight [m],0.0040477599783346144,0.0029679846380130993,17.5,3.064129385141706,0.0
14,Mean PI,0.016258207412165108,0.00914786653222147,11.3,4.029061098237817,0.1
14,Mean PSV,0.013836047621708458,0.002580201297412346,11.3,1.9465068427541912,0.0
14,Mean RI,0.0074793854115197305,0.0057211271614625156,15.6,3.1692971530679235,0.0
14,Parity,0.0016548124422673285,0.0017781241038492988,20.6,1.6465452046971292,0.0
14,PlGF_Doppler_Discordance,0.012827498308084226,0.007506041836230437,13.1,4.2282121254470875,0.0
14,Placental_Dysfunction_Score,0.0533760584467615,0.010274829873734728,2.6,1.07496769977314,1.0
14,Pre-pregnancy weight [kg],0.017159549681924336,0.006332934433764405,10.5,3.1710495984067415,0.0
14,S-Flt1 [µg/L],0.073400532411292,0.008009020374066169,1.1,0.31622776601683794,1.0
14,S-PLGF [µg/L],0.01593820823671398,0.009144028961530345,11.3,4.243949942107131,0.0
14,log_sFlt1_PlGF,0.046149586480196736,0.009127460678061595,3.8,1.5491933384829668,0.8
14,sFLT/PLGF,0.043240551284588334,0.009907864446849114,4.5,1.9578900207451218,0.8
15,Art ut. D-Peak Systolic Velocity [PSV],0.003523166502151833,0.002723900365070229,18.1,2.514402955419481,0.0
15,Art ut. D-pulsatility index [PI],0.020401111790035863,0.009187625664932938,8.8,2.3475755815545347,0.0
15,Art ut. D-resistance index [RI],0.006304012366245811,0.00263321342797833,15.3,2.263232692902394,0.0
15,Art ut. L-Peak Systolic Velocity [PSV],0.0015937077671232473,0.001455142352299616,20.0,1.6996731711975943,0.0
15,Art ut. L-pulsatility index [PI],0.022749749971632097,0.005600421013589715,7.9,1.5951314818673867,0.0
15,Art ut. L-resistance index [RI],0.002203340712329394,0.0014600917542103968,19.3,2.406010991015812,0.0
15,BMI [kg/m²],0.01709273646723888,0.010615819030442893,9.9,3.0713731999438516,0.1
15,Bilateral notch,0.006896085212698482,0.0033460971489138744,15.2,2.936362072739365,0.0
15,Doppler_Angiogenic_Index,0.0361875380118354,0.012497133326482847,5.3,2.110818693198342,0.7
15,Materna age [years],0.004041732944783675,0.002229816449747465,17.2,2.573367875415838,0.0
15,Maternal hight [m],0.0020380848935175368,0.0009614350050099812,19.2,2.4404006956964173,0.0
15,Mean PI,0.023987150213140056,0.007797647521690122,7.8,1.9888578520235058,0.1
15,Mean PSV,0.010288171936165724,0.00555025407748063,12.9,3.0349812373573437,0.0
15,Mean RI,0.005696960369253486,0.0033186995399983573,15.8,2.6583202716502514,0.0
15,Parity,0.0024903211346549506,0.0015471095232052288,18.8,2.5298221281347035,0.0
15,PlGF_Doppler_Discordance,0.014095792499914984,0.010762244390860707,12.3,4.295992965026311,0.0
15,Placental_Dysfunction_Score,0.045575333521589045,0.007418673434268893,3.9,0.7378647873726218,1.0
15,Pre-pregnancy weight [kg],0.01664383061444681,0.010780688205317667,10.0,3.0550504633038935,0.1
15,S-Flt1 [µg/L],0.07992286224149166,0.009393366347057824,1.1,0.31622776601683794,1.0
15,S-PLGF [µg/L],0.02059256961362984,0.007419520126459017,8.5,2.1213203435596424,0.0
15,log_sFlt1_PlGF,0.05831233966332783,0.011723939860587018,2.7,0.9486832980505138,1.0
15,sFLT/PLGF,0.05588409003961414,0.011386342765200971,3.0,1.247219128924647,1.0
16,Art ut. D-Peak Systolic Velocity [PSV],0.004369703194880057,0.0031815561633357636,16.8,3.359894178227774,0.0
16,Art ut. D-pulsatility index [PI],0.02190419669546743,0.007571794908282788,7.6,2.5473297566057065,0.0
16,Art ut. D-resistance index [RI],0.004012151955931827,0.0031591023417495826,16.7,3.368151487751767,0.0
16,Art ut. L-Peak Systolic Velocity [PSV],0.0037155305417291688,0.0025357612741616128,16.8,2.5298221281347035,0.0
16,Art ut. L-pulsatility index [PI],0.008455108302282901,0.006655029376272999,14.3,4.643992535164831,0.0
16,Art ut. L-resistance index [RI],0.003213743527775733,0.002757818981860407,17.6,3.8064273129653867,0.0
16,BMI [kg/m²],0.028418673301645204,0.011317518875682822,6.5,2.0138409955990952,0.5
16,Bilateral notch,0.010628742999608216,0.0031724498715967747,11.3,1.7029386365926402,0.0
16,Doppler_Angiogenic_Index,0.03135330963403897,0.009412073125805987,5.8,1.5491933384829668,0.5
16,Materna age [years],0.0022512862890278554,0.0025398829366717157,19.0,3.366501646120693,0.0
16,Maternal hight [m],0.004052269961545095,0.003397936613964234,16.8,3.583914681524163,0.0
16,Mean PI,0.01623851726880415,0.007230034953300708,9.3,2.7507574714370344,0.0
16,Mean PSV,0.01349391696653281,0.004985589532229469,9.8,1.988857852023507,0.0
16,Mean RI,0.004099728611098833,0.002514673389833418,17.2,2.5733678754158373,0.0
16,Parity,0.0015585798945610945,0.0008129337091249556,19.3,1.4944341180973264,0.0
16,PlGF_Doppler_Discordance,0.012522025916991465,0.0037177920613545917,10.4,1.9550504398153572,0.0
16,Placental_Dysfunction_Score,0.04983297471160712,0.007571371529228853,3.2,1.1352924243950933,1.0
16,Pre-pregnancy weight [kg],0.0042443029629404185,0.0040314420951770725,16.9,4.0124805295477755,0.0
16,S-Flt1 [µg/L],0.08315143294921687,0.007004804942706014,1.0,0.0,1.0
16,S-PLGF [µg/L],0.01274805968363921,0.0077739444570121006,10.7,3.497618237219913,0.0
16,log_sFlt1_PlGF,0.04827777202689826,0.004819344856796521,3.1,0.5676462121975466,1.0
16,sFLT/PLGF,0.04834760153684971,0.00634055030882066,2.9,1.1005049346146119,1.0
17,Art ut. D-Peak Systolic Velocity [PSV],0.0028669266365898716,0.003003128508988577,18.4,3.204163957519445,0.0
17,Art ut. D-pulsatility index [PI],0.022393531366892698,0.004036588307777219,7.8,1.1352924243950933,0.0
17,Art ut. D-resistance index [RI],0.006583100639083729,0.0034373175551957644,14.4,2.6749870196985173,0.0
17,Art ut. L-Peak Systolic Velocity [PSV],0.0017387581745219045,0.0018074456510161585,19.3,2.496664441476534,0.0
17,Art ut. L-pulsatility index [PI],0.017936142629356396,0.004416675530227701,9.3,1.2516655570345725,0.0
17,Art ut. L-resistance index [RI],0.0014039561799462246,0.0012672525549641972,20.0,1.699673171197595,0.0
17,BMI [kg/m²],0.005098304863629692,0.004989932230716014,15.9,3.9285281382896233,0.0
17,Bilateral notch,0.009521506994921335,0.0030319159777608315,12.1,2.4244128727957572,0.0
17,Doppler_Angiogenic_Index,0.04422420345002818,0.008057887696736285,4.7,0.4830458915396479,1.0
17,Materna age [years],0.0031683730162762186,0.0015694794319280022,17.0,2.5385910352879693,0.0
17,Maternal hight [m],0.0026925942063769394,0.0018176938492279258,18.5,2.8771127502720115,0.0
17,Mean PI,0.02536275147991763,0.005426779376380568,6.8,0.7888106377466155,0.0
17,Mean PSV,0.0047843107492393875,0.0037293061164767305,16.6,3.1340424729448406,0.0
17,Mean RI,0.0051590920115894435,0.0024789797342952497,14.8,2.3944379994757297,0.0
17,Parity,0.0025284588570807895,0.0015379452025031319,17.9,1.9692073983655907,0.0
17,PlGF_Doppler_Discordance,0.01731875050779059,0.007100845057429205,9.2,1.9321835661585918,0.0
17,Placental_Dysfunction_Score,0.052433632238666,0.008278844723186029,3.2,1.1352924243950933,1.0
17,Pre-pregnancy weight [kg],0.012726410840291833,0.009663702802133545,11.7,2.94580681270476,0.0
17,S-Flt1 [µg/L],0.08397538583464133,0.009239508398420793,1.2,0.6324555320336759,1.0
17,S-PLGF [µg/L],0.022643231165039402,0.008858339890568591,8.3,2.110818693198342,0.0
17,log_sFlt1_PlGF,0.0586155585685987,0.011226075375567428,2.7,1.1595018087284057,1.0
17,sFLT/PLGF,0.05443547458859453,0.008833484618391703,3.2,0.9189365834726815,1.0
18,Art ut. D-Peak Systolic Velocity [PSV],0.013694351206387827,0.011691555060026426,13.4,5.168279318217147,0.0
18,Art ut. D-pulsatility index [PI],0.017856074996978215,0.006262163918113066,11.4,1.429840705968481,0.0
18,Art ut. D-resistance index [RI],0.0037399184284483008,0.0015715257138367948,18.2,1.5491933384829668,0.0
18,Art ut. L-Peak Systolic Velocity [PSV],0.0022940508377969544,0.0018034646171526834,19.9,1.4491376746189435,0.0
18,Art ut. L-pulsatility index [PI],0.021144625429052055,0.004785434825052962,10.3,1.3374935098492586,0.0
18,Art ut. L-resistance index [RI],0.0013921297887916594,0.0014161435000837272,20.3,2.0575065816014617,0.0
18,BMI [kg/m²],0.07867709564742666,0.024519957656618813,2.0,1.6996731711975948,0.9
18,Bilateral notch,0.008639697701779928,0.002535198171229509,14.2,0.9189365834726815,0.0
18,Doppler_Angiogenic_Index,0.04452222160899888,0.006863348516920401,4.8,1.2292725943057183,0.7
18,Materna age [years],0.0033884507450674278,0.002504109492991957,18.3,2.1628170930011112,0.0
18,Maternal hight [m],0.003200840189360741,0.001813087116718033,18.6,1.577621275493231,0.0
18,Mean PI,0.019928488042844972,0.0061900176079195965,10.5,1.7795130420052185,0.0
18,Mean PSV,0.02695112318648491,0.006846445057519379,8.6,1.429840705968481,0.0
18,Mean RI,0.006441354148280199,0.0030197283200286873,16.1,2.514402955419481,0.0
18,Parity,0.0019517188290379783,0.0012428011973990793,19.6,1.8973665961010278,0.0
18,PlGF_Doppler_Discordance,0.015016992896460283,0.005004349862696789,11.7,2.4060109910158114,0.0
18,Placental_Dysfunction_Score,0.048328708511568334,0.00672422241018524,4.4,1.837873166945363,0.6
18,Pre-pregnancy weight [kg],0.03922680421364611,0.015532655720825026,6.7,3.529242915351047,0.5
18,S-Flt1 [µg/L],0.07181388683347376,0.009921874007083616,1.7,0.6749485577105528,1.0
18,S-PLGF [µg/L],0.01387765375078157,0.0065057763160976285,12.8,2.485513584307633,0.0
18,log_sFlt1_PlGF,0.04802035926372776,0.0072800285712312585,4.8,1.5491933384829668,0.7
18,sFLT/PLGF,0.04855963995694091,0.007586440539602724,4.7,1.567021236472421,0.6
19,Art ut. D-Peak Systolic Velocity [PSV],0.006650594265731247,0.002528470959942791,14.0,2.309401076758503,0.0
19,Art ut. D-pulsatility index [PI],0.02183150710985778,0.0058315682900952695,8.3,1.3374935098492586,0.0
19,Art ut. D-resistance index [RI],0.004976172020884617,0.002901566350838655,15.8,2.5298221281347035,0.0
19,Art ut. L-Peak Systolic Velocity [PSV],0.002605420783125551,0.0020352689689373386,18.5,2.5055493963954847,0.0
19,Art ut. L-pulsatility index [PI],0.023403862869323704,0.007404766550702054,8.4,1.6465452046971292,0.0
19,Art ut. L-resistance index [RI],0.0012854702172585375,0.0007844292150599123,20.2,1.549193338482966,0.0
19,BMI [kg/m²],0.03133924151913436,0.008146581021465905,6.0,1.8856180831641267,0.4
19,Bilateral notch,0.009562881464640448,0.0028688038563936128,12.3,1.8287822299126935,0.0
19,Doppler_Angiogenic_Index,0.03488148811777784,0.007992338326185861,5.1,1.1005049346146119,0.6
19,Materna age [years],0.002586096404506623,0.0022791937154333407,18.5,2.4608038433722332,0.0
19,Maternal hight [m],0.0038751282236600287,0.002892650876125081,17.1,2.4244128727957563,0.0
19,Mean PI,0.024538015080239926,0.00627593862332262,7.9,1.2866839377079187,0.1
19,Mean PSV,0.004835756865012202,0.0036135650914811863,16.4,3.3399933466334266,0.0
19,Mean RI,0.0053680343091765444,0.0021963685071226574,14.8,1.813529401164726,0.0
19,Parity,0.0015060350365824864,0.0012613200609188717,19.9,1.8529256146249733,0.0
19,PlGF_Doppler_Discordance,0.0077017864807041895,0.006038674065287529,14.4,4.671426144361294,0.0
19,Placental_Dysfunction_Score,0.04146604192567753,0.012081636735135803,4.1,1.4491376746189437,0.8
19,Pre-pregnancy weight [kg],0.007929049958697604,0.005091685461207408,14.3,3.8311588035185618,0.0
19,S-Flt1 [µg/L],0.07643157107233448,0.008008884895803429,1.1,0.31622776601683794,1.0
19,S-PLGF [µg/L],0.018047454263447282,0.010374048270908539,10.0,4.9216076867444665,0.2
19,log_sFlt1_PlGF,0.05706077162771119,0.010504046903988084,2.2,0.7888106377466155,1.0
19,sFLT/PLGF,0.05215091631403682,0.011486964436986588,3.7,1.3374935098492586,0.9
20,Art ut. D-Peak Systolic Velocity [PSV],0.009815930198293825,0.0025851658094856885,12.9,1.370320319406298,0.0
20,Art ut. D-pulsatility index [PI],0.017232183377505657,0.005212486060419383,10.3,1.8287822299126937,0.0
20,Art ut. D-resistance index [RI],0.00423848019544497,0.0022708751417854496,16.8,1.813529401164726,0.0
20,Art ut. L-Peak Systolic Velocity [PSV],0.0019197426283347734,0.0012311593365340388,19.6,0.966091783079296,0.0
20,Art ut. L-pulsatility index [PI],0.02326628734188562,0.006112400017410981,8.6,1.7126976771553504,0.0
20,Art ut. L-resistance index [RI],0.00203461851578354,0.0016417648656007467,19.6,2.1186998109427604,0.0
20,BMI [kg/m²],0.037608753561011884,0.007996941105232452,5.3,1.4181364924121764,0.6
20,Bilateral notch,0.009193842465807022,0.0062339718050389735,14.0,3.366501646120693,0.0
20,Doppler_Angiogenic_Index,0.041617006407279146,0.00808923606710117,4.8,1.3165611772087666,0.7
20,Materna age [years],0.002550461177443781,0.0020924208419082413,19.5,2.2236106773543893,0.0
20,Maternal hight [m],0.00571865958042868,0.0018719977871579083,15.4,1.837873166945363,0.0
20,Mean PI,0.02121575509688153,0.006911788137897656,9.2,1.6193277068654826,0.0
20,Mean PSV,0.0039043671600114704,0.0030232462412567098,17.7,3.2335051500740732,0.0
20,Mean RI,0.005412695427384607,0.0030611263693070554,16.1,2.424412872795757,0.0
20,Parity,0.00118434735711599,0.0009541961074933977,20.3,1.70293863659264,0.0
20,PlGF_Doppler_Discordance,0.01458899412343528,0.010553150504774572,12.3,4.191260749066642,0.0
20,Placental_Dysfunction_Score,0.051136928473031175,0.007225866776232032,3.4,1.2649110640673518,1.0
20,Pre-pregnancy weight [kg],0.023786549064562075,0.0053128929779482055,8.1,1.66332999331662,0.0
20,S-Flt1 [µg/L],0.07807744341927,0.008982093693180053,1.0,0.0,1.0
20,S-PLGF [µg/L],0.015491108748983582,0.006821911246063664,11.2,2.5733678754158373,0.0
20,log_sFlt1_PlGF,0.04999906936011786,0.00925947408621668,3.4,1.3498971154211057,0.9
20,sFLT/PLGF,0.05023177363063329,0.00870430441502747,3.5,1.5811388300841898,0.8
21,Art ut. D-Peak Systolic Velocity [PSV],0.005358177369839694,0.0025823837974563524,16.9,2.4698178070456938,0.0
21,Art ut. D-pulsatility index [PI],0.01851473064710201,0.0054056122081741,8.6,2.0110804171997807,0.0
21,Art ut. D-resistance index [RI],0.004893353641040946,0.002202150025235911,17.5,2.2236106773543893,0.0
21,Art ut. L-Peak Systolic Velocity [PSV],0.00662005013522342,0.006713647554410985,16.8,5.513619500836089,0.0
21,Art ut. L-pulsatility index [PI],0.019737727214803,0.00450148474625424,8.0,1.1547005383792515,0.0
21,Art ut. L-resistance index [RI],0.007815704012722849,0.006488964008610653,15.0,5.0771820705759385,0.0
21,BMI [kg/m²],0.026324801826447676,0.011553487629813052,6.8,1.9321835661585915,0.1
21,Bilateral notch,0.00827789609085275,0.004135745753136778,14.6,2.7162065049951147,0.0
21,Doppler_Angiogenic_Index,0.039985590338534396,0.008418444531176763,4.5,0.8498365855987975,0.9
21,Materna age [years],0.003599143483821455,0.0031846743472366866,18.3,2.9832867780352594,0.0
21,Maternal hight [m],0.004759269184767155,0.0019753014319639235,17.6,2.366431913239846,0.0
21,Mean PI,0.020099105187898203,0.002660145026046261,7.9,1.1972189997378644,0.0
21,Mean PSV,0.010446825239091179,0.003459395353916091,12.3,1.8885620632287061,0.0
21,Mean RI,0.006512664072519184,0.0029462441160488803,15.4,2.756809750418044,0.0
21,Parity,0.0021438306267849367,0.0016874827423063107,20.1,2.183269719175042,0.0
21,PlGF_Doppler_Discordance,0.015061712107657707,0.008160564049721646,11.1,3.212821536005731,0.0
21,Placental_Dysfunction_Score,0.04902287239533689,0.011785237187226433,3.1,1.286683937707919,1.0
21,Pre-pregnancy weight [kg],0.004866239761895397,0.004137347012684994,17.7,3.529242915351047,0.0
21,S-Flt1 [µg/L],0.07551379970594121,0.007107540218528511,1.0,0.0,1.0
21,S-PLGF [µg/L],0.009601209553561437,0.0039044359829141185,13.1,3.1073389830457114,0.0
21,log_sFlt1_PlGF,0.05143397647707176,0.0088027243336384,3.0,0.816496580927726,1.0
21,sFLT/PLGF,0.04674968082291435,0.007093771251959539,3.7,1.2516655570345725,1.0
22,Art ut. D-Peak Systolic Velocity [PSV],0.015359964877343427,0.011301290764812065,11.7,4.243949942107129,0.1
22,Art ut. D-pulsatility index [PI],0.022572422443301685,0.007089439477019301,8.3,2.79085809185793,0.0
22,Art ut. D-resistance index [RI],0.00864517810763907,0.0026455776643260196,15.0,2.7487370837451075,0.0
22,Art ut. L-Peak Systolic Velocity [PSV],0.004315116108263651,0.0035715534095215776,17.9,3.178049716414141,0.0
22,Art ut. L-pulsatility index [PI],0.021396116989830648,0.007381707236459697,8.4,2.0110804171997807,0.1
22,Art ut. L-resistance index [RI],0.010373499255423083,0.006572076672724622,14.3,4.4484703987875305,0.0
22,BMI [kg/m²],0.009617443310721622,0.010257556157035599,15.3,4.922736366426028,0.0
22,Bilateral notch,0.009733202458901784,0.002559833279105466,14.0,2.449489742783178,0.0
22,Doppler_Angiogenic_Index,0.043879335840413466,0.009006352109669526,4.4,1.1737877907772671,0.9
22,Materna age [years],0.004921868682882335,0.003190645182988085,18.4,2.458545188611437,0.0
22,Maternal hight [m],0.002947586242255982,0.002309479545575612,19.9,1.4491376746189437,0.0
22,Mean PI,0.02479914647732765,0.007545954756732806,7.4,1.7126976771553506,0.1
22,Mean PSV,0.013128571962474227,0.0037190050712351493,11.6,2.4585451886114367,0.0
22,Mean RI,0.008555838453271288,0.003976135945630153,14.9,3.3813212407775355,0.0
22,Parity,0.0011943266774089212,0.0008286124419186103,20.8,1.1352924243950933,0.0
22,PlGF_Doppler_Discordance,0.017944989202802953,0.005075155952839357,9.8,2.6161889160464775,0.0
22,Placental_Dysfunction_Score,0.06146349486724867,0.007486539526073292,1.9,0.31622776601683794,1.0
22,Pre-pregnancy weight [kg],0.0047751512811571835,0.0035553274676005994,18.2,2.820559440174157,0.0
22,S-Flt1 [µg/L],0.07207651311119331,0.007303417335805705,1.3,0.9486832980505138,1.0
22,S-PLGF [µg/L],0.014509767654346806,0.00507770530822992,11.4,3.687817782917155,0.0
22,log_sFlt1_PlGF,0.04551788175197584,0.01027435938114884,3.9,1.286683937707919,0.9
22,sFLT/PLGF,0.044728927188092855,0.01050795834783222,4.2,1.3165611772087666,0.9
23,Art ut. D-Peak Systolic Velocity [PSV],0.004387765951048665,0.0036001744180210638,17.1,3.725288952252936,0.0
23,Art ut. D-pulsatility index [PI],0.011435160410022597,0.006265146006854404,10.5,4.719934086168766,0.0
23,Art ut. D-resistance index [RI],0.0018746712998779732,0.0017703240644986397,19.3,1.9465068427541923,0.0
23,Art ut. L-Peak Systolic Velocity [PSV],0.003975627592290079,0.001836793572152321,16.4,2.118699810942761,0.0
23,Art ut. L-pulsatility index [PI],0.017628099635341697,0.008489064121041997,7.5,2.718251071716682,0.3
23,Art ut. L-resistance index [RI],0.0029440954039522066,0.0023442381657601866,18.3,2.9078437983419185,0.0
23,BMI [kg/m²],0.02847927149900421,0.009618797379220875,5.0,2.6666666666666665,0.6
23,Bilateral notch,0.00824022625457234,0.0031656773884097423,12.1,2.2335820757001272,0.0
23,Doppler_Angiogenic_Index,0.009661982293054214,0.007583827446725675,13.0,4.546060565661952,0.0
23,Materna age [years],0.0016755349415200536,0.0012313249922798375,19.7,2.2135943621178655,0.0
23,Maternal hight [m],0.00929565181064636,0.005681750199808197,13.4,4.168666186896929,0.0
23,Mean PI,0.01670708599026203,0.004944870398555892,7.5,2.5055493963954847,0.1
23,Mean PSV,0.01467920914082479,0.00749057061443401,9.4,3.3065591380365986,0.1
23,Mean RI,0.006041074834415488,0.002975436948320844,14.9,3.142893217686178,0.0
23,Parity,0.0027019477475034403,0.0022747566043479625,18.5,3.2058973436118907,0.0
23,PlGF_Doppler_Discordance,0.010288779772020884,0.004095293075773407,11.5,2.6352313834736494,0.0
23,Placental_Dysfunction_Score,0.03577892878367191,0.009717789824017303,4.1,2.0248456731316584,0.8
23,Pre-pregnancy weight [kg],0.006079466942301072,0.006040217213570274,16.3,4.270050741306634,0.0
23,S-Flt1 [µg/L],0.04912886931060952,0.020140889272763075,3.1,4.701063709417264,0.9
23,S-PLGF [µg/L],0.014968373631027945,0.009444986944975564,9.8,4.685675570881488,0.3
23,log_sFlt1_PlGF,0.046673608691394766,0.014731204194711574,2.7,1.3374935098492584,1.0
23,sFLT/PLGF,0.04660437730594073,0.01509586655954821,2.9,1.3703203194062976,0.9
24,Art ut. D-Peak Systolic Velocity [PSV],0.006368023038839039,0.0038142054019355423,15.6,3.9496835316263,0.0
24,Art ut. D-pulsatility index [PI],0.011640174538578229,0.005659394287579207,12.0,3.8005847503304606,0.0
24,Art ut. D-resistance index [RI],0.003909081334674854,0.002926494800487728,17.9,2.5144029554194818,0.0
24,Art ut. L-Peak Systolic Velocity [PSV],0.00862912370185664,0.004111768704447177,13.5,3.5978388574871505,0.0
24,Art ut. L-pulsatility index [PI],0.01412028199269221,0.007382147381954778,10.7,3.945461527713414,0.1
24,Art ut. L-resistance index [RI],0.0023967012180485464,0.002490447833725744,19.2,3.2591750830880843,0.0
24,BMI [kg/m²],0.028872886713193508,0.011097579157515797,5.4,2.2211108331943574,0.5
24,Bilateral notch,0.005717702152887093,0.0036445391642168064,15.4,3.502380143083652,0.0
24,Doppler_Angiogenic_Index,0.012648585274536859,0.009652133856996464,12.1,5.486346689738081,0.0
24,Materna age [years],0.0039048572927677288,0.00291830489174197,17.5,3.3747427885527643,0.0
24,Maternal hight [m],0.006175675211804798,0.003951130134901076,15.5,4.249182927993988,0.0
24,Mean PI,0.016456811357259057,0.006838003380197931,8.7,3.2335051500740732,0.0
24,Mean PSV,0.014374369765039138,0.013807355247128826,12.3,5.8509258526606995,0.1
24,Mean RI,0.005261737479005806,0.0031363714386865465,15.7,3.802046232695699,0.0
24,Parity,0.002325105553425872,0.001980266895292704,19.3,2.5407785333546005,0.0
24,PlGF_Doppler_Discordance,0.013876971876441537,0.007159576864459467,11.1,4.771442828607157,0.0
24,Placental_Dysfunction_Score,0.03594388818012704,0.006125730001840466,4.0,1.0540925533894594,1.0
24,Pre-pregnancy weight [kg],0.00852280115845221,0.00314313923068071,13.1,3.21282153600573,0.0
24,S-Flt1 [µg/L],0.08157209290912501,0.015819598260637453,1.0,0.0,1.0
24,S-PLGF [µg/L],0.0261969708042565,0.008018898272971907,6.2,3.190262963734773,0.5
24,log_sFlt1_PlGF,0.03782506360749332,0.014167374977804638,4.2,2.3944379994757297,0.8
24,sFLT/PLGF,0.048234045875589514,0.00772348847746314,2.6,0.9660917830792958,1.0
25,Art ut. D-Peak Systolic Velocity [PSV],0.0022762269587918056,0.0018827779876240582,18.2,2.2997584414213788,0.0
25,Art ut. D-pulsatility index [PI],0.012285009537898808,0.006989412700693732,11.2,4.661902329879223,0.0
25,Art ut. D-resistance index [RI],0.003935388534786086,0.0023367308290068757,16.1,2.9981475762358483,0.0
25,Art ut. L-Peak Systolic Velocity [PSV],0.0033162786334999294,0.002208898631545091,17.1,3.3813212407775355,0.0
25,Art ut. L-pulsatility index [PI],0.012908144291909247,0.01089514450743262,12.9,6.41958807955083,0.0
25,Art ut. L-resistance index [RI],0.0022751451928631075,0.000902766267714228,18.3,2.2632326929023936,0.0
25,BMI [kg/m²],0.025159712374092,0.008062140908959297,7.1,1.1972189997378648,0.1
25,Bilateral notch,0.009991850345350741,0.004377746916383882,11.6,2.3190036174568114,0.0
25,Doppler_Angiogenic_Index,0.034724209611416326,0.008787394723224505,5.1,1.370320319406298,0.6
25,Materna age [years],0.006027033705112846,0.004161519029893461,15.0,3.7416573867739413,0.0
25,Maternal hight [m],0.0037342029054054002,0.0023158868315977803,16.3,2.6267851073127395,0.0
25,Mean PI,0.030938367477356777,0.02105525663631111,7.5,5.562773089426212,0.5
25,Mean PSV,0.012439349777973023,0.004530128772404317,10.8,1.4757295747452437,0.0
25,Mean RI,0.0045201391519102425,0.0034910257390695643,15.8,3.9944405810520647,0.0
25,Parity,0.0013924728497745013,0.0010623063991937723,20.0,2.1081851067789192,0.0
25,PlGF_Doppler_Discordance,0.016518002822371994,0.005634184809283087,8.9,1.6633299933166197,0.0
25,Placental_Dysfunction_Score,0.048897638919083095,0.010270595094712731,3.0,1.699673171197595,0.9
25,Pre-pregnancy weight [kg],0.0038657110711319857,0.003070595359981596,16.9,3.7549966711037173,0.0
25,S-Flt1 [µg/L],0.06942838146431406,0.006915627226231536,1.1,0.31622776601683794,1.0
25,S-PLGF [µg/L],0.0113668696877966,0.01064843139087089,12.7,4.47337804249888,0.0
25,log_sFlt1_PlGF,0.04628895100062628,0.008161355967803846,3.2,1.0327955589886444,1.0
25,sFLT/PLGF,0.04230690884495365,0.006901871356046318,4.2,1.0327955589886446,0.9
26,Art ut. D-Peak Systolic Velocity [PSV],0.005564921881017756,0.0037601286095321736,16.7,3.683295625749672,0.0
26,Art ut. D-pulsatility index [PI],0.028779734811110857,0.023786741497114416,9.1,6.04520011616195,0.4
26,Art ut. D-resistance index [RI],0.02952790120148114,0.017427973071732626,8.1,3.8137179293236207,0.2
26,Art ut. L-Peak Systolic Velocity [PSV],0.0017662141408560969,0.0014752272309397846,20.6,1.4298407059684815,0.0
26,Art ut. L-pulsatility index [PI],0.017183883634131557,0.004823987260537652,10.4,2.503331114069145,0.0
26,Art ut. L-resistance index [RI],0.009270014359298867,0.0060197783756461305,14.8,3.7357135269658404,0.0
26,BMI [kg/m²],0.026516625955022514,0.012180113261189873,8.0,2.6666666666666665,0.1
26,Bilateral notch,0.007069672139717259,0.002179064894672034,14.9,2.1317702607092643,0.0
26,Doppler_Angiogenic_Index,0.03696900109196607,0.0074758270476996454,6.0,1.4142135623730951,0.4
26,Materna age [years],0.0036726113659031404,0.0020977860150080373,17.9,2.6853512081497106,0.0
26,Maternal hight [m],0.0026157785451539533,0.0019533143911340052,19.4,2.3664319132398464,0.0
26,Mean PI,0.015598718162067652,0.0028178014917141433,10.8,1.9321835661585915,0.0
26,Mean PSV,0.007411208991549618,0.007173351526857829,16.5,4.32691832858239,0.0
26,Mean RI,0.04067668703776708,0.019250686653386157,5.2,3.4896672875473067,0.6
26,Parity,0.002698217302957375,0.0010932327089664597,19.0,1.4907119849998598,0.0
26,PlGF_Doppler_Discordance,0.01112926107037603,0.007787370649299496,13.5,3.4399612400917157,0.0
26,Placental_Dysfunction_Score,0.044774131566194135,0.009134769186449222,4.6,2.4585451886114367,0.7
26,Pre-pregnancy weight [kg],0.006826828634052746,0.004112811800747092,15.4,3.470510689285432,0.0
26,S-Flt1 [µg/L],0.06897189554772712,0.005522256867408019,1.1,0.31622776601683794,1.0
26,S-PLGF [µg/L],0.014263890303440257,0.008748736640496264,12.4,4.477102237434884,0.0
26,log_sFlt1_PlGF,0.048412999663100996,0.009963820724549289,3.7,2.1628170930011112,0.8
26,sFLT/PLGF,0.04477865536415796,0.00963475409435319,4.9,1.728840330651992,0.8
27,Art ut. D-Peak Systolic Velocity [PSV],0.0029667610717869805,0.0028438673959064993,18.3,3.8600518131237562,0.0
27,Art ut. D-pulsatility index [PI],0.008794734278922406,0.005023948348649017,13.0,3.5901098714230026,0.0
27,Art ut. D-resistance index [RI],0.003294967286747838,0.0021449175585830935,18.5,2.5495097567963922,0.0
27,Art ut. L-Peak Systolic Velocity [PSV],0.002956326254848017,0.002598052348728603,18.2,3.794733192202055,0.0
27,Art ut. L-pulsatility index [PI],0.006657568548397623,0.005996376241743613,15.2,4.871686908385363,0.0
27,Art ut. L-resistance index [RI],0.011105993426211012,0.005186447871946759,11.2,2.6997942308422114,0.0
27,BMI [kg/m²],0.01860722297837032,0.008332108580702949,7.9,2.960855732160327,0.1
27,Bilateral notch,0.008452919345901363,0.0046014800029794585,13.9,3.6347092196090607,0.0
27,Doppler_Angiogenic_Index,0.03505227309355659,0.013687882536193923,4.8,2.2997584414213788,0.8
27,Materna age [years],0.0031000666650630635,0.002437497448415133,17.9,3.2812599206199233,0.0
27,Maternal hight [m],0.0022398254286082144,0.0018321154414613898,19.3,1.9465068427541912,0.0
27,Mean PI,0.009341254524072955,0.005478079790746321,12.0,2.9814239699997196,0.0
27,Mean PSV,0.015655660084694108,0.004999964290653224,8.8,2.1499353995462798,0.0
27,Mean RI,0.00763654559804162,0.0036703204599974316,13.3,3.3349995835415367,0.0
27,Parity,0.0030437594177902183,0.0024944474419935827,17.9,3.1073389830457114,0.0
27,PlGF_Doppler_Discordance,0.015339808296277855,0.014052586987259244,11.7,5.417051268397267,0.0
27,Placental_Dysfunction_Score,0.04241688051518173,0.008793036349057998,3.9,1.1005049346146116,0.9
27,Pre-pregnancy weight [kg],0.012972778378634387,0.012057075184765096,12.0,4.396968652757639,0.1
27,S-Flt1 [µg/L],0.06848535505546563,0.013896966916791828,1.5,1.0801234497346435,1.0
27,S-PLGF [µg/L],0.021916556888131274,0.008816151920999188,7.9,2.1317702607092643,0.1
27,log_sFlt1_PlGF,0.050633779399226975,0.011180926530300306,3.0,1.2472191289246473,1.0
27,sFLT/PLGF,0.05082726911105344,0.011377394307334776,2.8,1.3165611772087666,1.0
28,Art ut. D-Peak Systolic Velocity [PSV],0.0090061659463468,0.0033487393602673874,15.2,2.7406406388125952,0.0
28,Art ut. D-pulsatility index [PI],0.0276069264368169,0.014600652987877605,8.6,5.378971401051816,0.3
28,Art ut. D-resistance index [RI],0.011344472175252508,0.006624206097791171,13.6,4.060651288757617,0.0
28,Art ut. L-Peak Systolic Velocity [PSV],0.004776531096997822,0.0030396885926465347,18.1,2.9608557321603275,0.0
28,Art ut. L-pulsatility index [PI],0.010996632111176304,0.007324818449709272,14.5,4.994441354590566,0.0
28,Art ut. L-resistance index [RI],0.009474548924000289,0.006453127767732251,15.7,3.945461527713414,0.0
28,BMI [kg/m²],0.02450583439495541,0.011669916304459559,8.8,4.211096452627668,0.2
28,Bilateral notch,0.005912947181768599,0.0024436949936303682,17.8,2.5298221281347035,0.0
28,Doppler_Angiogenic_Index,0.02435912890210052,0.012030167914379624,9.0,4.570436400267363,0.3
28,Materna age [years],0.00406945683576221,0.003085126584784767,18.9,2.4698178070456938,0.0
28,Maternal hight [m],0.009310952190937699,0.002840954093705562,14.6,2.7162065049951147,0.0
28,Mean PI,0.05395626827879887,0.022551596360051378,3.5,3.3416562759605704,0.8
28,Mean PSV,0.012230543833928678,0.004726637655184722,13.0,3.1972210155418135,0.0
28,Mean RI,0.03133671157157313,0.019954644312908058,8.0,7.086763875156433,0.5
28,Parity,0.002411347511544489,0.0014807619515790104,20.5,1.3540064007726598,0.0
28,PlGF_Doppler_Discordance,0.007260616366018965,0.005341909531359264,16.3,4.643992535164831,0.0
28,Placental_Dysfunction_Score,0.03617483259213825,0.015169836520513878,5.6,3.0623157540948935,0.6
28,Pre-pregnancy weight [kg],0.01754480931315174,0.005915997042529431,9.6,2.4585451886114367,0.0
28,S-Flt1 [µg/L],0.06354212915970783,0.00606229861855425,1.5,0.5270462766947299,1.0
28,S-PLGF [µg/L],0.01878000878935037,0.010968515116426712,9.9,3.8715486421958967,0.1
28,log_sFlt1_PlGF,0.040633764248779354,0.014191266810360606,4.7,2.406010991015812,0.6
28,sFLT/PLGF,0.03791602274175616,0.012801549872500944,5.6,2.0110804171997807,0.6
29,Art ut. D-Peak Systolic Velocity [PSV],0.009575396051256633,0.00377160064156394,10.6,1.7126976771553502,0.0
29,Art ut. D-pulsatility index [PI],0.010403054208886712,0.007613300839452429,11.3,5.478239782184704,0.0
29,Art ut. D-resistance index [RI],0.0037004742861297428,0.0016981214645350375,16.3,2.496664441476534,0.0
29,Art ut. L-Peak Systolic Velocity [PSV],0.0034232097638870105,0.002021364521900838,16.1,3.510302297840206,0.0
29,Art ut. L-pulsatility index [PI],0.011260053511182255,0.004137043706257984,9.8,3.3928028399998595,0.0
29,Art ut. L-resistance index [RI],0.008180173529844698,0.006688606855636165,12.5,4.453463071962463,0.0
29,BMI [kg/m²],0.009329278081149302,0.007112401953232075,12.0,3.1269438398822866,0.1
29,Bilateral notch,0.009737160458526694,0.003227727052427076,10.1,2.923088169119167,0.0
29,Doppler_Angiogenic_Index,0.027373672097477837,0.004413554342017243,5.1,0.316227766016838,0.9
29,Materna age [years],0.0026921154323469665,0.0017898684624058716,17.8,2.1499353995462798,0.0
29,Maternal hight [m],0.0019836217025309827,0.0017784956204027274,18.8,4.022160834399562,0.0
29,Mean PI,0.006946268159524373,0.006858318227225437,14.5,5.482294734466175,0.0
29,Mean PSV,0.0036817811081000843,0.0033328648332536406,16.7,4.522781838156197,0.0
29,Mean RI,0.009777773306147352,0.0056340464758191525,10.4,4.550946177566937,0.0
29,Parity,0.000993567848588488,0.0007537572668803545,20.6,0.9660917830792958,0.0
29,PlGF_Doppler_Discordance,0.007405852028049842,0.004755050397764103,13.2,3.3598941782277745,0.0
29,Placental_Dysfunction_Score,0.04587325972652627,0.007281308163600407,2.9,0.9944289260117533,1.0
29,Pre-pregnancy weight [kg],0.005902600278854264,0.005342171310581476,14.6,5.146735750831676,0.0
29,S-Flt1 [µg/L],0.1431028909452635,0.01848416041108801,1.0,0.0,1.0
29,S-PLGF [µg/L],0.009325095928565631,0.006705230517408755,12.6,5.660781257427675,0.0
29,log_sFlt1_PlGF,0.047483367672341986,0.014866618554349302,3.3,0.9486832980505138,1.0
29,sFLT/PLGF,0.048277797239289044,0.009704466886976073,2.8,0.421637021355784,1.0
30,Art ut. D-Peak Systolic Velocity [PSV],0.004704507852616552,0.0023375523736147872,16.3,2.79085809185793,0.0
30,Art ut. D-pulsatility index [PI],0.00804465701083189,0.004914115418253829,13.5,2.8771127502720115,0.0
30,Art ut. D-resistance index [RI],0.00702342627991444,0.005428608409376905,14.6,4.477102237434884,0.0
30,Art ut. L-Peak Systolic Velocity [PSV],0.006310186483339954,0.00461848991825211,15.7,4.347413023856832,0.0
30,Art ut. L-pulsatility index [PI],0.012575256257491946,0.00669302004635812,11.1,3.3813212407775355,0.0
30,Art ut. L-resistance index [RI],0.002917857058740329,0.0020327441038327696,17.7,2.9832867780352594,0.0
30,BMI [kg/m²],0.041109205098213385,0.019164934522595406,5.5,2.6352313834736494,0.6
30,Bilateral notch,0.006652079720991884,0.004148812066706037,14.2,2.5298221281347026,0.0
30,Doppler_Angiogenic_Index,0.043086783237567046,0.007125038487688639,4.6,1.5055453054181622,0.6
30,Materna age [years],0.0029959942254046412,0.0014603604521048511,17.9,2.8067379246694513,0.0
30,Maternal hight [m],0.001876351322428715,0.0012477678482351365,19.6,1.349897115421106,0.0
30,Mean PI,0.007280156770687033,0.005790206939081767,14.8,4.638007234913623,0.0
30,Mean PSV,0.018981439486432085,0.00890471308569692,9.2,1.873795909674026,0.0
30,Mean RI,0.0032486772785953874,0.002747336218837535,18.1,3.478505426185217,0.0
30,Parity,0.001928133556451391,0.0018162363242666098,19.2,2.8205594401741565,0.0
30,PlGF_Doppler_Discordance,0.0198134867544272,0.005041986820129358,7.8,0.9189365834726815,0.0
30,Placental_Dysfunction_Score,0.04878944521494615,0.010611791168029466,4.2,1.2292725943057183,0.9
30,Pre-pregnancy weight [kg],0.010238584957351563,0.006708818377363002,12.9,3.7844711945293263,0.0
30,S-Flt1 [µg/L],0.12472154848580139,0.016462496914612677,1.0,0.0,1.0
30,S-PLGF [µg/L],0.01976668301093741,0.007926319235388342,8.6,1.897366596101028,0.0
30,log_sFlt1_PlGF,0.05525645344672375,0.009723125680550991,3.0,1.05409255338946,1.0
30,sFLT/PLGF,0.05100088310588289,0.00798393535547019,3.5,1.4337208778404378,0.9
31,Art ut. D-Peak Systolic Velocity [PSV],0.01974683053198123,0.011301037889096609,7.7,4.667856991049414,0.4
31,Art ut. D-pulsatility index [PI],0.008817065044311212,0.006776092077016926,12.5,5.0387388192769915,0.1
31,Art ut. D-resistance index [RI],0.005226412032034683,0.005232617818771504,16.6,5.378971401051816,0.1
31,Art ut. L-Peak Systolic Velocity [PSV],0.010560816186503189,0.0055703275863442005,11.4,5.378971401051816,0.0
31,Art ut. L-pulsatility index [PI],0.010389108380331875,0.007170764069320883,12.1,6.789698078707182,0.1
31,Art ut. L-resistance index [RI],0.005768791653734867,0.003170471892524609,15.3,2.8693785622209793,0.0
31,BMI [kg/m²],0.06012073017832391,0.007896484630455848,1.1,0.31622776601683794,1.0
31,Bilateral notch,0.008210998361659403,0.003255755932996575,12.7,5.2925524193068805,0.1
31,Doppler_Angiogenic_Index,0.011359704661058703,0.006838056569188418,11.3,4.8545511292669135,0.1
31,Materna age [years],0.0052002574197916275,0.0025505901565142826,16.0,3.431876713662333,0.0
31,Maternal hight [m],0.004596711106398173,0.005434402726988747,17.0,4.944132324730441,0.1
31,Mean PI,0.007836318050601213,0.0069211154241365464,14.3,4.4484703987875305,0.0
31,Mean PSV,0.029395661696654203,0.01062760606603873,4.0,2.9059326290271157,0.9
31,Mean RI,0.005146266527465046,0.003522868791306468,15.9,3.7252889522529355,0.0
31,Parity,0.002473013661634537,0.0021233305523051817,19.8,1.873795909674026,0.0
31,PlGF_Doppler_Discordance,0.00768997156694098,0.004537133033113253,13.8,3.359894178227773,0.0
31,Placental_Dysfunction_Score,0.01516031625813095,0.011565103794841264,10.2,6.106462878695726,0.2
31,Pre-pregnancy weight [kg],0.026317616403230236,0.010454581368074672,5.4,4.880801391392834,0.8
31,S-Flt1 [µg/L],0.031098496691451493,0.018954880058499907,5.4,5.168279318217148,0.7
31,S-PLGF [µg/L],0.010342753699842774,0.006342256390292659,11.5,4.743416490252569,0.0
31,log_sFlt1_PlGF,0.01759770357051193,0.013975337519635662,8.3,5.056349144063003,0.3
31,sFLT/PLGF,0.013956025526055618,0.011027070400978223,10.7,5.618422079789543,0.1
32,Art ut. D-Peak Systolic Velocity [PSV],0.021484180835986685,0.009322125828911124,7.2,2.6161889160464775,0.2
32,Art ut. D-pulsatility index [PI],0.03432407586705788,0.0077992762760728035,4.2,1.5491933384829668,0.7
32,Art ut. D-resistance index [RI],0.0027886279204878,0.0017257657232920174,19.7,1.3374935098492582,0.0
32,Art ut. L-Peak Systolic Velocity [PSV],0.004807567121205076,0.002931905103306299,17.3,3.7133393177689658,0.0
32,Art ut. L-pulsatility index [PI],0.017074071774002574,0.00785827070532291,9.1,3.178049716414141,0.1
32,Art ut. L-resistance index [RI],0.005459848301457285,0.001865270600517852,16.4,2.7568097504180447,0.0
32,BMI [kg/m²],0.008274980658793831,0.005925436576779737,14.3,4.620004810002306,0.0
32,Bilateral notch,0.014163729163004641,0.005291806942265903,10.0,2.309401076758503,0.0
32,Doppler_Angiogenic_Index,0.041122324526581135,0.007679180528731306,2.5,0.97182531580755,1.0
32,Materna age [years],0.0027164353854370825,0.002283013527426606,19.2,2.936362072739365,0.0
32,Maternal hight [m],0.0029921509267770117,0.002281723249386794,18.9,2.0248456731316584,0.0
32,Mean PI,0.014607900350676961,0.007089235685636683,10.4,2.7568097504180447,0.0
32,Mean PSV,0.025707372730759338,0.010115707557151455,6.5,3.5668224265054493,0.5
32,Mean RI,0.0052785420522705575,0.0027139832323985094,16.1,3.2472210341220142,0.0
32,Parity,0.0032314949254992386,0.0024687789980244374,18.8,2.250925735484552,0.0
32,PlGF_Doppler_Discordance,0.019407574267269717,0.006418412017343111,7.8,1.7511900715418263,0.2
32,Placental_Dysfunction_Score,0.030372350644886154,0.005784654856833123,4.9,1.4491376746189437,0.7
32,Pre-pregnancy weight [kg],0.011181330352856893,0.005867200816396683,12.1,3.900142447541001,0.1
32,S-Flt1 [µg/L],0.10415647833780159,0.01753354637526785,1.0,0.0,1.0
32,S-PLGF [µg/L],0.008325789623651395,0.007260611203813474,14.5,4.352521619066865,0.0
32,log_sFlt1_PlGF,0.018288520386454246,0.013048286137908859,9.5,4.8362060428489695,0.3
32,sFLT/PLGF,0.01288881818173906,0.011155889856834808,12.6,5.94792213951879,0.2
33,Art ut. D-Peak Systolic Velocity [PSV],0.005213062435770641,0.004072928528340746,15.0,3.6817870057290873,0.0
33,Art ut. D-pulsatility index [PI],0.0075275273859433086,0.005735080735181992,13.7,3.9171985454460234,0.0
33,Art ut. D-resistance index [RI],0.005686924561135692,0.006298284640331233,16.1,4.701063709417263,0.0
33,Art ut. L-Peak Systolic Velocity [PSV],0.0055881058438199075,0.005249559542159983,15.2,4.3410188256265885,0.0
33,Art ut. L-pulsatility index [PI],0.010340458567012937,0.006464733808082403,11.5,4.034572812303401,0.0
33,Art ut. L-resistance index [RI],0.003102212754964998,0.001915355562099775,17.6,2.4585451886114367,0.0
33,BMI [kg/m²],0.04351464582913779,0.01693922786554275,4.2,1.751190071541826,0.8
33,Bilateral notch,0.008954060677489249,0.0027587402218774426,11.1,1.8529256146249726,0.0
33,Doppler_Angiogenic_Index,0.027127061037184153,0.0066711160697634775,6.4,0.6992058987801009,0.1
33,Materna age [years],0.003310639005309856,0.0028234614140813835,17.0,4.189935029992179,0.0
33,Maternal hight [m],0.0026639694279770227,0.0020254925825918158,17.9,2.4244128727957572,0.0
33,Mean PI,0.0042278697784660455,0.003083613968323845,16.2,3.2930904093942583,0.0
33,Mean PSV,0.006697426604622953,0.0027250791670147033,13.4,2.7568097504180447,0.0
33,Mean RI,0.008883987122415227,0.006062198917232505,13.4,4.427188724235731,0.0
33,Parity,0.000997183492900712,0.000780827716153952,21.0,1.825741858350554,0.0
33,PlGF_Doppler_Discordance,0.006162523095499036,0.006046157593861315,15.0,4.784233364802441,0.0
33,Placental_Dysfunction_Score,0.04699035690554827,0.006448871416622531,3.3,1.0593499054713804,1.0
33,Pre-pregnancy weight [kg],0.02240704530603313,0.013284905697072098,8.0,4.0,0.2
33,S-Flt1 [µg/L],0.13141405362503727,0.014893551479213259,1.0,0.0,1.0
33,S-PLGF [µg/L],0.014696103980193304,0.0060366516816936855,9.0,2.0000000000000004,0.0
33,log_sFlt1_PlGF,0.04865815961073071,0.011310854604011631,3.4,1.2649110640673518,1.0
33,sFLT/PLGF,0.046587199547507986,0.009337873121100146,3.6,1.1737877907772671,0.9
34,Art ut. D-Peak Systolic Velocity [PSV],0.030993329692726418,0.012362256173308162,5.2,3.3928028399998595,0.7
34,Art ut. D-pulsatility index [PI],0.026236258202421352,0.013132223420712514,6.6,4.6475800154488995,0.6
34,Art ut. D-resistance index [RI],0.0033431431030556485,0.0027743276885208224,18.4,2.716206504995115,0.0
34,Art ut. L-Peak Systolic Velocity [PSV],0.01442936975474167,0.004651562115561319,10.2,3.425395354310701,0.1
34,Art ut. L-pulsatility index [PI],0.014622533083648937,0.004433110054692333,10.3,2.406010991015812,0.0
34,Art ut. L-resistance index [RI],0.00922773840876448,0.004279696728082903,14.3,3.5605867181937554,0.0
34,BMI [kg/m²],0.009519815885587472,0.008816107748116642,14.8,5.573747990954262,0.0
34,Bilateral notch,0.012206963522977402,0.005390877165145892,12.4,3.3730961708462712,0.0
34,Doppler_Angiogenic_Index,0.03187393709078481,0.0043970659345322,4.3,1.0593499054713802,0.8
34,Materna age [years],0.005308254128501987,0.002941731073309699,17.5,2.223610677354389,0.0
34,Maternal hight [m],0.003289943547446743,0.002239730727053538,18.3,2.3118054512532935,0.0
34,Mean PI,0.011737421535004747,0.007137681230974347,12.2,4.685675570881488,0.0
34,Mean PSV,0.044353897904479175,0.01640439825611434,3.2,1.9321835661585918,0.9
34,Mean RI,0.002704078948274951,0.003345404345138352,19.1,3.6347092196090616,0.0
34,Parity,0.0015705756871644255,0.0008667534131846814,20.1,1.4491376746189437,0.0
34,PlGF_Doppler_Discordance,0.010338675167510445,0.003607521736294876,13.2,3.011090610836324,0.0
34,Placental_Dysfunction_Score,0.025329857769645015,0.009152032222685184,6.3,3.093002855909879,0.6
34,Pre-pregnancy weight [kg],0.02371627599951393,0.007217308746227862,6.5,2.41522945769824,0.2
34,S-Flt1 [µg/L],0.0876364052248741,0.01401786251087846,1.0,0.0,1.0
34,S-PLGF [µg/L],0.013508503333755435,0.004488296039961901,10.9,3.4140233677518315,0.0
34,log_sFlt1_PlGF,0.01176262691258367,0.008611394798582155,12.9,5.626327003965869,0.1
34,sFLT/PLGF,0.008387965772112803,0.007687343394995479,15.3,5.207899981971833,0.0
35,Art ut. D-Peak Systolic Velocity [PSV],0.0028745579912531484,0.002105641681510094,17.9,3.1428932176861775,0.0
35,Art ut. D-pulsatility index [PI],0.020261272571900506,0.007225094698703227,8.0,2.260776661041756,0.0
35,Art ut. D-resistance index [RI],0.00538393760461542,0.0028947034524383934,15.0,2.5385910352879693,0.0
35,Art ut. L-Peak Systolic Velocity [PSV],0.002927718369369064,0.004374206641716605,18.9,4.040077006966851,0.0
35,Art ut. L-pulsatility index [PI],0.012678499590921544,0.009160741403442044,11.2,3.823901439919996,0.0
35,Art ut. L-resistance index [RI],0.005032805657060259,0.001824129194876225,15.1,2.960855732160327,0.0
35,BMI [kg/m²],0.022233118410470022,0.005129771228462632,7.2,1.0327955589886444,0.1
35,Bilateral notch,0.0076053272141586815,0.00224625738445985,13.2,1.4757295747452437,0.0
35,Doppler_Angiogenic_Index,0.031043851702061996,0.00613059418737875,5.3,0.8232726023485646,0.7
35,Materna age [years],0.001898098474764498,0.0018820209972956348,20.2,1.9888578520235063,0.0
35,Maternal hight [m],0.002738770845949442,0.0015537972655784533,18.3,1.9465068427541912,0.0
35,Mean PI,0.010629004821495933,0.006121207665733818,12.6,3.098386676965933,0.0
35,Mean PSV,0.003293364697506828,0.003072628033569936,17.8,3.583914681524163,0.0
35,Mean RI,0.004986052698478823,0.002782160913045064,15.7,2.1628170930011112,0.0
35,Parity,0.0020611713945814904,0.0018957036579501665,19.1,2.183269719175042,0.0
35,PlGF_Doppler_Discordance,0.013008142804558798,0.003961071153059263,10.6,1.9550504398153574,0.0
35,Placental_Dysfunction_Score,0.0520631184453391,0.009176926834666055,3.1,0.9944289260117533,1.0
35,Pre-pregnancy weight [kg],0.01845516814215999,0.00705363646471736,8.6,2.3190036174568114,0.1
35,S-Flt1 [µg/L],0.12454361024685383,0.021481579863028344,1.0,0.0,1.0
35,S-PLGF [µg/L],0.01853049819452534,0.0072447912420666,8.2,2.0976176963403033,0.1
35,log_sFlt1_PlGF,0.056685092371919474,0.011117617715250168,2.9,0.7378647873726217,1.0
35,sFLT/PLGF,0.054774476246721104,0.009214091947120416,3.1,0.9944289260117531,1.0
36,Art ut. D-Peak Systolic Velocity [PSV],0.004651129806549017,0.003067502881582987,17.2,3.084008934992101,0.0
36,Art ut. D-pulsatility index [PI],0.017437955771278536,0.0096385141835656,10.3,3.683295625749672,0.1
36,Art ut. D-resistance index [RI],0.00449540759400297,0.0033120126852486933,17.7,3.2335051500740732,0.0
36,Art ut. L-Peak Systolic Velocity [PSV],0.012800430173335254,0.009884527205271906,12.7,4.9899899799498595,0.1
36,Art ut. L-pulsatility index [PI],0.014434731122037173,0.010103389154280645,10.8,4.917090377222873,0.1
36,Art ut. L-resistance index [RI],0.004999921426286092,0.0039128056080835775,17.3,2.9832867780352594,0.0
36,BMI [kg/m²],0.038874167793159914,0.012007070496672089,4.4,2.1186998109427604,0.8
36,Bilateral notch,0.010804312023373697,0.004103385819340807,12.6,2.590581230363393,0.0
36,Doppler_Angiogenic_Index,0.026572125431673255,0.005222458207993333,6.1,1.1005049346146119,0.2
36,Materna age [years],0.002222562705527358,0.0018190820710422993,19.4,2.1705094128132942,0.0
36,Maternal hight [m],0.002940280576172307,0.0006697414512104752,18.3,1.2516655570345725,0.0
36,Mean PI,0.01149696214462511,0.0057276878824954235,12.1,2.960855732160327,0.0
36,Mean PSV,0.006090217347902674,0.0031329770097486558,16.2,2.936362072739365,0.0
36,Mean RI,0.005384006502668477,0.0038275051228125064,16.7,2.7908580918579298,0.0
36,Parity,0.0013746475334041673,0.0011569994142359111,20.4,2.0655911179772897,0.0
36,PlGF_Doppler_Discordance,0.018083850754662366,0.004721333921665503,9.7,2.110818693198342,0.0
36,Placental_Dysfunction_Score,0.04718880385850781,0.006254341930450532,2.4,0.5163977794943221,1.0
36,Pre-pregnancy weight [kg],0.019771966811630876,0.005125781019012135,9.0,1.9436506316151,0.0
36,S-Flt1 [µg/L],0.10955447705169614,0.014347237697281731,1.0,0.0,1.0
36,S-PLGF [µg/L],0.01963162312539036,0.006623055030951275,8.9,3.6040101122068022,0.1
36,log_sFlt1_PlGF,0.036602214814539714,0.01148388454436354,4.4,2.065591117977289,0.8
36,sFLT/PLGF,0.033271725739498305,0.01141140101123384,5.4,3.8930136855083823,0.8
37,Art ut. D-Peak Systolic Velocity [PSV],0.005947703283088047,0.0044972833704412345,14.1,4.90917508345343,0.0
37,Art ut. D-pulsatility index [PI],0.015839543096099848,0.009810508256906252,8.8,4.022160834399561,0.2
37,Art ut. D-resistance index [RI],0.004027191828272457,0.00384678983694014,16.2,4.211096452627668,0.0
37,Art ut. L-Peak Systolic Velocity [PSV],0.003491739982901934,0.0013005276671849116,16.3,2.5407785333546,0.0
37,Art ut. L-pulsatility index [PI],0.013004911851491802,0.008034559180411313,10.4,3.405877273185281,0.0
37,Art ut. L-resistance index [RI],0.005139529956206439,0.004605143223183452,14.9,5.384133067531753,0.0
37,BMI [kg/m²],0.00519066597722949,0.0049199425923661284,15.3,4.8545511292669135,0.0
37,Bilateral notch,0.008875988694276953,0.0032840023473144817,10.6,2.913569784454954,0.0
37,Doppler_Angiogenic_Index,0.02877625337557411,0.0048726584239248165,5.5,0.7071067811865475,0.6
37,Materna age [years],0.0018022417027005854,0.0014919610068799152,19.0,3.0912061651652345,0.0
37,Maternal hight [m],0.00353842473299327,0.002285494040307436,16.5,3.100179206289712,0.0
37,Mean PI,0.006268189566874518,0.003670754288516374,13.3,4.056544780420346,0.0
37,Mean PSV,0.0079229218413126,0.0030413204449073914,11.8,3.32665998663324,0.0
37,Mean RI,0.002574075765523747,0.0017786860409864257,17.9,3.071373199943852,0.0
37,Parity,0.0011833781783358774,0.0008433609491501237,20.1,1.3703203194062976,0.0
37,PlGF_Doppler_Discordance,0.005791540114116242,0.003660394566224747,14.0,3.8297084310253524,0.0
37,Placental_Dysfunction_Score,0.05214906101415917,0.011337890138858626,2.9,0.8755950357709131,1.0
37,Pre-pregnancy weight [kg],0.0135312953078691,0.00991218156302944,9.0,2.943920288775949,0.2
37,S-Flt1 [µg/L],0.14169449855349664,0.00972994835827793,1.0,0.0,1.0
37,S-PLGF [µg/L],0.01887177532578928,0.01093758528405964,9.0,4.944132324730441,0.1
37,log_sFlt1_PlGF,0.04840323813638338,0.011423339675819669,2.8,1.0327955589886444,1.0
37,sFLT/PLGF,0.04707179942844079,0.011281761148511225,3.6,1.07496769977314,0.9
38,Art ut. D-Peak Systolic Velocity [PSV],0.00710586691065705,0.0024387911230421035,12.8,2.6161889160464784,0.0
38,Art ut. D-pulsatility index [PI],0.016248190225735308,0.009064499306289006,8.7,2.263232692902394,0.1
38,Art ut. D-resistance index [RI],0.0019446295929678777,0.001544371985457423,18.4,3.438345855527367,0.0
38,Art ut. L-Peak Systolic Velocity [PSV],0.003916840295894104,0.0024660821282713524,16.4,2.836272984824353,0.0
38,Art ut. L-pulsatility index [PI],0.014430105551956191,0.005699839190502006,9.1,2.0248456731316593,0.0
38,Art ut. L-resistance index [RI],0.004800726631183363,0.004784230619963442,15.6,4.141926551202419,0.0
38,BMI [kg/m²],0.03409892483884048,0.008096487830280344,5.2,1.6865480854231356,0.6
38,Bilateral notch,0.007288320443179086,0.0037939324237594076,12.2,2.250925735484551,0.0
38,Doppler_Angiogenic_Index,0.027233506499733627,0.0035709598337292964,6.0,0.6666666666666666,0.2
38,Materna age [years],0.0026729622980637396,0.001840717211583535,17.4,3.025814858109391,0.0
38,Maternal hight [m],0.0018039418171450332,0.0014980105376432415,19.0,2.260776661041756,0.0
38,Mean PI,0.005123392385569097,0.005793663557387396,16.5,4.006938426723769,0.0
38,Mean PSV,0.002375033683497162,0.0019178098610790435,18.6,2.170509412813294,0.0
38,Mean RI,0.0036774299438470047,0.0018488808076586153,15.8,2.2997584414213783,0.0
38,Parity,0.0016433886710552268,0.0014142534432425914,19.5,1.6499158227686108,0.0
38,PlGF_Doppler_Discordance,0.006631301108577806,0.004971762247883161,14.4,4.033195589934446,0.0
38,Placental_Dysfunction_Score,0.047145927776428544,0.007749275146308183,3.3,1.0593499054713802,1.0
38,Pre-pregnancy weight [kg],0.018550198958067005,0.007488893495294663,8.6,1.776388345929897,0.0
38,S-Flt1 [µg/L],0.12851542516524397,0.013874748734665644,1.0,0.0,1.0
38,S-PLGF [µg/L],0.017912463874879322,0.005917022496854847,8.3,1.702938636592639,0.1
38,log_sFlt1_PlGF,0.05138639486417963,0.013742318599593902,3.1,1.1005049346146119,1.0
38,sFLT/PLGF,0.049498178284123076,0.01015870060733812,3.1,0.7378647873726218,1.0
39,Art ut. D-Peak Systolic Velocity [PSV],0.00685531097947374,0.0035339754134265365,14.9,3.178049716414141,0.0
39,Art ut. D-pulsatility index [PI],0.012657593351561146,0.00933059453527294,11.2,4.315347288715269,0.1
39,Art ut. D-resistance index [RI],0.003514588996770489,0.002052143380590809,17.6,2.221110833194357,0.0
39,Art ut. L-Peak Systolic Velocity [PSV],0.0028973342130474504,0.0023157568858688956,18.0,2.98142396999972,0.0
39,Art ut. L-pulsatility index [PI],0.012900836188978495,0.0072965295400584974,11.7,4.522781838156198,0.0
39,Art ut. L-resistance index [RI],0.00487612739283398,0.0025312562345861118,16.5,2.592724864350674,0.0
39,BMI [kg/m²],0.05040405830220688,0.01485601012740212,3.2,1.3165611772087669,1.0
39,Bilateral notch,0.012882104140810985,0.0034268949690015936,10.4,1.349897115421106,0.0
39,Doppler_Angiogenic_Index,0.02520003700785507,0.004054460183480604,6.7,0.9486832980505137,0.0
39,Materna age [years],0.003026597320705284,0.0026857311102590127,19.0,3.7712361663282543,0.0
39,Maternal hight [m],0.0025882930025585256,0.0019002560904982247,18.7,2.3118054512532935,0.0
39,Mean PI,0.009862327815716783,0.007699589435391816,13.1,4.121757985239902,0.0
39,Mean PSV,0.01114070278303744,0.0054426929659707945,12.1,3.9001424475410014,0.0
39,Mean RI,0.0035937765454579725,0.0026706935314770373,17.6,3.0258148581093907,0.0
39,Parity,0.0022546371162035293,0.0018841988884837667,19.4,1.6465452046971292,0.0
39,PlGF_Doppler_Discordance,0.011746265238925687,0.0068243370977100525,12.0,3.6514837167011076,0.0
39,Placental_Dysfunction_Score,0.043802825399891256,0.006240569128325311,3.7,1.1595018087284057,1.0
39,Pre-pregnancy weight [kg],0.01284822459424723,0.007032855924547132,10.9,4.094712037087183,0.0
39,S-Flt1 [µg/L],0.1402483410458392,0.01825578591081643,1.0,0.0,1.0
39,S-PLGF [µg/L],0.02013396154760657,0.005831265085777056,8.1,1.7288403306519917,0.0
39,log_sFlt1_PlGF,0.0462257158435404,0.010178133858961732,3.5,1.509230856356236,0.9
39,sFLT/PLGF,0.04487815763914796,0.005310461556869893,3.7,0.6749485577105528,1.0
40,Art ut. D-Peak Systolic Velocity [PSV],0.014671153170955858,0.006475385664840988,12.0,3.197221015541813,0.0
40,Art ut. D-pulsatility index [PI],0.023899882873606358,0.005391220060050559,7.5,2.3213980461973533,0.1
40,Art ut. D-resistance index [RI],0.004296754489546391,0.0025739943902619807,18.8,1.6193277068654828,0.0
40,Art ut. L-Peak Systolic Velocity [PSV],0.006369353641387403,0.0033968896667447555,17.8,2.573367875415838,0.0
40,Art ut. L-pulsatility index [PI],0.01540584904099368,0.007417371602943219,11.8,3.7058512292499457,0.0
40,Art ut. L-resistance index [RI],0.005816509264003114,0.003915145984762259,17.5,2.9533408577782247,0.0
40,BMI [kg/m²],0.036856698097144,0.006860900451500319,3.6,2.2211108331943574,0.9
40,Bilateral notch,0.008323272557921585,0.00305147763422743,15.7,2.1628170930011117,0.0
40,Doppler_Angiogenic_Index,0.02540625110006655,0.006257571785065456,7.2,1.988857852023507,0.2
40,Materna age [years],0.006000519146037958,0.004967441642604848,17.2,3.489667287547307,0.0
40,Maternal hight [m],0.00304556533053454,0.0020522460242242474,19.9,1.1972189997378646,0.0
40,Mean PI,0.013776485079997566,0.005361946299336914,11.7,2.8303906287138374,0.0
40,Mean PSV,0.022166933688441158,0.004936536249388206,8.3,2.4517567397911058,0.1
40,Mean RI,0.006571119190564365,0.005163785464659963,16.4,4.221637386396683,0.0
40,Parity,0.000719725833947327,0.0003209712821894291,21.1,0.9944289260117533,0.0
40,PlGF_Doppler_Discordance,0.014872725426642914,0.005175360519358912,11.6,3.272783388968954,0.0
40,Placental_Dysfunction_Score,0.041618534833242085,0.006577011519817105,3.1,0.9944289260117534,1.0
40,Pre-pregnancy weight [kg],0.014900944861923107,0.00394087287928099,11.5,2.173067468400883,0.0
40,S-Flt1 [µg/L],0.10273667082416453,0.01633544316085429,1.0,0.0,1.0
40,S-PLGF [µg/L],0.016886195770596708,0.005754366602334475,10.9,3.1073389830457114,0.0
40,log_sFlt1_PlGF,0.03758328908322003,0.008583613911343059,4.1,1.4491376746189437,0.8
40,sFLT/PLGF,0.03818293576332267,0.010007080974585665,4.3,1.636391694484477,0.9
41,Art ut. D-Peak Systolic Velocity [PSV],0.008284263151753903,0.0058135840689875085,14.1,4.771442828607157,0.0
41,Art ut. D-pulsatility index [PI],0.019513686477137197,0.007486342099303946,8.0,3.0184617127124724,0.2
41,Art ut. D-resistance index [RI],0.0041008810803461054,0.0025501089336319297,17.1,2.6012817353502227,0.0
41,Art ut. L-Peak Systolic Velocity [PSV],0.002963546927993862,0.0029607956549225598,18.6,3.169297153067924,0.0
41,Art ut. L-pulsatility index [PI],0.017430523177982275,0.004540443336527354,8.9,2.131770260709264,0.0
41,Art ut. L-resistance index [RI],0.00318039675547405,0.0018237878130724387,18.6,1.264911064067352,0.0
41,BMI [kg/m²],0.007744949992353567,0.0062263559823633186,14.4,4.971027168615267,0.0
41,Bilateral notch,0.01013812429745228,0.0031863744011069155,12.6,2.5473297566057065,0.0
41,Doppler_Angiogenic_Index,0.028860453435524243,0.007487299938134052,5.2,1.1352924243950933,0.6
41,Materna age [years],0.0027041297282713447,0.0018184271618839423,18.7,2.002775851439973,0.0
41,Maternal hight [m],0.0046125279608671115,0.0027660857425096655,17.3,2.7908580918579298,0.0
41,Mean PI,0.010118844716462443,0.005044372369761186,13.2,3.3928028399998595,0.0
41,Mean PSV,0.01764542191219255,0.006698360951081938,9.0,2.8284271247461903,0.2
41,Mean RI,0.004792825823625196,0.0020546250868242488,16.2,2.3475755815545343,0.0
41,Parity,0.0007366655751898905,0.0006692572417271317,21.2,1.0327955589886448,0.0
41,PlGF_Doppler_Discordance,0.012473040387124816,0.0030934229653773585,11.4,1.8378731669453627,0.0
41,Placental_Dysfunction_Score,0.048445834909498414,0.011110841154625671,3.0,1.0540925533894598,1.0
41,Pre-pregnancy weight [kg],0.021956642399924182,0.0059918299658215735,7.1,1.1005049346146119,0.1
41,S-Flt1 [µg/L],0.12508109725812336,0.008526239610842,1.0,0.0,1.0
41,S-PLGF [µg/L],0.012908705295089768,0.00507116436999977,11.0,2.905932629027116,0.0
41,log_sFlt1_PlGF,0.04716804841943868,0.012821832237478431,3.2,1.0327955589886444,1.0
41,sFLT/PLGF,0.046619304826134286,0.009621361335587145,3.2,1.1352924243950935,0.9
42,Art ut. D-Peak Systolic Velocity [PSV],0.007982894380071607,0.0038851447604784563,13.2,3.614784456460257,0.0
42,Art ut. D-pulsatility index [PI],0.02249019538402785,0.011179403149236055,6.9,4.605552204797066,0.5
42,Art ut. D-resistance index [RI],0.0053724980977335746,0.0029613637544776035,15.5,2.4152294576982394,0.0
42,Art ut. L-Peak Systolic Velocity [PSV],0.0035548172353041356,0.0024820161324617678,17.2,2.9739610697593943,0.0
42,Art ut. L-pulsatility index [PI],0.020209548416453164,0.008649653491718243,6.8,3.259175083088085,0.3
42,Art ut. L-resistance index [RI],0.00451616421015975,0.0030610973757151908,16.3,2.9078437983419185,0.0
42,BMI [kg/m²],0.06469155286398172,0.02495732866588378,2.3,2.057506581601462,0.9
42,Bilateral notch,0.011257882778371383,0.0046728231654762425,10.6,2.5473297566057065,0.0
42,Doppler_Angiogenic_Index,0.022684386312235953,0.005457374598950308,5.4,1.577621275493231,0.6
42,Materna age [years],0.0024926686240931482,0.0023385445050717675,18.5,2.9533408577782247,0.0
42,Maternal hight [m],0.0019343544699350957,0.0015430100766797498,19.9,1.5238839267549948,0.0
42,Mean PI,0.009639231213319744,0.006958344700812084,13.1,4.280446497997869,0.0
42,Mean PSV,0.016251500820484897,0.004605583970262571,8.0,2.666666666666667,0.2
42,Mean RI,0.0044522138138542704,0.0048166711083586266,16.7,4.620004810002306,0.0
42,Parity,0.0012611865791366562,0.0008224923816295806,20.3,1.1595018087284057,0.0
42,PlGF_Doppler_Discordance,0.007812708605640862,0.005617906293032421,13.9,3.6953424138441564,0.0
42,Placental_Dysfunction_Score,0.022316407370719094,0.010953184349939957,6.7,3.560586718193756,0.5
42,Pre-pregnancy weight [kg],0.03261111434986987,0.02134119253466798,6.2,5.028805910838963,0.7
42,S-Flt1 [µg/L],0.09577181378903007,0.02074030998792946,1.3,0.48304589153964794,1.0
42,S-PLGF [µg/L],0.005607403948512247,0.0035477907934496006,15.9,3.6953424138441564,0.0
42,log_sFlt1_PlGF,0.014381424774143189,0.007346175240883529,9.5,2.9907264074877267,0.0
42,sFLT/PLGF,0.016007493458830877,0.0111950175638609,8.8,4.871686908385363,0.3
43,Art ut. D-Peak Systolic Velocity [PSV],0.007175431670343279,0.004331857328218562,13.6,3.2386554137309647,0.0
43,Art ut. D-pulsatility index [PI],0.0182765294988237,0.006644404882912099,7.8,3.5839146815241634,0.2
43,Art ut. D-resistance index [RI],0.004442047908360133,0.004067226316770411,16.3,2.9078437983419185,0.0
43,Art ut. L-Peak Systolic Velocity [PSV],0.0022674861424956663,0.0023079137827217047,18.9,2.806737924669451,0.0
43,Art ut. L-pulsatility index [PI],0.015793784467644435,0.006361827386272428,9.0,2.5819888974716116,0.0
43,Art ut. L-resistance index [RI],0.005195811967980227,0.0030201700818178953,16.2,3.6147844564602556,0.0
43,BMI [kg/m²],0.014666518155348534,0.008626881460799755,9.9,4.2282121254470875,0.0
43,Bilateral notch,0.008357618447911155,0.0023129465886525145,12.3,1.8885620632287057,0.0
43,Doppler_Angiogenic_Index,0.0320709243692636,0.006632426438121283,5.1,0.316227766016838,0.9
43,Materna age [years],0.006786075882700622,0.0055618243464240534,14.9,5.130518708885313,0.0
43,Maternal hight [m],0.0024203036384187076,0.0020241227354185075,18.6,2.547329756605707,0.0
43,Mean PI,0.00847447188505308,0.0074832497305975755,14.3,5.056349144063004,0.0
43,Mean PSV,0.002223111832897677,0.0022654168011207003,19.0,3.1622776601683795,0.0
43,Mean RI,0.004862835692485733,0.003294982192691147,15.1,2.601281735350223,0.0
43,Parity,0.0011444770602786574,0.0008002471813126881,20.0,1.9436506316150999,0.0
43,PlGF_Doppler_Discordance,0.009313485512383939,0.005009010308902343,12.4,3.5023801430836525,0.0
43,Placental_Dysfunction_Score,0.05487044992065125,0.012212728180103877,2.8,1.0327955589886444,1.0
43,Pre-pregnancy weight [kg],0.014854381997049974,0.0053119628980766226,8.9,2.558211180579986,0.0
43,S-Flt1 [µg/L],0.1215420767618288,0.017351022914045982,1.0,0.0,1.0
43,S-PLGF [µg/L],0.012477428508326152,0.0060914597423106405,10.5,3.3416562759605704,0.0
43,log_sFlt1_PlGF,0.051715856773298194,0.012782358854617424,3.1,0.7378647873726218,1.0
43,sFLT/PLGF,0.05058283110007701,0.01270681467222534,3.3,1.1595018087284057,0.9
44,Art ut. D-Peak Systolic Velocity [PSV],0.012541839352517676,0.005383324242786908,9.2,3.4253953543107007,0.2
44,Art ut. D-pulsatility index [PI],0.021461619316440618,0.006748300203576797,5.8,1.3984117975602022,0.6
44,Art ut. D-resistance index [RI],0.007501239584562731,0.004731338494014678,13.1,3.2472210341220142,0.0
44,Art ut. L-Peak Systolic Velocity [PSV],0.004208313562780054,0.003716020974045323,17.3,3.9454615277134124,0.0
44,Art ut. L-pulsatility index [PI],0.01610819558727149,0.005942819659698069,7.3,3.0203016773531455,0.3
44,Art ut. L-resistance index [RI],0.00403896897067505,0.0042153543880502735,17.5,3.9510898637098997,0.0
44,BMI [kg/m²],0.05327223593123579,0.018318312377199452,2.3,0.9486832980505138,1.0
44,Bilateral notch,0.007394393897548937,0.0033186403634314107,13.1,2.5582111805799856,0.0
44,Doppler_Angiogenic_Index,0.012508728437891761,0.006137697394180164,9.9,3.5418137224371984,0.0
44,Materna age [years],0.002765008625528865,0.00175251967197316,18.4,2.221110833194358,0.0
44,Maternal hight [m],0.00582244748983428,0.0032539805217158884,14.9,4.332051092342595,0.0
44,Mean PI,0.008546781320492223,0.004771661721002352,12.8,3.966526608171604,0.0
44,Mean PSV,0.0046363461842099584,0.003806510607421179,15.9,4.408325456829762,0.0
44,Mean RI,0.003773177444832257,0.0035086861029521143,17.3,4.547282460742655,0.0
44,Parity,0.0010770201256998307,0.001051498765266313,20.1,1.5951314818673863,0.0
44,PlGF_Doppler_Discordance,0.007450591306020981,0.004141805937360082,12.9,3.6953424138441564,0.0
44,Placental_Dysfunction_Score,0.015213252722929177,0.008607510903649987,9.6,5.541760650832108,0.1
44,Pre-pregnancy weight [kg],0.00809705586925433,0.0033524815651971313,12.5,3.689323936863109,0.0
44,S-Flt1 [µg/L],0.08155440026424704,0.020520121009801152,1.1,0.31622776601683794,1.0
44,S-PLGF [µg/L],0.006803730281178436,0.005554750779671222,14.9,5.021066730398144,0.0
44,log_sFlt1_PlGF,0.0376224957113164,0.011781589228319095,3.5,1.4337208778404378,0.9
44,sFLT/PLGF,0.03624486747738872,0.009704658443386341,3.6,0.9660917830792958,0.9
45,Art ut. D-Peak Systolic Velocity [PSV],0.006733312189197714,0.004245296318665681,14.6,3.596294389136314,0.0
45,Art ut. D-pulsatility index [PI],0.016908074983232747,0.007259900620239708,8.1,3.5418137224371984,0.2
45,Art ut. D-resistance index [RI],0.0035212540622612623,0.002203019405717067,17.9,2.2335820757001272,0.0
45,Art ut. L-Peak Systolic Velocity [PSV],0.014811053687821183,0.010540151516168638,10.1,4.175324338699131,0.1
45,Art ut. L-pulsatility index [PI],0.017728663644254794,0.007917555851561455,7.6,3.8930136855083823,0.2
45,Art ut. L-resistance index [RI],0.007579859720499222,0.00632203935638287,13.5,5.622375931144333,0.1
45,BMI [kg/m²],0.01570464070527745,0.009109667832297908,9.6,5.758086101783782,0.3
45,Bilateral notch,0.010517209255457726,0.004066756408707043,11.4,2.7568097504180438,0.0
45,Doppler_Angiogenic_Index,0.021415947564352604,0.0058717814986732186,6.4,3.1692971530679235,0.6
45,Materna age [years],0.0031535076646265862,0.002218619115167078,17.9,2.4698178070456938,0.0
45,Maternal hight [m],0.002984206572972366,0.0021584573002015714,18.9,2.3309511649396115,0.0
45,Mean PI,0.007534431458310177,0.004749431795253091,13.6,4.033195589934446,0.0
45,Mean PSV,0.005272222219617591,0.003469594102156314,16.0,3.858612300930075,0.0
45,Mean RI,0.003705954109739841,0.004706827777643512,17.7,4.3982319680121975,0.0
45,Parity,0.000988636911190679,0.0009437579225739324,20.9,1.449137674618944,0.0
45,PlGF_Doppler_Discordance,0.007770206648312484,0.004917467834743142,14.0,3.496029493900505,0.0
45,Placental_Dysfunction_Score,0.03283917991746462,0.008702205568794957,2.8,1.0327955589886444,1.0
45,Pre-pregnancy weight [kg],0.014421906221579236,0.009949129620024063,9.7,6.074537019394977,0.2
45,S-Flt1 [µg/L],0.12829152508800307,0.011342368945201861,1.0,0.0,1.0
45,S-PLGF [µg/L],0.015982515967060133,0.005659252985449176,8.4,3.3399933466334266,0.2
45,log_sFlt1_PlGF,0.024104353766691983,0.010994277070954534,6.0,3.197221015541813,0.6
45,sFLT/PLGF,0.02249459662155149,0.011832107137873929,6.9,4.201851443775179,0.5
46,Art ut. D-Peak Systolic Velocity [PSV],0.0034214099430253985,0.0019759174515747795,17.1,3.5103022978402048,0.0
46,Art ut. D-pulsatility index [PI],0.008549055820609655,0.0061741232540464385,12.7,4.191260749066642,0.0
46,Art ut. D-resistance index [RI],0.0062684518617429534,0.004559565931875131,15.0,3.6209268304000717,0.0
46,Art ut. L-Peak Systolic Velocity [PSV],0.002685532218953401,0.0020603675178069592,18.5,2.8771127502720115,0.0
46,Art ut. L-pulsatility index [PI],0.00933045430548057,0.00522621671336697,11.8,4.589843860815602,0.0
46,Art ut. L-resistance index [RI],0.0029739773421348153,0.001917080075811902,17.8,2.740640638812596,0.0
46,BMI [kg/m²],0.014643923740819206,0.009763338184393025,10.6,4.526465385804788,0.0
46,Bilateral notch,0.009215301102714523,0.002671997730574014,11.4,1.6465452046971292,0.0
46,Doppler_Angiogenic_Index,0.03272084011881392,0.006959190791433702,5.4,0.699205898780101,0.7
46,Materna age [years],0.003366796535151957,0.002245407012363883,17.3,2.5841396591085735,0.0
46,Maternal hight [m],0.0037658332940306407,0.0032609806505220543,16.8,3.852848873813304,0.0
46,Mean PI,0.010508609209193236,0.006118013438904877,10.7,3.4009802508492553,0.0
46,Mean PSV,0.005415179370341019,0.003823844898456141,14.5,4.403281604540969,0.0
46,Mean RI,0.006665932747673245,0.0066402544645556075,14.9,5.152130088074684,0.0
46,Parity,0.0014585225892111984,0.0012832633216388787,19.9,2.3781411975649287,0.0
46,PlGF_Doppler_Discordance,0.012352136626586786,0.007917083882617852,10.8,4.541169697580373,0.0
46,Placental_Dysfunction_Score,0.051171722351055646,0.010648048610555383,3.2,0.9189365834726815,1.0
46,Pre-pregnancy weight [kg],0.02169024665049172,0.008542224157502384,6.8,1.5491933384829668,0.3
46,S-Flt1 [µg/L],0.12865615114043633,0.023278434237539135,1.0,0.0,1.0
46,S-PLGF [µg/L],0.012673442349619904,0.007666285393510007,11.0,4.496912521077347,0.0
46,log_sFlt1_PlGF,0.05571733334961297,0.009141964834292627,2.6,0.8432740427115677,1.0
46,sFLT/PLGF,0.05036443997748362,0.007627107890067885,3.2,0.6324555320336759,1.0
47,Art ut. D-Peak Systolic Velocity [PSV],0.004668741710605996,0.0030162742615138178,15.7,4.1379007023153935,0.0
47,Art ut. D-pulsatility index [PI],0.01806836428696928,0.0050558276806390275,7.8,1.813529401164726,0.0
47,Art ut. D-resistance index [RI],0.004233560429032059,0.002459301577201162,17.2,2.250925735484551,0.0
47,Art ut. L-Peak Systolic Velocity [PSV],0.0015234376224846672,0.0011137228955722413,20.2,1.1352924243950926,0.0
47,Art ut. L-pulsatility index [PI],0.010922410105638923,0.008636643244304071,12.1,4.483302354291979,0.1
47,Art ut. L-resistance index [RI],0.010153890263304719,0.006334731860209175,12.9,3.314949304120485,0.0
47,BMI [kg/m²],0.02434764332932155,0.008933184107554205,6.5,1.58113883008419,0.3
47,Bilateral notch,0.0067069849066675995,0.003599551011869712,14.5,2.5055493963954847,0.0
47,Doppler_Angiogenic_Index,0.024129115668744823,0.004697251842652396,6.0,1.0540925533894596,0.4
47,Materna age [years],0.004113198160954781,0.0040406497707403104,17.5,3.6285901761795403,0.0
47,Maternal hight [m],0.002673098314514603,0.0017820334236209989,17.9,3.0349812373573437,0.0
47,Mean PI,0.010560963331815679,0.00576278051849287,11.6,2.9514591494904874,0.0
47,Mean PSV,0.008190346646892556,0.0039010368040509253,13.4,2.503331114069145,0.0
47,Mean RI,0.0047643222545911855,0.004355923563580565,17.0,3.858612300930075,0.0
47,Parity,0.0007299640023749495,0.0002976487948224732,21.0,1.2472191289246468,0.0
47,PlGF_Doppler_Discordance,0.014386950928440594,0.008097734263935355,10.0,3.018461712712472,0.1
47,Placental_Dysfunction_Score,0.04976547137814704,0.010763653693812584,3.0,1.1547005383792515,1.0
47,Pre-pregnancy weight [kg],0.01611084577884014,0.009651047195374332,9.8,3.1198290551460244,0.1
47,S-Flt1 [µg/L],0.12168145805998362,0.021806648762608846,1.0,0.0,1.0
47,S-PLGF [µg/L],0.012359909146304651,0.007465284735668635,11.8,4.61398839279954,0.0
47,log_sFlt1_PlGF,0.04975059659740169,0.005307537594477506,3.1,0.7378647873726218,1.0
47,sFLT/PLGF,0.05012101897586977,0.009121094506709348,3.0,0.816496580927726,1.0
48,Art ut. D-Peak Systolic Velocity [PSV],0.003941919053087479,0.0042089088878516775,16.6,3.747591819348052,0.0
48,Art ut. D-pulsatility index [PI],0.019043647660253255,0.007358127574595866,9.0,2.4037008503093262,0.0
48,Art ut. D-resistance index [RI],0.004221764063185344,0.003243573276851353,16.0,3.3333333333333335,0.0
48,Art ut. L-Peak Systolic Velocity [PSV],0.0019607910688812244,0.001996118733033547,18.9,2.846049894151541,0.0
48,Art ut. L-pulsatility index [PI],0.011052301404442053,0.005409555658666974,11.8,3.2249030993194197,0.0
48,Art ut. L-resistance index [RI],0.0023222320943498513,0.001781663904891172,18.3,2.2135943621178655,0.0
48,BMI [kg/m²],0.05075280105881069,0.01667167173716491,3.0,1.632993161855452,0.9
48,Bilateral notch,0.008563356097964252,0.004626718342488773,13.1,3.7844711945293255,0.0
48,Doppler_Angiogenic_Index,0.034893853730083274,0.006307993501343287,5.0,1.1547005383792517,0.7
48,Materna age [years],0.004550815470084976,0.0035170830622954876,15.3,3.2335051500740732,0.0
48,Maternal hight [m],0.0008407966160975299,0.0007332590615686455,20.1,1.3703203194062972,0.0
48,Mean PI,0.006732863404729195,0.004537725929274809,14.5,3.1358146203711295,0.0
48,Mean PSV,0.00866712483232387,0.003271146520224944,12.4,2.4129281427805145,0.0
48,Mean RI,0.0030362969134070843,0.002040785565071883,17.3,2.3118054512532935,0.0
48,Parity,0.0009745811109280255,0.000996418810199578,19.8,2.1499353995462798,0.0
48,PlGF_Doppler_Discordance,0.017998008708708917,0.005102281558109358,8.6,1.4298407059684812,0.0
48,Placental_Dysfunction_Score,0.03157677878847736,0.008783522715587917,5.4,1.5055453054181622,0.4
48,Pre-pregnancy weight [kg],0.022476649693392713,0.012165489500897884,8.5,4.034572812303401,0.1
48,S-Flt1 [µg/L],0.10850091825117929,0.015324895613880172,1.0,0.0,1.0
48,S-PLGF [µg/L],0.011965792834263632,0.004888745305520165,11.2,2.043961295567452,0.0
48,log_sFlt1_PlGF,0.04726083291177009,0.01062980014010505,3.2,1.0327955589886444,1.0
48,sFLT/PLGF,0.0445131295153946,0.008348752088487748,4.0,1.1547005383792517,0.9
49,Art ut. D-Peak Systolic Velocity [PSV],0.025746466852209444,0.0072964973522102365,8.7,2.4517567397911058,0.1
49,Art ut. D-pulsatility index [PI],0.029578396561799523,0.015633903772973853,7.7,4.347413023856832,0.4
49,Art ut. D-resistance index [RI],0.007081891400792869,0.004003942459442895,16.0,1.9436506316151,0.0
49,Art ut. L-Peak Systolic Velocity [PSV],0.002144192057012404,0.0018357801258545683,19.8,1.6193277068654823,0.0
49,Art ut. L-pulsatility index [PI],0.018328354132887498,0.008581530476406661,10.7,3.1287200080686173,0.0
49,Art ut. L-resistance index [RI],0.004357103622355233,0.004395975256099855,18.1,2.8460498941515415,0.0
49,BMI [kg/m²],0.045514297589275866,0.016507747393079007,4.3,2.359378449224852,0.7
49,Bilateral notch,0.01602701348617063,0.005921461380118513,11.3,2.1628170930011112,0.0
49,Doppler_Angiogenic_Index,0.031110676305981293,0.006851240158874127,6.5,2.068278940998476,0.3
49,Materna age [years],0.0021686796835358943,0.0022190953196199554,19.7,1.4944341180973266,0.0
49,Maternal hight [m],0.0025323953657151515,0.001973019154912222,18.4,1.7126976771553504,0.0
49,Mean PI,0.015938296004639325,0.01014085466108847,11.9,4.04007700696685,0.1
49,Mean PSV,0.03055018211151671,0.012305415647601342,7.1,3.725288952252936,0.4
49,Mean RI,0.004521622621965901,0.004547171169674978,17.9,3.348299734359383,0.0
49,Parity,0.0010824848465269305,0.0007953511393618722,20.3,1.7669811040931427,0.0
49,PlGF_Doppler_Discordance,0.014060393671983126,0.004091241009296633,12.9,1.911950719959998,0.0
49,Placental_Dysfunction_Score,0.023763250475110888,0.007218730930742532,9.2,2.616188916046478,0.0
49,Pre-pregnancy weight [kg],0.02401912861588218,0.011984325334822599,9.8,4.491968140779471,0.2
49,S-Flt1 [µg/L],0.07903170254586692,0.012206896028978047,1.3,0.6749485577105528,1.0
49,S-PLGF [µg/L],0.012695077603068802,0.008080312030241541,14.0,4.0,0.0
49,log_sFlt1_PlGF,0.0516796835398242,0.014567275539657865,3.5,1.90029237516523,0.9
49,sFLT/PLGF,0.05154951542533999,0.01665547995840178,3.9,3.3813212407775355,0.9
50,Art ut. D-Peak Systolic Velocity [PSV],0.005224938160981431,0.0038185689849389837,15.1,4.408325456829762,0.0
50,Art ut. D-pulsatility index [PI],0.0056758847645544345,0.0031459093605570665,15.1,3.784471194529326,0.0
50,Art ut. D-resistance index [RI],0.0039017652122799243,0.00280149900369279,16.4,3.3065591380365986,0.0
50,Art ut. L-Peak Systolic Velocity [PSV],0.006228525733020146,0.004414891868278104,14.8,4.391911757866827,0.0
50,Art ut. L-pulsatility index [PI],0.006505746250201176,0.005253655966029036,14.5,4.949747468305834,0.0
50,Art ut. L-resistance index [RI],0.004266566967586481,0.0036265759276334995,16.6,4.033195589934446,0.0
50,BMI [kg/m²],0.012585582001343663,0.007537550484218765,10.5,4.85912657903775,0.0
50,Bilateral notch,0.0024930735062502953,0.0018429113063515102,18.2,3.04776785350999,0.0
50,Doppler_Angiogenic_Index,0.03123527998267458,0.011118722073778533,5.7,1.1595018087284057,0.4
50,Materna age [years],0.0016989049618257128,0.0007563447173023738,18.9,1.8529256146249735,0.0
50,Maternal hight [m],0.003902253577819902,0.002772071680371726,16.2,3.4576806613039843,0.0
50,Mean PI,0.022393812188040103,0.007686551072137837,6.8,2.0976176963403033,0.3
50,Mean PSV,0.004986866156271949,0.0031289922192172226,14.8,4.022160834399561,0.0
50,Mean RI,0.010191098368728318,0.007033434033905226,11.7,4.44847039878753,0.0
50,Parity,0.0021300506448660903,0.0021448977790600276,18.3,3.683295625749672,0.0
50,PlGF_Doppler_Discordance,0.011205844597996966,0.006596211225034768,10.8,3.155242550986462,0.0
50,Placental_Dysfunction_Score,0.035249020015079444,0.011983631645096804,4.9,1.66332999331662,0.8
50,Pre-pregnancy weight [kg],0.01080841028196728,0.005985021096449867,11.0,3.464101615137754,0.1
50,S-Flt1 [µg/L],0.12407498428342541,0.014869570515351935,1.0,0.0,1.0
50,S-PLGF [µg/L],0.025229537645164578,0.009131960121468474,6.6,2.3190036174568114,0.4
50,log_sFlt1_PlGF,0.061635228559419344,0.00958878894765073,2.3,0.48304589153964794,1.0
50,sFLT/PLGF,0.056490207356244014,0.005947270308150982,2.8,0.6324555320336759,1.0
51,Art ut. D-Peak Systolic Velocity [PSV],0.00590992052547165,0.0032553016798929943,14.9,3.212821536005731,0.0
51,Art ut. D-pulsatility index [PI],0.010267817758484395,0.008253928062437762,12.5,5.359311730271176,0.1
51,Art ut. D-resistance index [RI],0.006303063404142434,0.00284499604009159,14.0,2.9059326290271157,0.0
51,Art ut. L-Peak Systolic Velocity [PSV],0.005538525872575903,0.0035067785670323793,14.3,3.233505150074073,0.0
51,Art ut. L-pulsatility index [PI],0.010550271255058941,0.0035139860742147712,11.0,2.0,0.0
51,Art ut. L-resistance index [RI],0.002790692187390685,0.0023437989205586872,18.7,2.7507574714370344,0.0
51,BMI [kg/m²],0.009218133332533011,0.0074904808852159395,13.1,5.896326540030383,0.0
51,Bilateral notch,0.019157669395700155,0.007629790886164735,7.2,1.9888578520235063,0.2
51,Doppler_Angiogenic_Index,0.023927014893920767,0.01495175143632726,8.3,5.271516754112509,0.5
51,Materna age [years],0.002976791730272713,0.0021750686021004143,17.8,2.6161889160464775,0.0
51,Maternal hight [m],0.003335167357394511,0.0025705372896138693,17.3,3.772709017845577,0.0
51,Mean PI,0.009907075045773444,0.009867428345449196,12.8,4.9396356140913875,0.1
51,Mean PSV,0.013486340696116117,0.00848509487587844,10.5,4.972144630058766,0.0
51,Mean RI,0.005147196188803974,0.003389117948592742,15.7,2.9078437983419185,0.0
51,Parity,0.0011708937182657714,0.0011839077180615966,20.3,1.9465068427541912,0.0
51,PlGF_Doppler_Discordance,0.0219517685901293,0.006800614604094885,6.9,2.64365067451978,0.4
51,Placental_Dysfunction_Score,0.05502987676016722,0.011051010531563541,2.4,1.07496769977314,1.0
51,Pre-pregnancy weight [kg],0.003307720127014694,0.0026561533975219503,17.4,3.9214509786273983,0.0
51,S-Flt1 [µg/L],0.03176824756728483,0.01818761034440328,6.0,2.666666666666667,0.4
51,S-PLGF [µg/L],0.019440249743913292,0.009455464497782406,8.0,4.08248290463863,0.3
51,log_sFlt1_PlGF,0.0641001059520219,0.011349598169788198,1.7,1.0593499054713802,1.0
51,sFLT/PLGF,0.06112094671864613,0.006956676634927907,2.2,0.6324555320336759,1.0
52,Art ut. D-Peak Systolic Velocity [PSV],0.003792868976955617,0.0031866283008299195,16.5,3.8944404818493075,0.0
52,Art ut. D-pulsatility index [PI],0.009846117199888166,0.004773410639952448,11.4,3.3065591380365986,0.0
52,Art ut. D-resistance index [RI],0.0051892040988708215,0.0026308879486219724,14.7,2.5841396591085743,0.0
52,Art ut. L-Peak Systolic Velocity [PSV],0.004053275211895219,0.004984950613482466,16.9,4.581363212940979,0.0
52,Art ut. L-pulsatility index [PI],0.010955674947983099,0.007484554112290651,10.9,3.573047252229764,0.0
52,Art ut. L-resistance index [RI],0.005520119198234615,0.0031091774818462273,14.4,3.3730961708462712,0.0
52,BMI [kg/m²],0.017156818436131406,0.008290070637660216,8.9,4.62961481479111,0.1
52,Bilateral notch,0.002057172689924292,0.0015308917716086458,18.8,2.780887148615228,0.0
52,Doppler_Angiogenic_Index,0.04564472018475539,0.006998066391500279,2.4,1.429840705968481,1.0
52,Materna age [years],0.002851009155943815,0.002278249720725574,17.6,2.7968235951204043,0.0
52,Maternal hight [m],0.003060101212431171,0.0018279335924633495,17.7,2.7507574714370344,0.0
52,Mean PI,0.006010876911151177,0.004263603195282784,14.8,3.8815804341359037,0.0
52,Mean PSV,0.015428575820871418,0.008894127354907733,8.8,4.4671641514002545,0.2
52,Mean RI,0.004414321636680858,0.003797161734921607,16.3,4.164666186436128,0.0
52,Parity,0.001949562556406246,0.0013361293760259544,19.0,2.3570226039551585,0.0
52,PlGF_Doppler_Discordance,0.019028380676383547,0.006175090418836711,7.3,1.636391694484477,0.1
52,Placental_Dysfunction_Score,0.036172900447728494,0.011558814549654078,4.4,1.7126976771553506,0.8
52,Pre-pregnancy weight [kg],0.005569737424766149,0.0029371500386596934,14.0,3.1622776601683795,0.0
52,S-Flt1 [µg/L],0.0438004537246781,0.0339174221947098,5.5,6.114645442614713,0.6
52,S-PLGF [µg/L],0.021622009478590592,0.007917444626804127,6.9,1.7919573407620815,0.2
52,log_sFlt1_PlGF,0.042289382471654424,0.01402196864124497,3.4,1.1737877907772674,1.0
52,sFLT/PLGF,0.045859192117252354,0.010598810105458134,2.4,0.6992058987801011,1.0
53,Art ut. D-Peak Systolic Velocity [PSV],0.005481495930489515,0.002863774250416329,15.9,3.2812599206199238,0.0
53,Art ut. D-pulsatility index [PI],0.04195698609461547,0.013674853141378597,4.7,2.3593784492248515,0.6
53,Art ut. D-resistance index [RI],0.004576277121780337,0.0016812498402938413,15.9,2.0789954839350235,0.0
53,Art ut. L-Peak Systolic Velocity [PSV],0.0029697363437095844,0.002597568997791162,18.2,3.0840089349921014,0.0
53,Art ut. L-pulsatility index [PI],0.017087089372298178,0.009365326794368335,10.2,2.6583202716502514,0.0
53,Art ut. L-resistance index [RI],0.0029607533639166715,0.001961531027607671,18.6,2.221110833194358,0.0
53,BMI [kg/m²],0.010894233998906749,0.007422091877991675,13.2,5.028805910838962,0.0
53,Bilateral notch,0.02445218275364991,0.008661794404051888,7.9,1.5951314818673867,0.0
53,Doppler_Angiogenic_Index,0.04572799808721258,0.007967019518612152,4.0,1.247219128924647,0.9
53,Materna age [years],0.008506805524322087,0.006507734272739456,14.7,4.967673276069772,0.0
53,Maternal hight [m],0.006212708129072016,0.00454238051260563,15.9,3.348299734359382,0.0
53,Mean PI,0.011630416212356538,0.007446439004379376,12.6,3.777124126457412,0.0
53,Mean PSV,0.004527658932351246,0.005201786027620952,16.8,3.4896672875473063,0.0
53,Mean RI,0.006544344119277528,0.004274222047814534,14.8,3.552776691859794,0.0
53,Parity,0.0020894950394686742,0.001537744976449543,19.2,1.619327706865482,0.0
53,PlGF_Doppler_Discordance,0.020510328507594842,0.007787515488393368,9.0,1.632993161855452,0.0
53,Placental_Dysfunction_Score,0.0501761727509907,0.009156394171578408,3.9,1.286683937707919,0.9
53,Pre-pregnancy weight [kg],0.0025351024967401616,0.0024381088470925784,18.8,2.740640638812596,0.0
53,S-Flt1 [µg/L],0.06940520325174468,0.011912878272332481,1.5,1.5811388300841898,0.9
53,S-PLGF [µg/L],0.01857621305890598,0.00851905369192724,9.8,3.0840089349921005,0.0
53,log_sFlt1_PlGF,0.04982158693907372,0.008221886836379182,3.2,1.3984117975602022,1.0
53,sFLT/PLGF,0.04594357051492269,0.009727407603988842,4.2,1.6865480854231356,0.7
54,Art ut. D-Peak Systolic Velocity [PSV],0.004036951158670248,0.0019183470312913536,16.9,2.2335820757001272,0.0
54,Art ut. D-pulsatility index [PI],0.014334687545111765,0.0068793221492324235,9.8,2.1499353995462798,0.0
54,Art ut. D-resistance index [RI],0.003732807202016193,0.002601747795488049,17.7,2.584139659108573,0.0
54,Art ut. L-Peak Systolic Velocity [PSV],0.008651427841655249,0.005449122294550814,13.7,3.0568684048294332,0.0
54,Art ut. L-pulsatility index [PI],0.01278726089375771,0.005303192595864243,10.7,2.6687491868330793,0.0
54,Art ut. L-resistance index [RI],0.002391240052405614,0.002642725591948654,18.8,3.359894178227774,0.0
54,BMI [kg/m²],0.039785360543138366,0.017047720925617686,4.9,1.728840330651992,0.8
54,Bilateral notch,0.00508752173308565,0.0032862242942038257,16.3,3.2676869155073254,0.0
54,Doppler_Angiogenic_Index,0.02661285081607597,0.006581584107236865,6.6,1.1737877907772674,0.2
54,Materna age [years],0.0018469734416748846,0.0012656675315865448,19.7,2.110818693198341,0.0
54,Maternal hight [m],0.003835623965284765,0.004002664823452628,17.0,3.972125095937662,0.0
54,Mean PI,0.008291494090023457,0.005033957367675302,13.7,3.2335051500740732,0.0
54,Mean PSV,0.006927693962802084,0.004485502983744439,15.0,4.371625682868,0.0
54,Mean RI,0.005114827353985793,0.0026418495114888785,15.7,2.3118054512532935,0.0
54,Parity,0.0018096051619529378,0.0016458181055070138,19.8,1.988857852023507,0.0
54,PlGF_Doppler_Discordance,0.01774298944979312,0.007351239467194511,8.6,1.577621275493231,0.0
54,Placental_Dysfunction_Score,0.04920656034923836,0.009434089309682352,3.4,1.1737877907772671,1.0
54,Pre-pregnancy weight [kg],0.020268737143223924,0.009458795714454375,8.9,2.960855732160327,0.0
54,S-Flt1 [µg/L],0.11162083231366693,0.015738457971401103,1.0,0.0,1.0
54,S-PLGF [µg/L],0.01806630574136504,0.007106301385437507,8.6,2.2705848487901865,0.0
54,log_sFlt1_PlGF,0.05209515688062684,0.011327428517897854,2.9,1.1005049346146119,1.0
54,sFLT/PLGF,0.04933295034433005,0.00985940595415138,3.3,0.6749485577105528,1.0
55,Art ut. D-Peak Systolic Velocity [PSV],0.0032193918509070127,0.001390604251597046,16.9,2.4698178070456938,0.0
55,Art ut. D-pulsatility index [PI],0.0037696996096021605,0.002929131121282328,16.3,3.1640339933558095,0.0
55,Art ut. D-resistance index [RI],0.0019118151709886187,0.0012859264405496377,18.8,2.936362072739365,0.0
55,Art ut. L-Peak Systolic Velocity [PSV],0.013735388936817777,0.009708462489803941,9.8,2.973961069759395,0.1
55,Art ut. L-pulsatility index [PI],0.007961156883269208,0.004304762722778104,12.5,3.5355339059327378,0.0
55,Art ut. L-resistance index [RI],0.005149013805417544,0.003269393443995325,14.9,3.928528138289623,0.0
55,BMI [kg/m²],0.008530916299647898,0.006553514334895312,12.4,4.376706016578627,0.0
55,Bilateral notch,0.007843581376184149,0.0035937823354208636,12.1,3.0349812373573437,0.0
55,Doppler_Angiogenic_Index,0.04596492945576353,0.008639954683243863,3.1,1.1005049346146119,1.0
55,Materna age [years],0.001705371534751321,0.0015890026242235224,19.8,2.2997584414213788,0.0
55,Maternal hight [m],0.004856983824115859,0.0029863772709257746,15.5,3.4399612400917152,0.0
55,Mean PI,0.0069326188379056864,0.004477116920521758,13.4,3.806427312965386,0.0
55,Mean PSV,0.007973786101411699,0.006019807690782433,13.1,5.3218626647276635,0.0
55,Mean RI,0.0033068262549153945,0.0029143953434407855,17.5,3.3747427885527626,0.0
55,Parity,0.0011555839657930262,0.0007739321442650584,19.8,1.8737959096740262,0.0
55,PlGF_Doppler_Discordance,0.02026853941815607,0.006016461498991966,6.9,1.7919573407620815,0.2
55,Placental_Dysfunction_Score,0.027459673301629704,0.01125570287252954,6.0,2.0548046676563256,0.5
55,Pre-pregnancy weight [kg],0.01307316149249064,0.009926026084563274,10.1,3.5418137224371984,0.1
55,S-Flt1 [µg/L],0.06073404401376532,0.0412833938035522,2.7,1.946506842754191,0.9
55,S-PLGF [µg/L],0.02051750487259144,0.006337254293320977,6.8,1.5491933384829666,0.2
55,log_sFlt1_PlGF,0.05403941273348618,0.007862774380311575,2.0,0.816496580927726,1.0
55,sFLT/PLGF,0.050856694274782864,0.007188451579683146,2.6,1.0749676997731399,1.0
56,Art ut. D-Peak Systolic Velocity [PSV],0.003799497978297005,0.002528592950215238,16.3,3.128720008068617,0.0
56,Art ut. D-pulsatility index [PI],0.016833918671556564,0.008488948283761719,8.0,2.211083193570267,0.0
56,Art ut. D-resistance index [RI],0.003930004482499038,0.003254845808840815,16.7,3.743141876967945,0.0
56,Art ut. L-Peak Systolic Velocity [PSV],0.0036416275289585937,0.0024801235711179198,17.2,3.823901439919996,0.0
56,Art ut. L-pulsatility index [PI],0.010055118451723709,0.008328160659821941,12.2,5.4528280124476085,0.0
56,Art ut. L-resistance index [RI],0.002803023835363916,0.0023470964168814472,17.4,4.060651288757616,0.0
56,BMI [kg/m²],0.009820306930519353,0.005328991759739335,11.3,3.6224607965059086,0.0
56,Bilateral notch,0.00713482032630199,0.0033043896254932505,12.3,3.2676869155073254,0.0
56,Doppler_Angiogenic_Index,0.03484274875656643,0.006336100777205163,4.9,0.31622776601683794,1.0
56,Materna age [years],0.002493868395551667,0.0014996166582916112,18.2,2.8205594401741574,0.0
56,Maternal hight [m],0.0027551477223786485,0.001525225682586544,17.7,3.0568684048294332,0.0
56,Mean PI,0.010349109661313903,0.007160999740976693,11.2,3.3266599866332394,0.0
56,Mean PSV,0.004192513937191919,0.0023009166233016074,15.5,3.1001792062897127,0.0
56,Mean RI,0.0044190159154874386,0.0021130975841392144,15.2,2.250925735484551,0.0
56,Parity,0.0008809270897766005,0.0008897995936396811,21.1,0.5676462121975467,0.0
56,PlGF_Doppler_Discordance,0.012827008322338188,0.006088813044680942,9.1,1.66332999331662,0.0
56,Placental_Dysfunction_Score,0.050887800628628264,0.00912394822700812,3.0,0.816496580927726,1.0
56,Pre-pregnancy weight [kg],0.009124335605618593,0.0053545172431673695,11.6,2.6331223544175333,0.0
56,S-Flt1 [µg/L],0.1225133923284504,0.016140279471185362,1.0,0.0,1.0
56,S-PLGF [µg/L],0.017280377483588284,0.005609964671243092,7.0,1.6329931618554518,0.0
56,log_sFlt1_PlGF,0.05352701702206949,0.010472959210570091,3.0,0.816496580927726,1.0
56,sFLT/PLGF,0.051963895180106225,0.010910903197710169,3.1,1.1005049346146119,1.0
57,Art ut. D-Peak Systolic Velocity [PSV],0.00995787420082572,0.0030475918054974687,12.3,3.1287200080686173,0.0
57,Art ut. D-pulsatility index [PI],0.02468419843751544,0.014272785517393138,7.3,4.643992535164831,0.6
57,Art ut. D-resistance index [RI],0.005259874585588947,0.002936806010853602,16.6,3.0983866769659336,0.0
57,Art ut. L-Peak Systolic Velocity [PSV],0.004147683691303757,0.004004345082674503,18.2,4.211096452627668,0.0
57,Art ut. L-pulsatility index [PI],0.015622025776054224,0.006982057354799336,9.3,3.7133393177689653,0.0
57,Art ut. L-resistance index [RI],0.005599538610803335,0.0031704945338180118,16.2,2.973961069759395,0.0
57,BMI [kg/m²],0.06592994606078953,0.014367195665459027,1.8,0.4216370213557839,1.0
57,Bilateral notch,0.008246975942064536,0.0032536755054333095,13.5,3.2058973436118907,0.0
57,Doppler_Angiogenic_Index,0.031798731322943,0.007327968455567163,4.7,1.1595018087284057,0.7
57,Materna age [years],0.004058599562651923,0.0021761267220751844,17.6,2.590581230363393,0.0
57,Maternal hight [m],0.0035680290281089313,0.0010346866804612639,18.6,2.2705848487901865,0.0
57,Mean PI,0.012490002631755147,0.005187299338586651,11.1,2.9981475762358474,0.0
57,Mean PSV,0.016640373086698752,0.0061942549128651304,8.7,3.743141876967945,0.2
57,Mean RI,0.00390725817808345,0.0033133239458200685,18.2,4.211096452627668,0.0
57,Parity,0.001596735179108516,0.0014225400771797215,20.3,1.1595018087284052,0.0
57,PlGF_Doppler_Discordance,0.011598767894816949,0.006654035300149114,12.1,3.7252889522529355,0.0
57,Placental_Dysfunction_Score,0.032076826108220505,0.010770775071301362,5.0,2.2110831935702664,0.8
57,Pre-pregnancy weight [kg],0.03310071695204887,0.014875838371877732,5.3,2.6687491868330793,0.6
57,S-Flt1 [µg/L],0.08413844107248332,0.018324478128849495,1.2,0.4216370213557839,1.0
57,S-PLGF [µg/L],0.013479788649003604,0.009723850826358085,11.6,4.812021982031624,0.0
57,log_sFlt1_PlGF,0.01235183455985131,0.009762343612061339,12.0,5.354126134736337,0.1
57,sFLT/PLGF,0.013594490956019561,0.009415500712884337,11.4,4.376706016578628,0.0
58,Art ut. D-Peak Systolic Velocity [PSV],0.009285250605516196,0.0054189720611893975,11.1,3.4464152068167553,0.0
58,Art ut. D-pulsatility index [PI],0.00579775288334424,0.003534769189550648,14.2,3.457680661303984,0.0
58,Art ut. D-resistance index [RI],0.0009225180578520447,0.0005409846945068837,19.8,1.873795909674026,0.0
58,Art ut. L-Peak Systolic Velocity [PSV],0.00228916591253492,0.002438603867691227,17.8,3.3928028399998595,0.0
58,Art ut. L-pulsatility index [PI],0.01746639284559313,0.004474793511268232,6.9,1.1972189997378646,0.1
58,Art ut. L-resistance index [RI],0.003004125893081735,0.002431256943239964,16.9,3.5103022978402048,0.0
58,BMI [kg/m²],0.01266362750140064,0.008237753310804875,10.6,5.015531433014408,0.1
58,Bilateral notch,0.0022855435171196667,0.0021540501888222285,17.7,3.2676869155073254,0.0
58,Doppler_Angiogenic_Index,0.02032945387160546,0.01140299111189813,7.8,3.966526608171604,0.1
58,Materna age [years],0.006226205939888586,0.0043352051143033705,14.0,4.320493798938574,0.0
58,Maternal hight [m],0.003215596356947453,0.0021251438529374415,15.9,3.7549966711037177,0.0
58,Mean PI,0.011588877005238894,0.003950213039157884,9.0,1.8257418583505538,0.0
58,Mean PSV,0.013788185872202804,0.008056071450863216,8.6,3.438345855527367,0.4
58,Mean RI,0.00201979784718207,0.00123815428496127,17.4,2.7162065049951147,0.0
58,Parity,0.001570897531235551,0.0008398957255796187,18.2,1.8737959096740262,0.0
58,PlGF_Doppler_Discordance,0.005997530315665894,0.005298146158413674,14.5,4.034572812303401,0.0
58,Placental_Dysfunction_Score,0.04020735682653141,0.009164912547375432,3.5,1.1785113019775793,1.0
58,Pre-pregnancy weight [kg],0.006017310574730603,0.006644732127401114,14.4,4.971027168615266,0.0
58,S-Flt1 [µg/L],0.12720637745852897,0.016442430234072526,1.0,0.0,1.0
58,S-PLGF [µg/L],0.018473080692243703,0.00860379427083683,7.9,2.8848262031225076,0.3
58,log_sFlt1_PlGF,0.04589657359637089,0.010575045279345819,2.7,0.674948557710553,1.0
58,sFLT/PLGF,0.04406794629492032,0.014972452248850045,3.1,0.9944289260117533,1.0
59,Art ut. D-Peak Systolic Velocity [PSV],0.0019528355785019842,0.0011248224233693172,18.3,2.1628170930011112,0.0
59,Art ut. D-pulsatility index [PI],0.003904304158172095,0.00316101447786043,15.5,3.1001792062897127,0.0
59,Art ut. D-resistance index [RI],0.0027499737377236905,0.0029541225406112008,17.7,4.270050741306634,0.0
59,Art ut. L-Peak Systolic Velocity [PSV],0.00214843897995861,0.0018550410465770252,18.4,2.7968235951204035,0.0
59,Art ut. L-pulsatility index [PI],0.0052145947652399065,0.004001270147463689,14.1,4.794672969962486,0.0
59,Art ut. L-resistance index [RI],0.004540273954818975,0.0033666931492554748,14.7,3.6530048514126623,0.0
59,BMI [kg/m²],0.013343784045122833,0.007167875881852837,10.0,3.1269438398822866,0.0
59,Bilateral notch,0.00832579574934951,0.003288701892875768,11.7,2.79085809185793,0.0
59,Doppler_Angiogenic_Index,0.04576643155092274,0.008644654489235336,4.6,0.699205898780101,1.0
59,Materna age [years],0.0030020833500237713,0.0021727105848392513,17.0,3.9157800414902435,0.0
59,Maternal hight [m],0.002799437630393626,0.0009406280641813125,16.3,2.263232692902393,0.0
59,Mean PI,0.003997941816537414,0.0023987601471451105,14.7,3.2335051500740732,0.0
59,Mean PSV,0.010546017421683651,0.005310188136422308,10.1,2.4698178070456938,0.0
59,Mean RI,0.0029671748190794006,0.0018837094106508839,17.0,3.6817870057290856,0.0
59,Parity,0.0012420443004402784,0.0012358891289192982,19.5,2.5055493963954847,0.0
59,PlGF_Doppler_Discordance,0.01633420187094673,0.0076540182890313885,8.9,1.66332999331662,0.0
59,Placental_Dysfunction_Score,0.042633447247725144,0.011414606947012877,5.1,1.286683937707919,0.5
59,Pre-pregnancy weight [kg],0.0396923242435866,0.018608895683068186,5.4,2.0110804171997807,0.5
59,S-Flt1 [µg/L],0.14025179534375348,0.01708239168808998,1.0,0.0,1.0
59,S-PLGF [µg/L],0.020560963681914103,0.006913788885681669,7.5,0.8498365855987974,0.0
59,log_sFlt1_PlGF,0.06437121514616265,0.01274367631469371,2.9,0.7378647873726218,1.0
59,sFLT/PLGF,0.06544804047813428,0.012372651256967158,2.6,1.0749676997731399,1.0
60,Art ut. D-Peak Systolic Velocity [PSV],0.015000112712617687,0.006233569042301353,12.1,2.960855732160327,0.0
60,Art ut. D-pulsatility index [PI],0.018305234694392145,0.004109848840071873,10.4,1.955050439815357,0.0
60,Art ut. D-resistance index [RI],0.0063622099078231185,0.0033681418104327837,17.0,2.6666666666666665,0.0
60,Art ut. L-Peak Systolic Velocity [PSV],0.011813523763216817,0.006111259068229619,13.9,4.2282121254470875,0.0
60,Art ut. L-pulsatility index [PI],0.018549111666549555,0.00753978035151203,10.8,3.6147844564602556,0.0
60,Art ut. L-resistance index [RI],0.0045575647114988755,0.001830221412774581,19.0,1.4907119849998598,0.0
60,BMI [kg/m²],0.05732739547898504,0.018484807193480446,2.0,1.8856180831641267,0.9
60,Bilateral notch,0.004650508559253082,0.002395104957511287,18.9,1.911950719959998,0.0
60,Doppler_Angiogenic_Index,0.04587799278734114,0.0068649033308966,2.9,1.1005049346146119,1.0
60,Materna age [years],0.0038796932605620255,0.0026924126207243525,19.4,1.776388345929897,0.0
60,Maternal hight [m],0.004983290883283425,0.0030541435189241012,18.0,2.211083193570267,0.0
60,Mean PI,0.010869805338926637,0.0045835472291336,14.4,2.270584848790187,0.0
60,Mean PSV,0.0251950576066531,0.016104209690420417,9.0,5.477225575051661,0.4
60,Mean RI,0.008085712782575648,0.005381540472953933,15.7,3.653004851412662,0.0
60,Parity,0.0014261417403430726,0.0011565699928719649,21.3,1.3374935098492586,0.0
60,PlGF_Doppler_Discordance,0.020891638205761988,0.004829827741100749,9.3,2.79085809185793,0.1
60,Placental_Dysfunction_Score,0.03604792286296625,0.011091422547765897,4.8,2.440400695696417,0.7
60,Pre-pregnancy weight [kg],0.03189037562624979,0.011087977349201422,5.5,2.5495097567963922,0.6
60,S-Flt1 [µg/L],0.030981901811135214,0.021594347978826756,7.8,4.61398839279954,0.3
60,S-PLGF [µg/L],0.019882704106646436,0.00614603780767454,10.1,2.846049894151542,0.1
60,log_sFlt1_PlGF,0.03323393973470418,0.010123574200607128,5.4,1.837873166945363,0.3
60,sFLT/PLGF,0.034783095288297976,0.010666124418203445,5.3,2.7507574714370344,0.6
61,Art ut. D-Peak Systolic Velocity [PSV],0.020276626870680606,0.008144922843997914,7.0,1.8856180831641267,0.2
61,Art ut. D-pulsatility index [PI],0.013386959957402123,0.008089600761732535,10.3,3.1989581637360205,0.1
61,Art ut. D-resistance index [RI],0.00508816226117873,0.00499791349185509,17.2,3.4253953543107007,0.0
61,Art ut. L-Peak Systolic Velocity [PSV],0.0029676000754602335,0.00220218405705568,18.5,2.2730302828309763,0.0
61,Art ut. L-pulsatility index [PI],0.022076521658015127,0.009837159556933763,6.9,3.3482997343593826,0.4
61,Art ut. L-resistance index [RI],0.004654928320004771,0.003619450790528783,17.4,3.1340424729448424,0.0
61,BMI [kg/m²],0.017900788941712473,0.008972299620771706,7.9,3.0349812373573437,0.3
61,Bilateral notch,0.008162910647713326,0.0018811096844141126,12.7,1.5670212364724214,0.0
61,Doppler_Angiogenic_Index,0.0295608820918823,0.007185827195391828,4.1,1.5951314818673865,0.8
61,Materna age [years],0.004434865797610738,0.0024418859898135345,16.6,3.470510689285432,0.0
61,Maternal hight [m],0.0018347440229232498,0.001180530522080185,19.6,1.5776212754932313,0.0
61,Mean PI,0.009261567784153431,0.006967081184845793,13.3,4.900113377373131,0.0
61,Mean PSV,0.007906645405976194,0.005966975249388147,13.9,4.748099034818508,0.0
61,Mean RI,0.005834924670921218,0.00608668081616993,15.9,5.300943312279429,0.0
61,Parity,0.0015995438581180236,0.0012234291083469597,20.1,1.5238839267549944,0.0
61,PlGF_Doppler_Discordance,0.008868874537024559,0.003168374307265719,12.2,3.583914681524163,0.0
61,Placental_Dysfunction_Score,0.050428576901889954,0.013859376894570546,1.8,0.9189365834726815,1.0
61,Pre-pregnancy weight [kg],0.009544278316190782,0.006217546409213691,12.8,3.1198290551460244,0.0
61,S-Flt1 [µg/L],0.029943489016801876,0.02544168737714448,7.6,6.56928881657334,0.4
61,S-PLGF [µg/L],0.013550307139682452,0.00753235259767298,10.2,3.73571352696584,0.1
61,log_sFlt1_PlGF,0.040401178197846346,0.011312185215239278,3.0,1.7638342073763937,0.9
61,sFLT/PLGF,0.03632056397455557,0.012725283748939768,4.0,2.260776661041756,0.8
62,Art ut. D-Peak Systolic Velocity [PSV],0.00439973599506817,0.0024910084833519187,18.2,2.3944379994757297,0.0
62,Art ut. D-pulsatility index [PI],0.028022825750679287,0.004898559375095306,4.7,1.9465068427541912,0.8
62,Art ut. D-resistance index [RI],0.0027932589555074083,0.0017621460974718648,19.8,1.3165611772087666,0.0
62,Art ut. L-Peak Systolic Velocity [PSV],0.01088293558462797,0.003933034092718243,13.4,2.2705848487901865,0.0
62,Art ut. L-pulsatility index [PI],0.01708426528259243,0.0050311459980002604,9.3,2.8303906287138374,0.1
62,Art ut. L-resistance index [RI],0.003591574753472361,0.0027622708987547376,18.7,2.002775851439974,0.0
62,BMI [kg/m²],0.017852554546529984,0.005274871030412177,9.2,2.5298221281347035,0.0
62,Bilateral notch,0.009802426436827247,0.0035468542676994315,13.2,2.7406406388125952,0.0
62,Doppler_Angiogenic_Index,0.02457897361095712,0.004100755052809232,5.4,0.8432740427115677,0.6
62,Materna age [years],0.009420316717853448,0.004114222276994363,13.3,3.020301677353145,0.0
62,Maternal hight [m],0.0054757335293550025,0.0014219506989654029,16.8,1.6193277068654839,0.0
62,Mean PI,0.01386183256668443,0.004547793577908924,10.5,3.3747427885527643,0.1
62,Mean PSV,0.015517348560768866,0.005625772004087495,9.7,2.7507574714370344,0.0
62,Mean RI,0.0025834174604375064,0.003070549161503918,19.6,2.7568097504180447,0.0
62,Parity,0.0012793535154377448,0.0006961803013109116,20.8,1.3984117975602022,0.0
62,PlGF_Doppler_Discordance,0.012598070375240165,0.005792427987514423,12.3,3.7431418769679454,0.0
62,Placental_Dysfunction_Score,0.028856443527630476,0.006721864043459189,4.9,1.7919573407620815,0.7
62,Pre-pregnancy weight [kg],0.006792190881533815,0.003913253656379566,15.9,3.2128215360057304,0.0
62,S-Flt1 [µg/L],0.051437178471345504,0.02969604071395338,3.5,3.5355339059327378,0.8
62,S-PLGF [µg/L],0.015845925161795494,0.005410605969693763,9.5,3.6590830666833583,0.0
62,log_sFlt1_PlGF,0.054977306645124555,0.01349123570891372,1.7,0.6749485577105528,1.0
62,sFLT/PLGF,0.04942877286652412,0.01452940483373503,2.6,1.429840705968481,0.9
63,Art ut. D-Peak Systolic Velocity [PSV],0.006008314850390136,0.0042977354254611,16.3,3.267686915507325,0.0
63,Art ut. D-pulsatility index [PI],0.008622230226792467,0.005315035412821523,14.6,3.5023801430836525,0.0
63,Art ut. D-resistance index [RI],0.003103431882967806,0.002110869421094,18.2,2.250925735484551,0.0
63,Art ut. L-Peak Systolic Velocity [PSV],0.004197321948432834,0.003164255133932498,17.7,2.584139659108574,0.0
63,Art ut. L-pulsatility index [PI],0.020600095222162423,0.006198177275500274,8.4,2.7162065049951147,0.0
63,Art ut. L-resistance index [RI],0.0026750993025602774,0.0027690455726319153,19.3,2.406010991015811,0.0
63,BMI [kg/m²],0.08649945274905387,0.024505008110671488,1.1,0.31622776601683794,1.0
63,Bilateral notch,0.02694239712375123,0.011389619363408874,7.2,2.3475755815545343,0.2
63,Doppler_Angiogenic_Index,0.013601183096064378,0.01000106825687286,12.8,5.3499740393970345,0.0
63,Materna age [years],0.002749935181719154,0.0021345480194393074,18.8,1.8135294011647258,0.0
63,Maternal hight [m],0.008903934923709333,0.006019648088341979,13.7,4.029061098237818,0.0
63,Mean PI,0.015094086868724307,0.0030364675616197474,10.4,1.4298407059684812,0.0
63,Mean PSV,0.009616990035998621,0.006477163198625435,14.3,4.137900702315393,0.0
63,Mean RI,0.004072042412024446,0.0021127625200489963,17.2,2.529822128134703,0.0
63,Parity,0.0020878156967559422,0.0021357815941934373,19.7,2.5841396591085735,0.0
63,PlGF_Doppler_Discordance,0.015205838061973908,0.005905865393711766,10.9,2.601281735350223,0.0
63,Placental_Dysfunction_Score,0.031749793741961164,0.016350661566349328,6.3,2.6687491868330797,0.3
63,Pre-pregnancy weight [kg],0.04797663826399777,0.017362123770955102,4.3,2.0027758514399734,0.9
63,S-Flt1 [µg/L],0.06656463595538469,0.011685138317701613,2.4,1.0749676997731399,1.0
63,S-PLGF [µg/L],0.015976282562062745,0.005088594721255794,10.0,2.0548046676563256,0.0
63,log_sFlt1_PlGF,0.04197645924264488,0.014428304365450537,5.1,2.282785822435191,0.6
63,sFLT/PLGF,0.04376664683749078,0.011045603742723927,4.3,0.8232726023485646,1.0
64,Art ut. D-Peak Systolic Velocity [PSV],0.011064488118431979,0.0030050150253849908,11.7,2.110818693198342,0.0
64,Art ut. D-pulsatility index [PI],0.044096141714169514,0.020162191389275632,3.9,2.8460498941515415,0.8
64,Art ut. D-resistance index [RI],0.010065952188415167,0.006923898101376716,13.3,4.78539444560216,0.0
64,Art ut. L-Peak Systolic Velocity [PSV],0.007055660712182624,0.00541108170665815,14.6,4.3256341860022225,0.0
64,Art ut. L-pulsatility index [PI],0.016439502346588926,0.006291989921641258,9.3,3.529242915351047,0.1
64,Art ut. L-resistance index [RI],0.004907530672544754,0.003632929306395445,16.6,4.141926551202418,0.0
64,BMI [kg/m²],0.006069851686323856,0.005411360922894931,15.9,4.332051092342595,0.0
64,Bilateral notch,0.03106417885723261,0.009906426100094783,5.2,2.3944379994757297,0.6
64,Doppler_Angiogenic_Index,0.009356065799662076,0.008527450297224353,13.8,4.3410188256265885,0.0
64,Materna age [years],0.004141617051695912,0.002877846670265382,17.4,3.6270588023294517,0.0
64,Maternal hight [m],0.0040941929381804075,0.003604421590816877,17.5,3.719318934070232,0.0
64,Mean PI,0.031085622917291174,0.017244489624612412,6.8,5.652924513520019,0.5
64,Mean PSV,0.010551749377744678,0.008810827580289622,13.0,5.0771820705759385,0.1
64,Mean RI,0.0035191805390736497,0.003079650537896409,18.0,3.4318767136623336,0.0
64,Parity,0.0026269405020923065,0.0019236492928425455,19.3,2.1108186931983424,0.0
64,PlGF_Doppler_Discordance,0.007277256078181913,0.006152285178048926,14.8,4.263540521418529,0.0
64,Placental_Dysfunction_Score,0.027111578181156004,0.00883821900340448,6.6,2.270584848790187,0.2
64,Pre-pregnancy weight [kg],0.010795691630332635,0.007683637523999558,12.0,4.268749491621899,0.1
64,S-Flt1 [µg/L],0.0693268000655572,0.011256326361069383,1.3,0.6749485577105528,1.0
64,S-PLGF [µg/L],0.008700364466125902,0.00557917591906332,13.8,4.565571644870382,0.0
64,log_sFlt1_PlGF,0.04305763812540079,0.012731924619461557,3.7,1.8287822299126937,0.8
64,sFLT/PLGF,0.03802739713960155,0.01218193850427197,4.5,1.5811388300841898,0.8
65,Art ut. D-Peak Systolic Velocity [PSV],0.004067159592630925,0.0032552469333241556,16.8,4.732863826479693,0.0
65,Art ut. D-pulsatility index [PI],0.00731817154770974,0.004723751139722151,13.5,4.034572812303401,0.0
65,Art ut. D-resistance index [RI],0.002960055025014675,0.0025162901278641633,17.8,3.3928028399998587,0.0
65,Art ut. L-Peak Systolic Velocity [PSV],0.002443018270252442,0.0014686036838201476,18.7,2.406010991015812,0.0
65,Art ut. L-pulsatility index [PI],0.002800931892941734,0.002096728218769551,18.1,3.5103022978402048,0.0
65,Art ut. L-resistance index [RI],0.0085029882476023,0.00266727813095888,11.7,2.7908580918579307,0.0
65,BMI [kg/m²],0.008523130138934944,0.007361210281738821,13.9,5.743595467030116,0.1
65,Bilateral notch,0.007006661535023395,0.004151071318170627,13.1,5.1305187088853135,0.0
65,Doppler_Angiogenic_Index,0.046809333858488136,0.005210157460979809,2.0,1.3333333333333333,1.0
65,Materna age [years],0.00367142393903856,0.003128818734243945,17.1,3.2812599206199233,0.0
65,Maternal hight [m],0.005290325247419377,0.0025246550977302312,14.7,2.9078437983419185,0.0
65,Mean PI,0.011092679467579938,0.005965225824765423,9.5,3.2744804507314167,0.1
65,Mean PSV,0.00857223359439585,0.004031961476030008,11.6,3.8643671323171835,0.0
65,Mean RI,0.0072140800253374686,0.0031770026193516333,13.3,3.0203016773531446,0.0
65,Parity,0.001615418194713465,0.0014923264085121282,19.7,2.6267851073127395,0.0
65,PlGF_Doppler_Discordance,0.01883763778148525,0.007938266615599236,7.3,2.1628170930011112,0.2
65,Placental_Dysfunction_Score,0.04290770385155266,0.00482995365233496,2.9,1.1005049346146119,1.0
65,Pre-pregnancy weight [kg],0.01102109479570034,0.007434656388967408,10.1,4.121757985239902,0.0
65,S-Flt1 [µg/L],0.017226335842865714,0.014265842371428685,9.9,4.458450154232722,0.3
65,S-PLGF [µg/L],0.025960902668875414,0.008281457045630153,5.6,1.5055453054181622,0.5
65,log_sFlt1_PlGF,0.04305476656500999,0.015410053242386397,2.8,1.6193277068654826,0.9
65,sFLT/PLGF,0.0419539243612113,0.014810379139736317,2.9,1.4491376746189437,0.9
66,Art ut. D-Peak Systolic Velocity [PSV],0.00825594648189062,0.00315604889297921,15.6,2.5473297566057065,0.0
66,Art ut. D-pulsatility index [PI],0.02589554783298332,0.002268679506434077,7.4,1.2649110640673518,0.0
66,Art ut. D-resistance index [RI],0.009013975178075988,0.0023373580569921904,15.2,2.6583202716502514,0.0
66,Art ut. L-Peak Systolic Velocity [PSV],0.001783106515485728,0.0012860023793884912,21.0,1.0540925533894598,0.0
66,Art ut. L-pulsatility index [PI],0.018233292584803034,0.0050930655927478394,9.4,2.065591117977289,0.0
66,Art ut. L-resistance index [RI],0.009031225333479484,0.0036132355407058666,14.9,2.8067379246694513,0.0
66,BMI [kg/m²],0.03213569885554636,0.009089330011520014,5.5,1.90029237516523,0.5
66,Bilateral notch,0.010342995957713026,0.004650273735996605,14.3,3.1287200080686177,0.0
66,Doppler_Angiogenic_Index,0.029331938546802144,0.006096956280145935,5.7,1.766981104093143,0.6
66,Materna age [years],0.003475894953527697,0.0018910974535132677,19.5,1.509230856356236,0.0
66,Maternal hight [m],0.0061389247208617995,0.0034358255178727442,18.0,2.8674417556808756,0.0
66,Mean PI,0.011796146133752015,0.003324543609654354,12.9,2.131770260709265,0.0
66,Mean PSV,0.006547277264847185,0.0032106549013128406,16.6,2.674987019698517,0.0
66,Mean RI,0.009925826095830152,0.0032504501413492836,14.5,2.7588242262078078,0.0
66,Parity,0.001246174548005664,0.0011135565621752802,21.4,0.8432740427115679,0.0
66,PlGF_Doppler_Discordance,0.015739530890308388,0.004606753585693488,11.1,2.1832697191750423,0.0
66,Placental_Dysfunction_Score,0.03600609288294564,0.008550343413049897,4.0,1.5634719199411433,0.9
66,Pre-pregnancy weight [kg],0.013785551099074377,0.005752485551787147,11.7,2.5407785333546005,0.0
66,S-Flt1 [µg/L],0.10457027198761286,0.02053909132648009,1.0,0.0,1.0
66,S-PLGF [µg/L],0.025070862654733166,0.005350328478120489,7.1,1.8529256146249728,0.2
66,log_sFlt1_PlGF,0.044684144451894406,0.011492176668964944,3.1,1.286683937707919,0.9
66,sFLT/PLGF,0.043795404389389406,0.009690518291848369,3.1,1.1972189997378648,0.9
67,Art ut. D-Peak Systolic Velocity [PSV],0.0032664452399290217,0.0026611821172823026,17.7,3.497618237219913,0.0
67,Art ut. D-pulsatility index [PI],0.0074039416549752535,0.007305382125425544,15.1,3.8715486421958962,0.0
67,Art ut. D-resistance index [RI],0.008575660234384554,0.005539928369822704,13.6,2.3664319132398464,0.0
67,Art ut. L-Peak Systolic Velocity [PSV],0.0021287468723165874,0.001906935622123439,19.5,2.718251071716682,0.0
67,Art ut. L-pulsatility index [PI],0.013231002376482365,0.007320946300755498,11.3,3.9171985454460234,0.1
67,Art ut. L-resistance index [RI],0.0050161360698883824,0.003667193680196433,15.4,2.547329756605707,0.0
67,BMI [kg/m²],0.07686106305648108,0.023134096360411673,1.4,0.699205898780101,1.0
67,Bilateral notch,0.010139461929138758,0.004589257216705227,11.9,2.5582111805799856,0.0
67,Doppler_Angiogenic_Index,0.02252296409185208,0.00408756826229219,7.3,1.4944341180973264,0.1
67,Materna age [years],0.0026341867633475472,0.0021894102658627746,18.4,2.6749870196985173,0.0
67,Maternal hight [m],0.0033431893839867013,0.0021896408485222703,17.9,2.6012817353502227,0.0
67,Mean PI,0.011007876438165694,0.009159085245523271,13.1,4.175324338699131,0.0
67,Mean PSV,0.008237598959624524,0.005358871547526946,13.4,4.087922591134904,0.0
67,Mean RI,0.005567334574322596,0.0054512487309435,17.0,4.618802153517007,0.0
67,Parity,0.0016003866997114167,0.0010830086974088304,19.8,1.5491933384829664,0.0
67,PlGF_Doppler_Discordance,0.01434465557246398,0.005079683519717989,10.3,1.8287822299126937,0.0
67,Placental_Dysfunction_Score,0.03342043895559167,0.00988422514001257,5.7,1.9465068427541912,0.7
67,Pre-pregnancy weight [kg],0.0475278862748809,0.015277072616340264,3.8,1.9321835661585918,0.8
67,S-Flt1 [µg/L],0.060165387030420715,0.014422340111378138,2.3,0.9486832980505138,1.0
67,S-PLGF [µg/L],0.0198856287470524,0.008847956233702828,8.8,3.2591750830880843,0.0
67,log_sFlt1_PlGF,0.03843845147661556,0.014386397343653875,4.4,2.1186998109427604,0.7
67,sFLT/PLGF,0.03575509426790547,0.010876220221200557,4.9,1.9692073983655907,0.6
68,Art ut. D-Peak Systolic Velocity [PSV],0.002462240687199607,0.0018318437588021536,18.5,2.9533408577782247,0.0
68,Art ut. D-pulsatility index [PI],0.03225458331728408,0.006706658464239886,5.5,1.6499158227686113,0.6
68,Art ut. D-resistance index [RI],0.01022724363445729,0.003248258915832746,12.5,2.173067468400883,0.0
68,Art ut. L-Peak Systolic Velocity [PSV],0.0030987452978406263,0.0023200980270378893,18.0,2.5819888974716116,0.0
68,Art ut. L-pulsatility index [PI],0.02069503546848107,0.008776666215482391,8.2,2.6997942308422114,0.1
68,Art ut. L-resistance index [RI],0.0015091379605305217,0.0010688183097255543,19.7,1.7029386365926398,0.0
68,BMI [kg/m²],0.009216483316980889,0.007483817867535261,13.8,4.802776974487434,0.0
68,Bilateral notch,0.010795387202236119,0.004674491108548612,12.3,2.0027758514399734,0.0
68,Doppler_Angiogenic_Index,0.03212040557418134,0.008653591711636302,5.4,1.1737877907772671,0.5
68,Materna age [years],0.0031304224831724867,0.0023070135405297643,17.7,2.4966644414765335,0.0
68,Maternal hight [m],0.002644753522895738,0.0021426974222775513,18.9,2.2335820757001272,0.0
68,Mean PI,0.01445357954295201,0.007105910232520302,10.6,2.3190036174568114,0.0
68,Mean PSV,0.00439793687239493,0.003628449703837441,17.1,2.8848262031225067,0.0
68,Mean RI,0.009050632355801566,0.004401621528766954,13.4,2.8751811537130436,0.0
68,Parity,0.0016859698835000527,0.0016793090022000168,19.9,2.3309511649396115,0.0
68,PlGF_Doppler_Discordance,0.02011767632790644,0.006851547858649236,8.4,1.6465452046971292,0.0
68,Placental_Dysfunction_Score,0.03801476245582909,0.007609611791533013,4.4,1.1737877907772671,0.9
68,Pre-pregnancy weight [kg],0.0144942731215871,0.006449732452138864,10.4,2.547329756605707,0.0
68,S-Flt1 [µg/L],0.07252031546586406,0.02173775694903264,1.6,0.9660917830792959,1.0
68,S-PLGF [µg/L],0.012087617797748957,0.005810922695865294,11.8,3.3928028399998595,0.0
68,log_sFlt1_PlGF,0.05785873923220493,0.009380229717172065,2.2,1.0327955589886444,1.0
68,sFLT/PLGF,0.05429190934584841,0.008669970185487721,2.7,1.2516655570345725,0.9
69,Art ut. D-Peak Systolic Velocity [PSV],0.002980182080778051,0.0020600834736000423,18.8,2.1499353995462798,0.0
69,Art ut. D-pulsatility index [PI],0.0036423590341436705,0.003791292534905014,19.0,3.126943839882286,0.0
69,Art ut. D-resistance index [RI],0.009624868364871015,0.0048467897380326825,14.9,2.1832697191750423,0.0
69,Art ut. L-Peak Systolic Velocity [PSV],0.0023774130697933596,0.001909508079075159,19.7,1.2516655570345727,0.0
69,Art ut. L-pulsatility index [PI],0.04219105896317189,0.01565427962379882,3.9,2.183269719175042,0.7
69,Art ut. L-resistance index [RI],0.007825183848295551,0.006800474977576076,15.7,3.4657049948186742,0.0
69,BMI [kg/m²],0.04237301944320161,0.01323929592986923,3.6,2.3190036174568114,0.9
69,Bilateral notch,0.02884177458143226,0.006415477827219887,6.8,2.043961295567452,0.3
69,Doppler_Angiogenic_Index,0.037818313964128276,0.010127294065541134,4.0,2.260776661041756,0.8
69,Materna age [years],0.01645780083463581,0.008558248224251257,11.2,4.049691346263317,0.1
69,Maternal hight [m],0.013018720351707189,0.005014671387606211,13.2,3.359894178227774,0.0
69,Mean PI,0.026957861963276347,0.01112390294923876,7.2,3.1198290551460235,0.2
69,Mean PSV,0.011900428136871704,0.005101430688117593,13.6,3.502380143083653,0.0
69,Mean RI,0.013388372806490908,0.0074615707782601,12.9,4.17532433869913,0.0
69,Parity,0.0014327516978406732,0.0015689703554802267,20.7,1.567021236472421,0.0
69,PlGF_Doppler_Discordance,0.02303591450410466,0.003713486804666511,8.3,2.584139659108574,0.1
69,Placental_Dysfunction_Score,0.012716377873415882,0.009682090562415147,13.4,4.402019738458447,0.1
69,Pre-pregnancy weight [kg],0.009184216874970005,0.00428973089707611,14.9,3.3149493041204847,0.0
69,S-Flt1 [µg/L],0.053890913837411104,0.016571522759318315,2.4,3.0983866769659336,0.9
69,S-PLGF [µg/L],0.007890032485734815,0.006345909000558724,16.1,3.725288952252936,0.0
69,log_sFlt1_PlGF,0.029339076294343548,0.01151678269388531,6.8,4.366539438350084,0.5
69,sFLT/PLGF,0.031474709719447914,0.009975270901420119,5.9,2.2335820757001272,0.4
70,Art ut. D-Peak Systolic Velocity [PSV],0.011821516445217794,0.0035380129992800984,9.3,3.0203016773531446,0.0
70,Art ut. D-pulsatility index [PI],0.012951883016100818,0.012117256826335904,11.5,5.582711408148075,0.1
70,Art ut. D-resistance index [RI],0.0037575358604289067,0.0019994656148706407,17.6,3.0983866769659336,0.0
70,Art ut. L-Peak Systolic Velocity [PSV],0.0044400703323036386,0.0034836246021042196,17.1,3.381321240777535,0.0
70,Art ut. L-pulsatility index [PI],0.028874924596293684,0.01058648681477488,4.4,2.1186998109427604,0.8
70,Art ut. L-resistance index [RI],0.005254195490985868,0.003390517012290971,15.2,3.823901439919996,0.0
70,BMI [kg/m²],0.03252833853318891,0.01616422174467476,4.7,3.945461527713414,0.7
70,Bilateral notch,0.014106407470032164,0.0048441907217483225,8.3,2.4060109910158114,0.2
70,Doppler_Angiogenic_Index,0.017779339908918647,0.0073202512589788,7.1,4.90917508345343,0.5
70,Materna age [years],0.002509148942283126,0.0017030700872866559,18.5,3.749073959733997,0.0
70,Maternal hight [m],0.0029109768874387306,0.0018949960759801654,19.2,1.9321835661585918,0.0
70,Mean PI,0.011278377362050908,0.007977615743496692,11.8,5.202563470700445,0.1
70,Mean PSV,0.015712107688406463,0.004496799993430959,7.2,2.6997942308422114,0.3
70,Mean RI,0.006857772421628114,0.00463268450828418,13.6,3.062315754094893,0.0
70,Parity,0.003324475319917284,0.0022344544651796716,17.3,3.267686915507324,0.0
70,PlGF_Doppler_Discordance,0.007154896031423585,0.00402499276766645,13.5,3.0276503540974917,0.0
70,Placental_Dysfunction_Score,0.0556667825948276,0.01202028339950782,1.4,0.6992058987801011,1.0
70,Pre-pregnancy weight [kg],0.005985157477471195,0.0033027699494173387,14.9,4.1486276177925525,0.0
70,S-Flt1 [µg/L],0.03951939573666852,0.017529344876351226,3.4,3.204163957519444,0.9
70,S-PLGF [µg/L],0.018035259963614166,0.0056863820495392774,7.3,2.9078437983419185,0.2
70,log_sFlt1_PlGF,0.007308752075211393,0.012114657030291711,16.0,6.091888960832355,0.1
70,sFLT/PLGF,0.009501684868278142,0.011181245264280538,13.7,5.6381636096240495,0.1
71,Art ut. D-Peak Systolic Velocity [PSV],0.0025122541190289067,0.0024336834589610556,18.0,3.7712361663282534,0.0
71,Art ut. D-pulsatility index [PI],0.005138768393870692,0.003175167502383582,13.6,4.060651288757616,0.0
71,Art ut. D-resistance index [RI],0.0027303937051916744,0.0029054381764016045,17.0,3.5590260840104366,0.0
71,Art ut. L-Peak Systolic Velocity [PSV],0.0037789005126418946,0.0031177955449246957,16.1,4.175324338699131,0.0
71,Art ut. L-pulsatility index [PI],0.007194637194223197,0.005162928527146467,12.0,4.546060565661952,0.0
71,Art ut. L-resistance index [RI],0.00802171253756749,0.004001657161061192,11.7,4.083843505544475,0.0
71,BMI [kg/m²],0.00856268583378865,0.007379029711664212,12.2,4.26354052141853,0.0
71,Bilateral notch,0.0030539466211882945,0.002740285449793529,17.3,3.7431418769679454,0.0
71,Doppler_Angiogenic_Index,0.05936152239586863,0.006936640456683529,1.8,0.6324555320336759,1.0
71,Materna age [years],0.0029073637572388524,0.0013495312037318725,16.5,3.0276503540974917,0.0
71,Maternal hight [m],0.004536861019191395,0.0021616053866202866,14.7,4.164666186436128,0.0
71,Mean PI,0.0031988900727510155,0.003278198661857841,17.3,4.2176876234364356,0.0
71,Mean PSV,0.0052346850461099555,0.002949910584295972,14.6,4.926120853842978,0.0
71,Mean RI,0.004374366046839425,0.0034116919063742865,14.7,4.347413023856832,0.0
71,Parity,0.0025738298507183713,0.0015665116382250037,17.3,3.5605867181937554,0.0
71,PlGF_Doppler_Discordance,0.027488941859720117,0.003381444340923543,5.8,0.6324555320336759,0.3
71,Placental_Dysfunction_Score,0.013040215658005422,0.012113337094101374,9.7,3.301514803843836,0.1
71,Pre-pregnancy weight [kg],0.013935750188963961,0.00804676785769812,8.7,2.869378562220979,0.1
71,S-Flt1 [µg/L],0.05691012976505232,0.023740068826765916,2.8,2.4855135843076335,0.8
71,S-PLGF [µg/L],0.03345609996488993,0.004395337905148062,4.9,0.8755950357709131,0.8
71,log_sFlt1_PlGF,0.05085889011214345,0.014207881340199574,2.8,1.1352924243950933,1.0
71,sFLT/PLGF,0.046034903771752886,0.010138921718260651,3.5,1.1785113019775793,0.9
72,Art ut. D-Peak Systolic Velocity [PSV],0.011892463261577637,0.003706910744833588,11.1,2.4244128727957577,0.0
72,Art ut. D-pulsatility index [PI],0.005122281990751253,0.0030976986773398607,16.7,3.497618237219913,0.0
72,Art ut. D-resistance index [RI],0.006288938182185759,0.004102071857223428,15.5,3.6590830666833583,0.0
72,Art ut. L-Peak Systolic Velocity [PSV],0.0028502628622258403,0.0016466096317930266,19.0,2.494438257849294,0.0
72,Art ut. L-pulsatility index [PI],0.017152451541189072,0.010518055832885212,9.2,3.7653389990514503,0.1
72,Art ut. L-resistance index [RI],0.009778771543617743,0.004621605058477333,12.3,4.2176876234364356,0.0
72,BMI [kg/m²],0.039055739240056064,0.015368020875199766,4.4,2.4129281427805145,0.8
72,Bilateral notch,0.010315977738541971,0.0025126340092953476,11.5,1.9578900207451218,0.0
72,Doppler_Angiogenic_Index,0.02585806290881033,0.007456673562670879,6.2,1.2292725943057183,0.3
72,Materna age [years],0.004309017916001553,0.0025491247549883638,16.9,3.7549966711037177,0.0
72,Maternal hight [m],0.004258257099171685,0.0019083830089390388,17.1,2.2827858224351916,0.0
72,Mean PI,0.0130402155525289,0.00699074818907761,11.0,3.711842908553348,0.0
72,Mean PSV,0.00408606089603133,0.0036273080432107545,17.7,3.267686915507325,0.0
72,Mean RI,0.005775593090566422,0.003878820071736493,15.5,3.4075080500434796,0.0
72,Parity,0.0014080137148918459,0.0017798202737310113,20.8,2.1499353995462798,0.0
72,PlGF_Doppler_Discordance,0.010406766409491248,0.006239783413127495,12.8,4.263540521418529,0.0
72,Placental_Dysfunction_Score,0.026048072225408937,0.006643458013746644,6.3,1.70293863659264,0.4
72,Pre-pregnancy weight [kg],0.027763881599393792,0.010931217076197802,6.1,1.5951314818673867,0.4
72,S-Flt1 [µg/L],0.08314079117451731,0.01654650516448714,1.0,0.0,1.0
72,S-PLGF [µg/L],0.0056643107403738045,0.0037196568595149054,16.1,3.8137179293236207,0.0
72,log_sFlt1_PlGF,0.0554775453631105,0.012598482122655639,2.5,0.7071067811865475,1.0
72,sFLT/PLGF,0.04838883350496824,0.011605055470275622,3.3,0.9486832980505138,1.0
73,Art ut. D-Peak Systolic Velocity [PSV],0.022286295785040253,0.0078099834439554145,8.0,2.6246692913372702,0.2
73,Art ut. D-pulsatility index [PI],0.011730253084336102,0.006087342154378259,12.1,4.175324338699131,0.1
73,Art ut. D-resistance index [RI],0.008349196203903871,0.003588632854370448,14.7,2.9832867780352594,0.0
73,Art ut. L-Peak Systolic Velocity [PSV],0.004338553893856437,0.003531008562877527,18.5,3.24037034920393,0.0
73,Art ut. L-pulsatility index [PI],0.009073014395824489,0.006414112600366905,15.1,4.629614814791111,0.0
73,Art ut. L-resistance index [RI],0.00565619258124125,0.004081836655959822,16.8,3.0840089349921005,0.0
73,BMI [kg/m²],0.05732885010236925,0.020508048635476693,2.2,2.440400695696417,0.9
73,Bilateral notch,0.007304626817909246,0.004053110467222769,15.6,2.9514591494904874,0.0
73,Doppler_Angiogenic_Index,0.022570177929192838,0.012535393838010292,8.0,3.8297084310253524,0.3
73,Materna age [years],0.0024138986288424345,0.002620554064827937,20.1,2.183269719175042,0.0
73,Maternal hight [m],0.00910439302902619,0.004971305711640335,14.6,3.4058772731852804,0.0
73,Mean PI,0.009640387992775699,0.009967810282971468,14.8,5.921711464320654,0.1
73,Mean PSV,0.01877068128299892,0.006946661938807327,9.1,3.8137179293236216,0.1
73,Mean RI,0.017851856614194868,0.007843270518930643,9.4,4.005551702879947,0.1
73,Parity,0.003313074400522452,0.0023846257122357687,19.4,2.3664319132398464,0.0
73,PlGF_Doppler_Discordance,0.01434438690840525,0.00659650366108821,11.2,3.2930904093942583,0.0
73,Placental_Dysfunction_Score,0.04354432045159645,0.011518115769296889,3.2,0.9189365834726815,1.0
73,Pre-pregnancy weight [kg],0.02875429488292023,0.01608188874535991,7.4,5.4812812776251905,0.5
73,S-Flt1 [µg/L],0.05762651943172117,0.010091604070388244,1.7,0.6749485577105528,1.0
73,S-PLGF [µg/L],0.0063308128968330825,0.004098651062386548,15.9,3.6040101122068027,0.0
73,log_sFlt1_PlGF,0.02659141674907565,0.012787001148838224,7.8,4.7093288033198295,0.3
73,sFLT/PLGF,0.028554808754807204,0.015627391055725158,7.4,4.247875285886398,0.4
74,Art ut. D-Peak Systolic Velocity [PSV],0.0038815792504945197,0.0027744562780229937,17.3,2.94580681270476,0.0
74,Art ut. D-pulsatility index [PI],0.015495220180536168,0.009661910796136042,9.1,4.306326095924976,0.3
74,Art ut. D-resistance index [RI],0.005651269582521198,0.005103301358702091,15.2,5.769652406245015,0.0
74,Art ut. L-Peak Systolic Velocity [PSV],0.005902287580655745,0.005211596806181218,15.3,4.78539444560216,0.0
74,Art ut. L-pulsatility index [PI],0.00976584869841109,0.008456415188779721,12.4,4.835057163858332,0.1
74,Art ut. L-resistance index [RI],0.005369010940394438,0.004817269638870879,15.3,5.578729445153459,0.0
74,BMI [kg/m²],0.044690093201630574,0.022659129028339747,2.6,1.8973665961010275,0.9
74,Bilateral notch,0.0034736254479846565,0.0012882257746820538,17.3,2.2135943621178655,0.0
74,Doppler_Angiogenic_Index,0.02322850852630152,0.017378509389598003,8.0,6.68331255192114,0.5
74,Materna age [years],0.004297577031460363,0.0025782196120137913,16.4,3.8355066303046734,0.0
74,Maternal hight [m],0.005565050047916059,0.0028389846383201343,14.3,4.110960958218893,0.0
74,Mean PI,0.027111028205422133,0.018399162854725145,5.7,4.967673276069772,0.5
74,Mean PSV,0.010526584484167517,0.005445324186991085,11.0,3.39934634239519,0.0
74,Mean RI,0.004050088291991287,0.0024843660157965234,17.0,3.333333333333333,0.0
74,Parity,0.003142050351835308,0.002691508466541707,18.0,3.4641016151377544,0.0
74,PlGF_Doppler_Discordance,0.00809146754744828,0.005188854711327983,12.6,4.452215428550399,0.0
74,Placental_Dysfunction_Score,0.04431519261449044,0.019612655242956363,3.1,2.0248456731316584,0.8
74,Pre-pregnancy weight [kg],0.015297914580025853,0.0066424122411914,9.2,3.9384147967311813,0.1
74,S-Flt1 [µg/L],0.023240550522605492,0.015458961093134792,7.7,6.447221623821123,0.7
74,S-PLGF [µg/L],0.015800123300349623,0.011123538831790554,10.0,7.0710678118654755,0.3
74,log_sFlt1_PlGF,0.019637743948246047,0.014969868117788282,7.8,4.4671641514002545,0.3
74,sFLT/PLGF,0.0188883095800279,0.013572007274441243,7.7,5.558776843874917,0.5
75,Art ut. D-Peak Systolic Velocity [PSV],0.007786372151296921,0.0023012739188865263,14.0,2.581988897471611,0.0
75,Art ut. D-pulsatility index [PI],0.00804115630879718,0.005835358693028284,14.3,4.643992535164831,0.0
75,Art ut. D-resistance index [RI],0.006977613172509886,0.0020651159185610694,14.4,2.1186998109427604,0.0
75,Art ut. L-Peak Systolic Velocity [PSV],0.0014915981028999175,0.0011463430157370984,20.7,1.1595018087284057,0.0
75,Art ut. L-pulsatility index [PI],0.013945748376403933,0.006128772705646353,11.3,4.137900702315393,0.0
75,Art ut. L-resistance index [RI],0.0022827972823682274,0.0017535503005980924,19.5,2.2236106773543893,0.0
75,BMI [kg/m²],0.038202264373772714,0.012947761045656987,5.1,1.7919573407620815,0.5
75,Bilateral notch,0.011373601703555197,0.005004988127883058,12.2,2.7406406388125952,0.0
75,Doppler_Angiogenic_Index,0.04866361400837015,0.007409018427475729,4.1,1.286683937707919,0.8
75,Materna age [years],0.005294232253912091,0.0017662526872558161,16.4,1.8378731669453627,0.0
75,Maternal hight [m],0.0031911253449990245,0.002023398202257362,18.1,2.766867462592951,0.0
75,Mean PI,0.01302419834560258,0.011845249706376976,13.4,5.521674464226308,0.0
75,Mean PSV,0.00877536704699855,0.004099874985471058,13.5,3.2744804507314167,0.0
75,Mean RI,0.007207329913733092,0.004302013485224579,15.0,3.1622776601683795,0.0
75,Parity,0.0015141507124634692,0.0006001308708976879,20.2,1.3984117975602022,0.0
75,PlGF_Doppler_Discordance,0.02190745519997104,0.00507422994448198,7.8,1.0327955589886444,0.0
75,Placental_Dysfunction_Score,0.05667491665356653,0.009133041071719942,2.9,1.286683937707919,1.0
75,Pre-pregnancy weight [kg],0.015378341622309605,0.004985843621703572,9.1,2.282785822435191,0.0
75,S-Flt1 [µg/L],0.0703823139201771,0.011465246786840964,1.6,1.07496769977314,1.0
75,S-PLGF [µg/L],0.012968472608385897,0.008996787501571348,11.9,3.478505426185217,0.0
75,log_sFlt1_PlGF,0.04996322294556307,0.010868945909563306,3.5,1.5811388300841898,0.9
75,sFLT/PLGF,0.04880340824457761,0.0097377805466852,4.0,1.632993161855452,0.8
76,Art ut. D-Peak Systolic Velocity [PSV],0.0038616636537075464,0.00234170038622943,16.5,2.41522945769824,0.0
76,Art ut. D-pulsatility index [PI],0.04267940545773493,0.02039871270719113,4.7,3.0203016773531455,0.7
76,Art ut. D-resistance index [RI],0.0059440009528932605,0.0047102684719732045,15.8,4.516635916254486,0.0
76,Art ut. L-Peak Systolic Velocity [PSV],0.0024818797267794753,0.0026046954982572564,18.7,4.24394994210713,0.0
76,Art ut. L-pulsatility index [PI],0.01525090473940507,0.00803268007501567,10.1,2.601281735350223,0.0
76,Art ut. L-resistance index [RI],0.0023504236667860395,0.0020068857039357247,18.9,3.0349812373573424,0.0
76,BMI [kg/m²],0.021236444348317923,0.008136688750804264,7.6,1.8973665961010275,0.2
76,Bilateral notch,0.0227167547344448,0.010715903135483656,7.4,2.1186998109427604,0.2
76,Doppler_Angiogenic_Index,0.02039950970511824,0.011133655773086651,8.7,2.584139659108574,0.2
76,Materna age [years],0.0054412562412901695,0.003129323549853938,15.3,4.029061098237818,0.0
76,Maternal hight [m],0.0046753364436396775,0.002850501641412657,15.7,2.0575065816014617,0.0
76,Mean PI,0.013034704259499943,0.008088045215073544,11.1,4.201851443775179,0.0
76,Mean PSV,0.00386875630622138,0.0020693259825307043,16.5,2.758824226207808,0.0
76,Mean RI,0.003580507092365879,0.0025368225722544177,16.9,3.7252889522529364,0.0
76,Parity,0.0025197031776364883,0.0013716961382234279,17.7,2.79085809185793,0.0
76,PlGF_Doppler_Discordance,0.004359754628023971,0.0024441259586326426,15.6,3.921450978627398,0.0
76,Placental_Dysfunction_Score,0.04085052933404854,0.010244076247677144,4.6,1.3498971154211061,0.9
76,Pre-pregnancy weight [kg],0.003429551475551978,0.0016023432583567958,16.5,3.3416562759605704,0.0
76,S-Flt1 [µg/L],0.07890021273981826,0.008316211464409562,1.0,0.0,1.0
76,S-PLGF [µg/L],0.022099449822723924,0.005013443630095896,7.3,1.7669811040931427,0.0
76,log_sFlt1_PlGF,0.05473835366584097,0.013377344774250649,3.0,1.632993161855452,0.8
76,sFLT/PLGF,0.052740022771012196,0.011847049253166092,3.4,0.5163977794943223,1.0
77,Art ut. D-Peak Systolic Velocity [PSV],0.00683008971772148,0.0033605001475208052,14.4,3.777124126457412,0.0
77,Art ut. D-pulsatility index [PI],0.02368177594531467,0.009032870505263163,5.8,3.6453928305312844,0.6
77,Art ut. D-resistance index [RI],0.006406678328526631,0.007086550694745949,16.3,5.229191567005787,0.1
77,Art ut. L-Peak Systolic Velocity [PSV],0.0035270328863558132,0.0018490810430387705,18.0,2.7080128015453195,0.0
77,Art ut. L-pulsatility index [PI],0.011618169494067429,0.005331760632810838,11.1,4.483302354291979,0.0
77,Art ut. L-resistance index [RI],0.00979543742044673,0.007823066748086449,13.2,5.28730134903956,0.1
77,BMI [kg/m²],0.023610741071563225,0.01278341551862807,5.2,3.0110906108363245,0.5
77,Bilateral notch,0.009452309033392075,0.0038527684000966853,12.6,3.438345855527367,0.0
77,Doppler_Angiogenic_Index,0.03247853718913674,0.007527093620738017,2.8,1.3165611772087666,0.9
77,Materna age [years],0.0027110261933266993,0.002486209164449412,18.4,2.988868236194653,0.0
77,Maternal hight [m],0.002766188687638046,0.002229190126775181,18.6,3.2041639575194436,0.0
77,Mean PI,0.010196342662688002,0.005248431517353496,11.7,4.78539444560216,0.1
77,Mean PSV,0.005225149575571108,0.003449682600792262,15.9,3.8715486421958962,0.0
77,Mean RI,0.014221179628109443,0.008210420572154249,10.3,5.250396810400779,0.1
77,Parity,0.001202165808849549,0.0006690096556975933,20.2,1.3984117975602017,0.0
77,PlGF_Doppler_Discordance,0.01686987480708717,0.008136627307985637,8.0,2.8674417556808756,0.3
77,Placental_Dysfunction_Score,0.022491963669531108,0.0063834490992870484,5.5,2.718251071716682,0.7
77,Pre-pregnancy weight [kg],0.014689235915327656,0.00829602094900254,9.4,3.8355066303046734,0.2
77,S-Flt1 [µg/L],0.12455587773571282,0.012833276194079892,1.0,0.0,1.0
77,S-PLGF [µg/L],0.013593118028557847,0.006342203549611464,9.6,3.596294389136314,0.2
77,log_sFlt1_PlGF,0.0124889560139828,0.00973379368503392,12.2,5.996295152471695,0.1
77,sFLT/PLGF,0.010823619110882433,0.01017985589803427,12.8,5.533734925185902,0.1
78,Art ut. D-Peak Systolic Velocity [PSV],0.005377336451720272,0.0037944387069608868,16.1,2.6012817353502227,0.0
78,Art ut. D-pulsatility index [PI],0.011287431014952939,0.008693649577188477,13.3,4.029061098237818,0.0
78,Art ut. D-resistance index [RI],0.00568069210970193,0.004787612120330453,16.5,4.089281382128433,0.0
78,Art ut. L-Peak Systolic Velocity [PSV],0.003320549065486217,0.002828272135376294,18.4,2.7162065049951156,0.0
78,Art ut. L-pulsatility index [PI],0.008881941780321501,0.008100110577198812,14.5,4.453463071962462,0.0
78,Art ut. L-resistance index [RI],0.004752302558256811,0.0038802603616962354,17.1,2.726414006223804,0.0
78,BMI [kg/m²],0.03226580603912925,0.010880824561177999,7.1,1.5951314818673867,0.0
78,Bilateral notch,0.007088613075754311,0.003102646358843513,14.7,2.0027758514399734,0.0
78,Doppler_Angiogenic_Index,0.048104850274855615,0.010983811619005931,4.8,2.0976176963403033,0.7
78,Materna age [years],0.0035235957075719026,0.0027841403370629687,17.6,2.1705094128132956,0.0
78,Maternal hight [m],0.001682822706643252,0.0018617687011619217,20.0,2.3570226039551585,0.0
78,Mean PI,0.0323733319837452,0.015777119103472282,7.6,4.788875998951459,0.4
78,Mean PSV,0.01209295671970887,0.0037440763741549347,12.4,2.1186998109427604,0.0
78,Mean RI,0.014536102544842342,0.010207268836514042,11.8,4.442221666388715,0.0
78,Parity,0.0016806569384834335,0.0013691530680471624,20.1,2.0789954839350235,0.0
78,PlGF_Doppler_Discordance,0.02400645234017093,0.010127763479754038,9.0,2.0548046676563256,0.0
78,Placental_Dysfunction_Score,0.05826557873102726,0.010517778334872323,3.2,1.4757295747452435,1.0
78,Pre-pregnancy weight [kg],0.013376988243453684,0.006726019910118388,12.4,3.134042472944843,0.0
78,S-Flt1 [µg/L],0.06586484214865271,0.008901574620729737,2.0,1.247219128924647,1.0
78,S-PLGF [µg/L],0.02581379354030728,0.00781948052427654,8.3,1.4181364924121764,0.0
78,log_sFlt1_PlGF,0.0607279406818369,0.012835601301240484,2.6,1.429840705968481,1.0
78,sFLT/PLGF,0.05651514993086289,0.013590018684223234,3.5,1.6499158227686108,0.9
79,Art ut. D-Peak Systolic Velocity [PSV],0.0078016003588047556,0.006271179336941701,13.6,4.880801391392834,0.0
79,Art ut. D-pulsatility index [PI],0.015101429767788055,0.011717990059464906,11.0,5.436502143433364,0.2
79,Art ut. D-resistance index [RI],0.003938365618069833,0.0021316150783467444,15.9,3.4140233677518315,0.0
79,Art ut. L-Peak Systolic Velocity [PSV],0.00214980355348307,0.0015101545387551673,19.1,2.514402955419481,0.0
79,Art ut. L-pulsatility index [PI],0.017240303717615688,0.01041486022878014,9.3,2.79085809185793,0.1
79,Art ut. L-resistance index [RI],0.0029689559592345318,0.0022410379323939676,17.8,2.859681411936963,0.0
79,BMI [kg/m²],0.029130307195862636,0.009907076479473882,6.2,2.394437999475729,0.5
79,Bilateral notch,0.0034873944109531665,0.001896559249029257,16.8,3.119829055146025,0.0
79,Doppler_Angiogenic_Index,0.02936346946150334,0.008682603592364524,6.0,1.5634719199411433,0.3
79,Materna age [years],0.007529195026064907,0.004987296551488935,14.1,3.956710193526379,0.0
79,Maternal hight [m],0.002219458373156924,0.0010834835186537674,18.2,2.0976176963403033,0.0
79,Mean PI,0.007486805022678169,0.005558639934200445,13.5,3.9791121287711073,0.0
79,Mean PSV,0.0033429084093598927,0.003811150420457535,18.2,3.6453928305312835,0.0
79,Mean RI,0.009468039086953638,0.0056865393144306395,12.1,3.510302297840205,0.0
79,Parity,0.0024349852370513085,0.0014084395441518922,18.5,2.592724864350674,0.0
79,PlGF_Doppler_Discordance,0.00726382080437941,0.004276461445355448,13.5,4.1163630117428225,0.0
79,Placental_Dysfunction_Score,0.05188281807911922,0.012775366250632662,2.7,0.8232726023485645,1.0
79,Pre-pregnancy weight [kg],0.017994485148224427,0.005247935196522357,8.8,2.6583202716502514,0.0
79,S-Flt1 [µg/L],0.11836672127972944,0.014481439798249946,1.0,0.0,1.0
79,S-PLGF [µg/L],0.015456051791499097,0.005944495374354133,9.9,3.2128215360057304,0.0
79,log_sFlt1_PlGF,0.04310978607541976,0.00612322189182547,3.6,1.2649110640673518,0.9
79,sFLT/PLGF,0.04255890269148622,0.0055293355528583145,3.2,1.0327955589886444,1.0
80,Art ut. D-Peak Systolic Velocity [PSV],0.004714448844037406,0.00234915102487724,15.1,2.1317702607092643,0.0
80,Art ut. D-pulsatility index [PI],0.01688510408847681,0.004254916530799817,8.4,1.837873166945363,0.0
80,Art ut. D-resistance index [RI],0.0028535070755067744,0.0018804344036150512,17.4,2.590581230363393,0.0
80,Art ut. L-Peak Systolic Velocity [PSV],0.011495055829067716,0.009506560744910294,12.1,4.90917508345343,0.1
80,Art ut. L-pulsatility index [PI],0.006185421320855629,0.0039303627403498706,13.9,2.282785822435191,0.0
80,Art ut. L-resistance index [RI],0.002377222109986363,0.001846349454506673,17.5,3.100179206289712,0.0
80,BMI [kg/m²],0.0154511270756092,0.005830933075660739,9.0,2.211083193570267,0.0
80,Bilateral notch,0.0008620114913310363,0.0006566710434853286,19.7,2.2632326929023945,0.0
80,Doppler_Angiogenic_Index,0.037672376907419494,0.004860407906232634,5.2,0.42163702135578424,0.8
80,Materna age [years],0.0037418960596513695,0.0036537843883566183,16.9,3.281259920619923,0.0
80,Maternal hight [m],0.0019564732881106393,0.0025014069381972186,19.5,3.0276503540974913,0.0
80,Mean PI,0.017614224806261212,0.007322681188380856,8.7,1.9465068427541912,0.1
80,Mean PSV,0.007811908129754179,0.0031112227686284567,13.1,2.0789954839350235,0.0
80,Mean RI,0.013266191192314928,0.005464043589735076,10.5,2.223610677354388,0.0
80,Parity,0.001661636948259712,0.0012480416557792272,18.8,1.8135294011647254,0.0
80,PlGF_Doppler_Discordance,0.013107946446998744,0.010440518379645058,11.9,5.195083145522205,0.0
80,Placental_Dysfunction_Score,0.04925754188615408,0.007546889970579365,3.8,0.6324555320336759,1.0
80,Pre-pregnancy weight [kg],0.0024319367059532386,0.0021780339154282955,18.2,2.6583202716502514,0.0
80,S-Flt1 [µg/L],0.12162375040351985,0.014799856078164305,1.0,0.0,1.0
80,S-PLGF [µg/L],0.02160888392253375,0.005039987454025934,7.1,0.9944289260117535,0.0
80,log_sFlt1_PlGF,0.06480861740191901,0.006058756844544142,2.3,0.4830458915396479,1.0
80,sFLT/PLGF,0.06042618440874897,0.006197104873808954,2.9,0.5676462121975469,1.0
81,Art ut. D-Peak Systolic Velocity [PSV],0.005717018739558308,0.0033482679184836293,16.7,2.9078437983419185,0.0
81,Art ut. D-pulsatility index [PI],0.028530320666781555,0.011175203268208086,7.8,3.8239014399199958,0.2
81,Art ut. D-resistance index [RI],0.004392872332133041,0.0018387038163405827,17.7,2.3118054512532935,0.0
81,Art ut. L-Peak Systolic Velocity [PSV],0.0055033711507040915,0.004553184537353672,17.1,3.7252889522529364,0.0
81,Art ut. L-pulsatility index [PI],0.020187715360526822,0.0052770009425110575,9.1,1.5951314818673865,0.0
81,Art ut. L-resistance index [RI],0.0025632101157862276,0.0010318197315172313,19.4,1.7126976771553502,0.0
81,BMI [kg/m²],0.032188425404130784,0.009294514047042738,6.0,1.8856180831641265,0.3
81,Bilateral notch,0.019505493962029635,0.012030923355149253,10.1,3.414023367751831,0.1
81,Doppler_Angiogenic_Index,0.035232533614957144,0.006765998295649884,6.1,1.286683937707919,0.5
81,Materna age [years],0.005891921135948752,0.003342196436859422,16.4,3.2386554137309647,0.0
81,Maternal hight [m],0.0016668587402440497,0.0016569090077877048,20.8,1.8737959096740262,0.0
81,Mean PI,0.007601868974774497,0.004127955205651769,15.3,2.1628170930011112,0.0
81,Mean PSV,0.015440528994092964,0.005327414105129742,11.0,1.5634719199411433,0.0
81,Mean RI,0.0056600427309972876,0.00299423371447799,16.0,3.1269438398822857,0.0
81,Parity,0.0032857243282149334,0.0017451038432992822,18.8,1.6865480854231358,0.0
81,PlGF_Doppler_Discordance,0.018482634217100582,0.009453944485539156,9.9,2.998147576235848,0.0
81,Placental_Dysfunction_Score,0.04464647177272356,0.007882392739711096,4.3,1.1595018087284057,0.9
81,Pre-pregnancy weight [kg],0.011757578817251627,0.006056532819242327,12.9,3.178049716414141,0.0
81,S-Flt1 [µg/L],0.08063117917504688,0.008831004781186652,1.0,0.0,1.0
81,S-PLGF [µg/L],0.015330491282719558,0.007927714606289809,11.2,4.315347288715269,0.0
81,log_sFlt1_PlGF,0.05641359765332016,0.007189007714739625,2.2,0.4216370213557839,1.0
81,sFLT/PLGF,0.051033951044894874,0.008225903919470425,3.2,0.9189365834726815,1.0
82,Art ut. D-Peak Systolic Velocity [PSV],0.007913363269636566,0.002287276403303833,14.6,2.1186998109427604,0.0
82,Art ut. D-pulsatility index [PI],0.021852218411395008,0.007960542037024444,7.7,2.496664441476534,0.1
82,Art ut. D-resistance index [RI],0.004750748569731919,0.0027140434991867945,17.3,3.0568684048294332,0.0
82,Art ut. L-Peak Systolic Velocity [PSV],0.005807748811482449,0.004184148670265421,16.9,3.984692933938295,0.0
82,Art ut. L-pulsatility index [PI],0.010357458664286693,0.0061721788830813445,13.3,4.691600058733812,0.0
82,Art ut. L-resistance index [RI],0.0071292508590202735,0.003329257507006194,14.9,3.142893217686178,0.0
82,BMI [kg/m²],0.043443791697345635,0.00810048993947998,3.3,1.5670212364724212,0.9
82,Bilateral notch,0.007324527187751287,0.0024645943878442446,14.7,2.3118054512532935,0.0
82,Doppler_Angiogenic_Index,0.03473630454390546,0.007009182556462309,4.6,1.505545305418162,0.7
82,Materna age [years],0.005078425581080547,0.004994387594954102,17.6,3.405877273185281,0.0
82,Maternal hight [m],0.0034399790655181206,0.002210508256706753,19.0,2.309401076758503,0.0
82,Mean PI,0.009270039868615056,0.003018901766796763,13.2,2.440400695696417,0.0
82,Mean PSV,0.013415959915137188,0.0045012014476592385,11.2,2.6583202716502514,0.0
82,Mean RI,0.0055592342014925316,0.002499171365273164,16.9,2.4698178070456933,0.0
82,Parity,0.0007485968857382736,0.00043126148368105707,21.7,0.48304589153964783,0.0
82,PlGF_Doppler_Discordance,0.017800646462819297,0.0047375447132831355,9.1,1.8529256146249726,0.0
82,Placental_Dysfunction_Score,0.04471525539748357,0.007678759713129789,2.7,1.0593499054713802,1.0
82,Pre-pregnancy weight [kg],0.02008085136957153,0.004544367999219499,8.5,1.7795130420052185,0.0
82,S-Flt1 [µg/L],0.10819424445421458,0.01159849671221012,1.0,0.0,1.0
82,S-PLGF [µg/L],0.008334341782562116,0.004776061331273564,14.8,4.5166359162544865,0.0
82,log_sFlt1_PlGF,0.033821168714107015,0.004441158758490172,4.4,0.9660917830792958,0.9
82,sFLT/PLGF,0.02980027244263402,0.007330788270422695,5.6,1.3498971154211057,0.4
83,Art ut. D-Peak Systolic Velocity [PSV],0.007035238043392988,0.003937464806926715,14.2,3.5213633723318014,0.0
83,Art ut. D-pulsatility index [PI],0.01854346531366955,0.00504058317521624,8.5,2.0138409955990952,0.1
83,Art ut. D-resistance index [RI],0.004575977129492966,0.002964251531026757,17.7,3.2676869155073254,0.0
83,Art ut. L-Peak Systolic Velocity [PSV],0.007657762119123575,0.0038955596684660133,14.1,2.183269719175042,0.0
83,Art ut. L-pulsatility index [PI],0.01922796615252088,0.0064911509678378596,8.5,1.7795130420052185,0.0
83,Art ut. L-resistance index [RI],0.0061214793851743134,0.0053322520228572855,16.2,4.157990967870046,0.0
83,BMI [kg/m²],0.03675272253865737,0.010719122978045385,4.4,2.270584848790187,0.8
83,Bilateral notch,0.008744961039516637,0.0030119992147265226,13.4,2.3190036174568114,0.0
83,Doppler_Angiogenic_Index,0.02762415458521485,0.004539688660608797,5.9,1.2866839377079184,0.3
83,Materna age [years],0.004394996660703121,0.004437991552426776,17.4,4.402019738458447,0.0
83,Maternal hight [m],0.002661718486558073,0.0021512777427848315,18.6,3.7178249316263163,0.0
83,Mean PI,0.009451220702523884,0.008090562992919595,14.2,4.962078417580906,0.0
83,Mean PSV,0.015533930741176339,0.005691877036273301,9.8,2.485513584307633,0.0
83,Mean RI,0.0045732960763213365,0.0032044379700300004,17.1,3.1780497164141406,0.0
83,Parity,0.0020785138974711258,0.0018072670592492184,19.7,2.057506581601462,0.0
83,PlGF_Doppler_Discordance,0.006800429151394653,0.003840891156638552,15.0,3.197221015541813,0.0
83,Placental_Dysfunction_Score,0.04770404044096634,0.009303053382388715,2.8,1.3165611772087666,1.0
83,Pre-pregnancy weight [kg],0.016947212425066978,0.006935114441877923,9.3,2.9832867780352594,0.0
83,S-Flt1 [µg/L],0.10758060878498618,0.013125011097578639,1.0,0.0,1.0
83,S-PLGF [µg/L],0.0037642153649187493,0.002692632455370183,17.4,3.2727833889689544,0.0
83,log_sFlt1_PlGF,0.04006385801348348,0.009495920136854038,3.7,1.3374935098492589,0.9
83,sFLT/PLGF,0.03781008759466958,0.008966851887023966,4.1,1.286683937707919,0.9
84,Art ut. D-Peak Systolic Velocity [PSV],0.004419905001392059,0.0019176262454307419,16.4,2.1705094128132942,0.0
84,Art ut. D-pulsatility index [PI],0.011212344756010104,0.004508223212302948,10.4,3.657564459825388,0.0
84,Art ut. D-resistance index [RI],0.00549766619652097,0.0025469143034879214,15.0,3.1972210155418126,0.0
84,Art ut. L-Peak Systolic Velocity [PSV],0.0054764550182063694,0.0033639772778239953,15.5,3.92286743197994,0.0
84,Art ut. L-pulsatility index [PI],0.009872503612887348,0.0071795358466663454,12.7,5.078276172963508,0.0
84,Art ut. L-resistance index [RI],0.0031063438836693652,0.002083739296985806,18.1,2.7264140062238043,0.0
84,BMI [kg/m²],0.048115640930212124,0.011057424560322989,3.5,1.6499158227686108,0.8
84,Bilateral notch,0.009581646367739071,0.004894163242613075,11.8,2.973961069759395,0.0
84,Doppler_Angiogenic_Index,0.03075226248034374,0.011833853787851897,5.5,1.4337208778404378,0.6
84,Materna age [years],0.003123054490889816,0.002173869911988171,18.6,2.8362729848243537,0.0
84,Maternal hight [m],0.002190892914884342,0.0022033159367304653,19.4,2.988868236194653,0.0
84,Mean PI,0.017245220288235455,0.01471818133456063,10.1,3.2472210341220142,0.0
84,Mean PSV,0.006872334480738211,0.004956967932278063,14.6,5.316640543300503,0.0
84,Mean RI,0.007821265114508572,0.003599933699209858,12.1,2.884826203122507,0.0
84,Parity,0.00157417821893203,0.0005525053062060466,19.6,1.6465452046971294,0.0
84,PlGF_Doppler_Discordance,0.009632024702651561,0.005221122390896557,12.0,4.08248290463863,0.0
84,Placental_Dysfunction_Score,0.05380748875279937,0.012396003107106335,2.8,0.9189365834726815,1.0
84,Pre-pregnancy weight [kg],0.0126650501864102,0.005662269211753375,10.3,3.8020462326956994,0.0
84,S-Flt1 [µg/L],0.07807440609900514,0.0067793025156461136,1.0,0.0,1.0
84,S-PLGF [µg/L],0.005972198876513009,0.004833482419186354,15.0,4.666666666666667,0.0
84,log_sFlt1_PlGF,0.03756600025690725,0.011079674339782802,4.7,0.8232726023485646,0.9
84,sFLT/PLGF,0.04144261752421676,0.013442412624398166,3.9,1.523883926754995,0.7
85,Art ut. D-Peak Systolic Velocity [PSV],0.00851002205159446,0.004789085605392204,12.1,4.175324338699131,0.0
85,Art ut. D-pulsatility index [PI],0.01724699019796802,0.0063952439947297865,8.2,4.366539438350084,0.2
85,Art ut. D-resistance index [RI],0.005170189035766136,0.002900445484640078,14.9,3.5103022978402048,0.0
85,Art ut. L-Peak Systolic Velocity [PSV],0.002695616653437664,0.0022717210970868255,18.5,2.5495097567963922,0.0
85,Art ut. L-pulsatility index [PI],0.00745074423534618,0.00496984400070738,13.0,4.96655480858378,0.0
85,Art ut. L-resistance index [RI],0.0033395946048891435,0.0026772212144602955,17.1,3.9285281382896233,0.0
85,BMI [kg/m²],0.005641206420181752,0.005400589050893591,15.2,4.491968140779472,0.0
85,Bilateral notch,0.0028693774277519565,0.0020416678990297825,17.9,3.7549966711037173,0.0
85,Doppler_Angiogenic_Index,0.01965358853658183,0.009964888582227533,7.4,3.806427312965386,0.3
85,Materna age [years],0.0020200602636136467,0.0016004754561329125,18.8,2.2010098692292237,0.0
85,Maternal hight [m],0.0034037957153105667,0.002012025014969475,16.5,2.2730302828309754,0.0
85,Mean PI,0.01869144441307292,0.0067857918270431495,7.2,2.740640638812596,0.3
85,Mean PSV,0.010311167860672946,0.005638822107762346,10.5,2.6352313834736494,0.0
85,Mean RI,0.012439952958019257,0.006487129777029024,9.5,2.7182510717166815,0.1
85,Parity,0.001900783118857527,0.0011290314059806835,18.5,2.3687784005919825,0.0
85,PlGF_Doppler_Discordance,0.0051923592254876985,0.0027301065127810294,14.8,2.8982753492378874,0.0
85,Placental_Dysfunction_Score,0.05863596186860019,0.009519754553544278,2.6,0.9660917830792959,1.0
85,Pre-pregnancy weight [kg],0.005275616440941914,0.0038653265411950303,14.8,4.871686908385363,0.0
85,S-Flt1 [µg/L],0.11715757641533857,0.013951513554641122,1.0,0.0,1.0
85,S-PLGF [µg/L],0.016123762104968457,0.006269137840090995,8.1,1.8529256146249733,0.1
85,log_sFlt1_PlGF,0.05290438321198475,0.007829409478634978,3.3,0.8232726023485646,1.0
85,sFLT/PLGF,0.053777858579390894,0.010132956007270174,3.1,0.5676462121975466,1.0
86,Art ut. D-Peak Systolic Velocity [PSV],0.006149278015418956,0.001859346845235107,13.6,1.6465452046971294,0.0
86,Art ut. D-pulsatility index [PI],0.01671325504135918,0.00887286391776667,9.0,2.260776661041756,0.1
86,Art ut. D-resistance index [RI],0.00126223097850671,0.0012700609091229331,20.2,1.9888578520235063,0.0
86,Art ut. L-Peak Systolic Velocity [PSV],0.0017963568442243485,0.0013075885470833967,19.1,2.078995483935023,0.0
86,Art ut. L-pulsatility index [PI],0.013948871760852768,0.007069037474793877,9.8,2.8982753492378874,0.0
86,Art ut. L-resistance index [RI],0.0039912263221069675,0.0028208247179437626,16.5,3.5668224265054493,0.0
86,BMI [kg/m²],0.04285026183847691,0.014585905347242127,3.9,1.5951314818673865,0.8
86,Bilateral notch,0.003323598149132961,0.0025013067570130677,16.9,2.726414006223804,0.0
86,Doppler_Angiogenic_Index,0.02732720622647498,0.005921924401910732,5.9,0.8755950357709132,0.3
86,Materna age [years],0.003990671366741329,0.001993427993907124,15.9,2.7264140062238043,0.0
86,Maternal hight [m],0.004406117155423505,0.0032103122759983395,16.1,3.81371792932362,0.0
86,Mean PI,0.009808706315680402,0.006656175719960272,12.6,4.221637386396684,0.0
86,Mean PSV,0.009862091819065789,0.004869384431169356,11.4,3.5962943891363133,0.0
86,Mean RI,0.003711401594444402,0.0017560908590742628,16.6,2.590581230363393,0.0
86,Parity,0.001257938491868173,0.001316729303407917,20.4,1.5776212754932313,0.0
86,PlGF_Doppler_Discordance,0.015187520549776175,0.005781912237258474,9.3,2.0027758514399734,0.0
86,Placental_Dysfunction_Score,0.03076637972927614,0.008250115126850558,5.2,0.7888106377466155,0.8
86,Pre-pregnancy weight [kg],0.010581796436481513,0.00646852573826319,11.7,3.6224607965059086,0.0
86,S-Flt1 [µg/L],0.11479530435228838,0.015709905372656558,1.0,0.0,1.0
86,S-PLGF [µg/L],0.011393854947171225,0.009822302068239672,12.3,5.313504806936127,0.0
86,log_sFlt1_PlGF,0.055131750419727975,0.012192195057320611,2.6,0.9660917830792958,1.0
86,sFLT/PLGF,0.04983151096020118,0.006398413932913742,3.0,0.4714045207910317,1.0
87,Art ut. D-Peak Systolic Velocity [PSV],0.00717368351382473,0.003942705830043311,14.3,3.497618237219913,0.0
87,Art ut. D-pulsatility index [PI],0.012671955734865539,0.00675857953654935,10.9,3.7549966711037173,0.0
87,Art ut. D-resistance index [RI],0.005837235724320593,0.0050520633348199425,16.2,4.184627953726725,0.0
87,Art ut. L-Peak Systolic Velocity [PSV],0.0019521657173263798,0.0013515001080338083,19.2,1.751190071541826,0.0
87,Art ut. L-pulsatility index [PI],0.00869812574470976,0.005850578721502428,13.3,4.029061098237818,0.0
87,Art ut. L-resistance index [RI],0.012746915948613467,0.006887941646263796,11.5,4.503085362035432,0.0
87,BMI [kg/m²],0.01741144634974715,0.008113765869916367,8.4,1.6465452046971292,0.1
87,Bilateral notch,0.007415539844269935,0.004676158292303145,13.8,2.699794230842212,0.0
87,Doppler_Angiogenic_Index,0.0289782565699636,0.004271284623464159,5.6,0.8432740427115677,0.6
87,Materna age [years],0.0021871852706844127,0.0019048819050555138,19.3,2.0575065816014617,0.0
87,Maternal hight [m],0.0018343566389707523,0.0016238876115733476,19.8,1.9888578520235067,0.0
87,Mean PI,0.008899744180218019,0.003841354567943194,13.1,2.5144029554194818,0.0
87,Mean PSV,0.005702354682405991,0.003757048755972939,15.9,2.7264140062238043,0.0
87,Mean RI,0.013107668970561587,0.005021440399334296,10.9,2.469817807045694,0.0
87,Parity,0.0008736978841234385,0.0008722843445940979,21.2,1.2292725943057181,0.0
87,PlGF_Doppler_Discordance,0.017557385175506684,0.00692452341486699,9.1,2.8460498941515415,0.0
87,Placental_Dysfunction_Score,0.04837608205650608,0.00639657639532286,3.5,0.5270462766947298,1.0
87,Pre-pregnancy weight [kg],0.011646004006374649,0.009413223896408347,12.3,5.056349144063003,0.2
87,S-Flt1 [µg/L],0.13182646627657396,0.02325596974199214,1.0,0.0,1.0
87,S-PLGF [µg/L],0.02131481615488509,0.008457125189643536,8.2,3.155242550986462,0.1
87,log_sFlt1_PlGF,0.054803080317976094,0.010715974048600696,3.1,0.8755950357709131,1.0
87,sFLT/PLGF,0.05683450511023107,0.008392574954287057,2.4,0.6992058987801009,1.0
88,Art ut. D-Peak Systolic Velocity [PSV],0.006532560039282145,0.00291412409116019,13.2,3.2249030993194197,0.0
88,Art ut. D-pulsatility index [PI],0.00502534669575345,0.002971266408592563,14.7,4.056544780420347,0.0
88,Art ut. D-resistance index [RI],0.002929651519811868,0.002812965727609175,17.3,3.368151487751767,0.0
88,Art ut. L-Peak Systolic Velocity [PSV],0.0020399204001613756,0.0013646494588568326,18.2,2.3944379994757297,0.0
88,Art ut. L-pulsatility index [PI],0.016005876432629698,0.005813398025077604,8.8,1.9321835661585915,0.0
88,Art ut. L-resistance index [RI],0.003352351704623633,0.002268133935221086,16.4,2.7968235951204043,0.0
88,BMI [kg/m²],0.040455060360486274,0.014808059022671545,5.0,1.8856180831641267,0.5
88,Bilateral notch,0.0017109529328964382,0.0013935880781609452,19.6,1.8378731669453634,0.0
88,Doppler_Angiogenic_Index,0.043723246629150225,0.009413725914714078,4.0,1.247219128924647,0.8
88,Materna age [years],0.0029351879436894453,0.0017354360322386943,17.1,2.4244128727957572,0.0
88,Maternal hight [m],0.002644464882869944,0.0023025439610470065,17.5,3.9510898637098992,0.0
88,Mean PI,0.009259384494309112,0.004142232180091267,11.0,2.494438257849294,0.0
88,Mean PSV,0.009575059860522945,0.003965219699168194,11.2,1.9888578520235063,0.0
88,Mean RI,0.0022787709446483334,0.0020366964694512853,17.8,3.73571352696584,0.0
88,Parity,0.0018229658510371428,0.0012996694232805407,18.6,2.503331114069145,0.0
88,PlGF_Doppler_Discordance,0.007258294484390344,0.006001132137339561,13.2,3.1198290551460244,0.0
88,Placental_Dysfunction_Score,0.04533202326750956,0.010867358606621292,4.4,1.07496769977314,0.9
88,Pre-pregnancy weight [kg],0.023118350407543262,0.014502397343425396,8.3,3.5605867181937554,0.1
88,S-Flt1 [µg/L],0.12176998386676444,0.008970358236597096,1.0,0.0,1.0
88,S-PLGF [µg/L],0.017568469182059697,0.00628499149419477,8.5,1.7159383568311666,0.0
88,log_sFlt1_PlGF,0.05465867266558879,0.02012862959514024,3.3,1.7029386365926402,0.9
88,sFLT/PLGF,0.04688950436930491,0.015999784653911796,3.9,1.5238839267549946,0.8
89,Art ut. D-Peak Systolic Velocity [PSV],0.009144200743034469,0.0026761824101613207,11.7,1.5670212364724212,0.0
89,Art ut. D-pulsatility index [PI],0.0069657168773385614,0.004068344269925199,13.6,4.141926551202418,0.0
89,Art ut. D-resistance index [RI],0.0024983893727299833,0.0025557376538740593,18.7,3.0568684048294332,0.0
89,Art ut. L-Peak Systolic Velocity [PSV],0.002757520033841038,0.0014633415566693297,17.9,2.183269719175042,0.0
89,Art ut. L-pulsatility index [PI],0.01339728244865497,0.009534505342518622,11.5,5.835713800003866,0.0
89,Art ut. L-resistance index [RI],0.005993828948430044,0.0037571323800431725,14.7,3.8311588035185618,0.0
89,BMI [kg/m²],0.05201749822867208,0.01901207753778196,2.5,2.3687784005919825,0.9
89,Bilateral notch,0.0024994200713681835,0.002327456226383562,18.9,2.131770260709264,0.0
89,Doppler_Angiogenic_Index,0.04809899086268351,0.008838704742260756,2.6,1.1737877907772671,1.0
89,Materna age [years],0.004764117284938155,0.003562746141556466,15.9,3.9567101935263786,0.0
89,Maternal hight [m],0.002976170041414707,0.002236203987915391,17.8,3.3928028399998595,0.0
89,Mean PI,0.011292685146483055,0.0053030055432551956,10.7,3.2676869155073254,0.1
89,Mean PSV,0.009448442317675271,0.005305103868118927,11.8,3.3928028399998595,0.0
89,Mean RI,0.003684697588072405,0.0028663909611330897,17.2,3.155242550986462,0.0
89,Parity,0.0019367545097586157,0.0008588345819099973,19.2,1.8737959096740262,0.0
89,PlGF_Doppler_Discordance,0.009372700901780159,0.005830018490207856,12.6,4.880801391392834,0.0
89,Placental_Dysfunction_Score,0.020884131506881655,0.005783619446330883,6.4,1.8973665961010275,0.3
89,Pre-pregnancy weight [kg],0.024022873065170227,0.01632879683270216,7.2,2.973961069759395,0.2
89,S-Flt1 [µg/L],0.02469224702766728,0.015587925694949125,8.1,4.1486276177925525,0.3
89,S-PLGF [µg/L],0.023327085986561653,0.010696327537784333,7.5,3.0641293851417064,0.3
89,log_sFlt1_PlGF,0.049893384920973546,0.021566951206069107,3.0,1.4907119849998598,1.0
89,sFLT/PLGF,0.04595441982428505,0.01723199130714469,3.5,1.5811388300841898,0.9
90,Art ut. D-Peak Systolic Velocity [PSV],0.015466488940941681,0.004416281072788643,10.0,1.8856180831641267,0.0
90,Art ut. D-pulsatility index [PI],0.014014247413532934,0.006547705467576503,11.1,1.4491376746189437,0.0
90,Art ut. D-resistance index [RI],0.0025630818995078667,0.002385216170839744,18.9,3.21282153600573,0.0
90,Art ut. L-Peak Systolic Velocity [PSV],0.002949537774564018,0.002933835614685474,17.7,3.0568684048294332,0.0
90,Art ut. L-pulsatility index [PI],0.009648586014322894,0.00708386818915862,13.4,5.037636129950016,0.0
90,Art ut. L-resistance index [RI],0.003706114838773681,0.0020484190773375674,16.6,2.913569784454953,0.0
90,BMI [kg/m²],0.04858665502027899,0.014743564115625577,4.4,1.577621275493231,0.7
90,Bilateral notch,0.0034589080462086217,0.0014867031081111778,17.0,1.8856180831641267,0.0
90,Doppler_Angiogenic_Index,0.043754527822348496,0.006458833256688425,4.2,1.3165611772087664,0.8
90,Materna age [years],0.0025577429398751968,0.0017003846138715576,18.4,2.503331114069144,0.0
90,Maternal hight [m],0.002011400197323043,0.001880173316929126,19.3,2.496664441476534,0.0
90,Mean PI,0.009406948152906183,0.005376219433236153,13.6,2.6331223544175333,0.0
90,Mean PSV,0.00859259403385941,0.005335223709293147,13.4,2.8362729848243533,0.0
90,Mean RI,0.003704884372738404,0.002172731435031986,17.0,2.6666666666666665,0.0
90,Parity,0.0016016105917693775,0.001476727525914407,19.1,2.601281735350223,0.0
90,PlGF_Doppler_Discordance,0.018879079105669654,0.005534179769978307,9.5,1.8408935028645435,0.0
90,Placental_Dysfunction_Score,0.03739719474918619,0.010578097486400857,5.8,0.7888106377466154,0.4
90,Pre-pregnancy weight [kg],0.03034077460185678,0.014789066148042866,7.5,3.064129385141706,0.2
90,S-Flt1 [µg/L],0.12947522110527274,0.019748221206642887,1.0,0.0,1.0
90,S-PLGF [µg/L],0.020827137211248074,0.006193733987513815,8.7,1.1595018087284057,0.0
90,log_sFlt1_PlGF,0.052926003921695955,0.010284994732043891,3.0,1.247219128924647,1.0
90,sFLT/PLGF,0.05097738391197089,0.008346477573145928,3.4,1.1737877907772671,0.9
91,Art ut. D-Peak Systolic Velocity [PSV],0.015215335852312772,0.008152513528572458,11.6,4.351245032554858,0.0
91,Art ut. D-pulsatility index [PI],0.013747748343255378,0.008525820763991533,12.0,3.2998316455372216,0.1
91,Art ut. D-resistance index [RI],0.005149493009774603,0.005997822775809406,17.8,3.8239014399199953,0.0
91,Art ut. L-Peak Systolic Velocity [PSV],0.009945069655571445,0.005840741210897997,13.2,3.8815804341359037,0.0
91,Art ut. L-pulsatility index [PI],0.010007863849576143,0.008583807592425278,14.2,5.116422361159971,0.0
91,Art ut. L-resistance index [RI],0.008313531926578395,0.00688868427798379,14.7,3.7727090178455764,0.0
91,BMI [kg/m²],0.04404817363989537,0.00983511371337012,2.4,1.505545305418162,1.0
91,Bilateral notch,0.008273415668548709,0.0024600366461879253,13.9,2.183269719175042,0.0
91,Doppler_Angiogenic_Index,0.01848908574465567,0.0075875168959013296,9.1,3.6347092196090616,0.2
91,Materna age [years],0.0035403788760624637,0.002750107461874182,17.5,2.718251071716682,0.0
91,Maternal hight [m],0.00186698036467445,0.0015239014153729056,19.4,1.837873166945363,0.0
91,Mean PI,0.00864723548764745,0.006389723419777533,14.1,4.38304815295373,0.0
91,Mean PSV,0.025062390487321333,0.008559061407459734,6.5,2.5927248643506746,0.3
91,Mean RI,0.012161735497309584,0.007446068575295355,12.5,4.377975178854566,0.0
91,Parity,0.0009896220455367633,0.0009202112782768934,20.8,1.4757295747452437,0.0
91,PlGF_Doppler_Discordance,0.01144296471401037,0.007078448492457886,12.5,3.9510898637098992,0.0
91,Placental_Dysfunction_Score,0.03675075334896993,0.01256796248905552,4.3,1.8287822299126937,0.6
91,Pre-pregnancy weight [kg],0.045098722033204516,0.010546511874798398,2.7,1.3374935098492586,1.0
91,S-Flt1 [µg/L],0.031226038740006613,0.021827616219640154,7.2,5.902918298980975,0.5
91,S-PLGF [µg/L],0.00423269279995986,0.004253328234635041,17.4,3.9496835316263,0.0
91,log_sFlt1_PlGF,0.03337934299615763,0.00942277632599929,4.6,2.590581230363393,0.6
91,sFLT/PLGF,0.03341773688039913,0.00831773552100779,4.6,2.065591117977289,0.7
92,Art ut. D-Peak Systolic Velocity [PSV],0.00801367490768361,0.002506762996356269,12.6,2.0655911179772892,0.0
92,Art ut. D-pulsatility index [PI],0.005152511891026439,0.0033999628460414768,15.1,3.510302297840205,0.0
92,Art ut. D-resistance index [RI],0.002460873505210084,0.0018272686339607057,18.3,2.79085809185793,0.0
92,Art ut. L-Peak Systolic Velocity [PSV],0.004086582372662189,0.0030087596741022967,16.6,3.169297153067923,0.0
92,Art ut. L-pulsatility index [PI],0.015691309465453475,0.008045246288813857,9.9,4.04007700696685,0.0
92,Art ut. L-resistance index [RI],0.002057959843292125,0.0014863131193793503,18.9,2.282785822435191,0.0
92,BMI [kg/m²],0.01877803241988184,0.008565922078891916,8.4,2.2211108331943574,0.1
92,Bilateral notch,0.0030036215639221526,0.0021493889760723795,18.0,2.260776661041756,0.0
92,Doppler_Angiogenic_Index,0.0471675143695579,0.007923844817178127,3.2,1.2292725943057183,1.0
92,Materna age [years],0.0029389664515832485,0.002208065947121004,18.5,2.677063067368169,0.0
92,Maternal hight [m],0.007454893223219176,0.004488049671354854,13.2,4.077035960378841,0.0
92,Mean PI,0.007530598089214781,0.0044861389003454525,13.1,2.726414006223804,0.0
92,Mean PSV,0.017521445029095254,0.0034216556380530874,8.2,1.3984117975602017,0.0
92,Mean RI,0.004096063792430633,0.0021956412378818894,16.4,2.6331223544175333,0.0
92,Parity,0.0008215787959187969,0.0008503841902065928,21.0,1.414213562373095,0.0
92,PlGF_Doppler_Discordance,0.016532486907359697,0.007590394003025554,9.7,2.9832867780352594,0.0
92,Placental_Dysfunction_Score,0.0433309627229459,0.007925825970830445,3.5,1.1785113019775793,1.0
92,Pre-pregnancy weight [kg],0.0074171892646544505,0.00249526811845961,13.0,2.9059326290271157,0.0
92,S-Flt1 [µg/L],0.1503103010214616,0.01396716741803779,1.0,0.0,1.0
92,S-PLGF [µg/L],0.024373255184172844,0.009751670544371266,6.4,1.837873166945363,0.2
92,log_sFlt1_PlGF,0.042403950131787244,0.013365594103886137,3.9,1.286683937707919,0.9
92,sFLT/PLGF,0.042440462491956245,0.012077391648115086,4.1,1.8529256146249728,0.8
93,Art ut. D-Peak Systolic Velocity [PSV],0.011425571812687763,0.0033755909276283504,11.3,2.110818693198342,0.0
93,Art ut. D-pulsatility index [PI],0.023935875964228574,0.011221882308276821,7.4,2.4585451886114367,0.2
93,Art ut. D-resistance index [RI],0.0022453053487349883,0.001624923916158621,18.4,2.7968235951204043,0.0
93,Art ut. L-Peak Systolic Velocity [PSV],0.0017164071486001687,0.0018193443920994949,19.2,2.6161889160464775,0.0
93,Art ut. L-pulsatility index [PI],0.007863537358009088,0.004302257523336112,13.2,3.3266599866332394,0.0
93,Art ut. L-resistance index [RI],0.004729701665137254,0.0046218806693307185,16.7,4.029061098237818,0.0
93,BMI [kg/m²],0.03994134063667417,0.015685845610049962,4.7,3.497618237219913,0.6
93,Bilateral notch,0.002744344113389239,0.0023864073144708358,18.1,3.2812599206199233,0.0
93,Doppler_Angiogenic_Index,0.017783604019306568,0.013781685573905226,10.1,4.508017549014448,0.2
93,Materna age [years],0.004126831955770095,0.0027197625960854364,16.6,2.836272984824353,0.0
93,Maternal hight [m],0.006055196867469851,0.003254179499035258,15.3,3.1989581637360205,0.0
93,Mean PI,0.028131137703553633,0.011071170973755392,6.7,2.406010991015812,0.4
93,Mean PSV,0.008061992872647975,0.00546210871306958,13.1,3.314949304120485,0.0
93,Mean RI,0.0033077839431615596,0.0025673531098867326,18.1,2.601281735350223,0.0
93,Parity,0.0016260565968529762,0.0011802301499650417,19.4,1.7763883459298964,0.0
93,PlGF_Doppler_Discordance,0.007648973072232111,0.005719023466102984,14.2,4.315347288715269,0.0
93,Placental_Dysfunction_Score,0.03719507665784169,0.017674542076906424,5.3,2.5841396591085743,0.5
93,Pre-pregnancy weight [kg],0.027051869741786062,0.010589331694268607,6.1,1.7919573407620815,0.4
93,S-Flt1 [µg/L],0.043922254366175764,0.02796556809476354,4.8,4.263540521418529,0.5
93,S-PLGF [µg/L],0.015970063822138985,0.007849380442474557,9.4,3.169297153067923,0.2
93,log_sFlt1_PlGF,0.055155211636162604,0.009548172018086455,2.4,1.2649110640673518,1.0
93,sFLT/PLGF,0.05251812713158351,0.010275757500952956,2.5,0.97182531580755,1.0
94,Art ut. D-Peak Systolic Velocity [PSV],0.003007503918484547,0.0019506336076162496,17.1,3.142893217686178,0.0
94,Art ut. D-pulsatility index [PI],0.004663905275825997,0.0024949457765687092,15.1,2.4698178070456938,0.0
94,Art ut. D-resistance index [RI],0.0034500794257304275,0.0024927245930717727,17.1,3.212821536005731,0.0
94,Art ut. L-Peak Systolic Velocity [PSV],0.002710528397705079,0.0024534767062462624,18.0,3.8586123009300746,0.0
94,Art ut. L-pulsatility index [PI],0.0173796041214741,0.004816011814243199,7.6,1.505545305418162,0.1
94,Art ut. L-resistance index [RI],0.006308288347605162,0.003628265862169054,14.1,3.5103022978402048,0.0
94,BMI [kg/m²],0.04278281665843156,0.011969046514720933,3.4,1.0749676997731399,1.0
94,Bilateral notch,0.006952281467420669,0.004958277481844316,13.2,3.190262963734773,0.0
94,Doppler_Angiogenic_Index,0.04672097159884421,0.0053187195505901485,2.9,0.9944289260117533,1.0
94,Materna age [years],0.0033525239492573308,0.0023510763184010253,17.0,3.2998316455372216,0.0
94,Maternal hight [m],0.004506025523047799,0.003522384924982655,16.1,4.175324338699131,0.0
94,Mean PI,0.009364160167504399,0.005333249346898179,11.1,3.510302297840205,0.0
94,Mean PSV,0.014819971378954036,0.009163392926944052,9.6,5.015531433014407,0.0
94,Mean RI,0.0036031720194368683,0.0027273991036913105,17.1,3.142893217686178,0.0
94,Parity,0.0016701290161639016,0.0012505653824242012,19.3,2.3593784492248515,0.0
94,PlGF_Doppler_Discordance,0.014095283372225148,0.009812596824903387,10.4,5.146735750831676,0.0
94,Placental_Dysfunction_Score,0.020730021326264555,0.008747721788091708,7.3,2.2135943621178655,0.3
94,Pre-pregnancy weight [kg],0.015445059667047675,0.0059602573275975654,8.9,1.7919573407620815,0.0
94,S-Flt1 [µg/L],0.018715727726266607,0.015047316787231977,10.2,6.713171133426189,0.5
94,S-PLGF [µg/L],0.010887792113540537,0.010397065291091325,13.5,6.240548408949685,0.1
94,log_sFlt1_PlGF,0.05986316344961952,0.013329836364607535,1.7,1.3374935098492586,1.0
94,sFLT/PLGF,0.05378194407512852,0.010979650800164277,2.3,1.0593499054713804,1.0
