accuracy,balanced_accuracy,precision,recall,f1,specificity,kappa,roc_auc,pr_auc,log_loss,brier_score,Model,BalancedMethod,FeatureSelection,NumFeatures,overall_score,metrics_used,Rank
0.952892122,0.953110883,0.965220141,0.951531209,0.958326793,0.954690557,0.90416053,0.979559965,,0.172180431,0.045004897,gradient_boosting,svm_smote,anova,20,0.993055904,10,1
0.9386533,0.940403649,0.963112765,0.927764358,0.945108156,0.953042941,0.875641257,0.978372025,,0.191195799,0.051362019,gradient_boosting,borderline_smote,anova,20,0.969172731,10,2
0.933995742,0.937089243,0.96752658,0.914751032,0.940398943,0.959427453,0.866580167,0.974549135,,0.236780841,0.05797583,gradient_boosting,svm_smote,extra_trees,20,0.959534674,10,3
0.932931157,0.931882804,0.942537722,0.939452973,0.940992819,0.924312635,0.863311428,0.977505015,,0.19703623,0.053210627,gradient_boosting,adasyn,anova,20,0.959447387,10,4
0.926454933,0.930227701,0.965586201,0.902984493,0.933236692,0.957470909,0.851580577,0.971353476,,0.26481552,0.063699618,gradient_boosting,adasyn,extra_trees,20,0.945545258,10,5
0.921974805,0.923862499,0.950602214,0.910231435,0.929978902,0.937493564,0.841977121,0.979585093,,0.181975079,0.054951093,gradient_boosting,svm_smote,logistic_l1,20,0.942463364,10,6
0.922507097,0.92684776,0.965876618,0.895503779,0.929359913,0.958191741,0.843812981,0.97820134,,0.217767046,0.060786636,gradient_boosting,random_over,anova,20,0.942256911,10,7
0.921664301,0.923664921,0.951014753,0.909218421,0.92964704,0.93811142,0.841385756,0.977675796,,0.192053471,0.058664065,gradient_boosting,adasyn,logistic_l1,20,0.940860569,10,8
0.922595813,0.919347483,0.922883295,0.942803709,0.932737155,0.895891257,0.841615109,,,,,sgd,svm_smote,anova,20,0.937014513,7,9
0.917982612,0.922785949,0.965029636,0.88810099,0.924968551,0.957470909,0.834873785,0.977145943,,0.221718035,0.063279394,gradient_boosting,tomek,anova,20,0.934298057,10,10
0.916607523,0.919223247,0.950555327,0.900335074,0.924763887,0.93811142,0.83138587,0.978198909,,0.194196727,0.059186491,gradient_boosting,borderline_smote,logistic_l1,20,0.932840171,10,11
0.919535131,0.915093358,0.914528628,0.947167459,0.930561935,0.883019257,0.834976883,,,,,sgd,svm_smote,logistic_l1,20,0.931496966,7,12
0.916030873,0.920796048,0.963166808,0.886386659,0.923183054,0.955205437,0.830944335,0.975619337,,0.232428214,0.066145704,gradient_boosting,smote_enn,anova,20,0.930242666,10,13
0.914966288,0.920124004,0.964747956,0.882880075,0.922000244,0.957367933,0.828940626,0.976803136,,0.225716254,0.065527652,gradient_boosting,class_weight,anova,20,0.929074579,10,14
0.918160043,0.915952316,0.924903326,0.931894335,0.928385669,0.900010298,0.832916641,,,,,sgd,adasyn,anova,20,0.928537678,7,15
0.918071327,0.91526062,0.921695071,0.935556768,0.928574191,0.894964473,0.832533899,,,,,sgd,borderline_smote,anova,20,0.928462607,7,16
0.916651881,0.913500271,0.918858978,0.936258085,0.927476939,0.890742457,0.829525457,,,,,sgd,borderline_smote,logistic_l1,20,0.925857513,7,17
0.912393542,0.917901783,0.964811644,0.878126705,0.919430506,0.957676861,0.82390439,0.97711423,,0.224990156,0.06481894,gradient_boosting,random_under,anova,20,0.925096169,10,18
0.915188077,0.91250262,0.920135416,0.931894335,0.925977545,0.893110905,0.826703501,,,,,sgd,adasyn,logistic_l1,20,0.923031465,7,19
0.911373314,0.917869946,0.970309923,0.870957687,0.917953351,0.964782206,0.822207103,0.970187712,,0.272410526,0.068721657,gradient_boosting,adasyn,mutual_information,20,0.920326883,10,20
0.908223918,0.915642257,0.973684211,0.86207434,0.914486464,0.969210174,0.816244654,0.982525711,,0.245197909,0.072002312,random_forest,nearmiss,anova,20,0.919902275,10,21
0.90817956,0.910367447,0.941215053,0.89456869,0.917299241,0.926166203,0.814248181,0.978133427,,0.21992648,0.063609894,gradient_boosting,nearmiss,anova,20,0.918727276,10,22
0.909776437,0.915728281,0.965434014,0.872749942,0.916755341,0.958706621,0.818820546,0.973629681,,0.31474581,0.075021482,gradient_boosting,smote_enn,extra_trees,20,0.918343595,10,23
0.90817956,0.910392499,0.941359797,0.894412842,0.917286023,0.926372155,0.814257413,0.974623737,,0.227099681,0.066515138,gradient_boosting,smote_tomek,anova,20,0.91707739,10,24
0.909554649,0.915859146,0.967515593,0.870334294,0.916355581,0.961383998,0.818502785,0.968694796,,0.299030204,0.076583702,gradient_boosting,svm_smote,random_forest,20,0.91598874,10,25
0.909066714,0.91531783,0.966756125,0.870178446,0.915928478,0.960457213,0.817507896,0.969333969,,0.282695389,0.071102983,gradient_boosting,borderline_smote,extra_trees,20,0.915964343,10,26
0.915010646,0.918910371,0.956969443,0.890750409,0.922673339,0.947070333,0.82860414,0.950885356,,1.455650642,0.076844699,random_forest,enn,logistic_l1,20,0.914334757,10,27
0.913325053,0.918068636,0.960779331,0.883815164,0.920691615,0.952322109,0.825507478,0.955499312,,1.270877382,0.077738794,random_forest,svm_smote,logistic_l1,20,0.913903029,10,28
0.90489709,0.910540587,0.959346798,0.869788826,0.912375347,0.951292349,0.808942116,0.976779938,,0.219095572,0.068052111,gradient_boosting,enn,logistic_l1,20,0.912486974,10,29
0.906760114,0.913279277,0.96652465,0.866204317,0.913618805,0.960354237,0.812994099,0.971377292,,0.325147872,0.07889401,gradient_boosting,enn,extra_trees,20,0.912213639,10,30
0.904719659,0.910359687,0.959174903,0.869632977,0.912211869,0.951086397,0.808585664,0.974640231,,0.234617377,0.071895857,gradient_boosting,smote_enn,logistic_l1,20,0.910978358,10,31
0.901969482,0.909597466,0.969670174,0.854515702,0.908458288,0.96467923,0.803849799,0.983558721,,0.22539642,0.068947221,random_forest,adasyn,anova,20,0.910406465,10,32
0.916430092,0.914958886,0.927461544,0.925582483,0.926521061,0.90433529,0.829647577,0.947303327,,0.523181253,0.167612687,adaboost,svm_smote,logistic_l1,20,0.910250514,10,33
0.916075231,0.914672242,0.927549824,0.924803242,0.926174497,0.904541242,0.828949915,0.946006899,,0.517267401,0.164999184,adaboost,borderline_smote,logistic_l1,20,0.909412116,10,34
0.916430092,0.915021516,0.927795577,0.925192862,0.926492392,0.90485017,0.829668906,0.94357692,,0.516703235,0.164605004,adaboost,adasyn,logistic_l1,20,0.909066692,10,35
0.904630944,0.911208684,0.965084893,0.863710746,0.911588124,0.958706621,0.808761443,0.972508363,,0.321218615,0.081112155,gradient_boosting,random_over,extra_trees,20,0.90899856,10,36
0.902723563,0.905763004,0.941713716,0.883815164,0.911846284,0.927710843,0.803584204,0.974992462,,0.230655658,0.066650915,gradient_boosting,enn,anova,20,0.908329521,10,37
0.90219127,0.905395667,0.942243675,0.882256682,0.911264035,0.928534651,0.802577989,0.976256235,,0.22984375,0.066099374,gradient_boosting,smote,anova,20,0.908005357,10,38
0.912792761,0.916999846,0.957019093,0.886620432,0.92047569,0.947379261,0.82425331,0.945752809,,1.736358157,0.078253367,extra_trees,enn,logistic_l1,20,0.907787495,10,39
0.911506388,0.915857421,0.956836958,0.884438557,0.919214416,0.947276285,0.821720502,0.949385351,,1.539774104,0.078097623,extra_trees,adasyn,logistic_l1,20,0.90771516,10,40
0.909776437,0.914337901,0.956694578,0.881399517,0.917504867,0.947276285,0.818323024,0.954757905,,1.26454813,0.080067938,random_forest,borderline_smote,logistic_l1,20,0.907649059,10,41
0.914700142,0.912850647,0.924117556,0.926205875,0.925160537,0.899495418,0.82600134,0.924961297,,0.408465001,0.073320418,logistic_regression,svm_smote,anova,20,0.907350102,10,42
0.91088538,0.915299426,0.956708861,0.883425544,0.918607949,0.947173309,0.820496075,0.949181658,,1.549168519,0.079289031,extra_trees,borderline_smote,logistic_l1,20,0.906496526,10,43
0.909199787,0.91384392,0.956724255,0.880308579,0.916927073,0.947379261,0.817195781,0.953308686,,1.31106227,0.079297283,random_forest,adasyn,logistic_l1,20,0.906077399,10,44
0.905961675,0.904586403,0.919821303,0.91451726,0.917161613,0.894655545,0.808423461,,,,,sgd,tomek,anova,20,0.905463026,7,45
0.898465224,0.906807561,0.971387697,0.846567443,0.904692509,0.967047678,0.797149757,0.983690416,,0.237320932,0.071648786,random_forest,borderline_smote,anova,20,0.904512785,10,46
0.901392832,0.909103485,0.969718435,0.853424764,0.907862561,0.964782206,0.802732345,0.969680997,,0.288960764,0.074116661,gradient_boosting,borderline_smote,mutual_information,20,0.9033984,10,47
0.904231725,0.904494841,0.927233429,0.902594873,0.914748272,0.90639481,0.805548902,,,,,sgd,random_over,logistic_l1,20,0.901956871,7,48
0.907647268,0.912881079,0.959091297,0.875087665,0.915165838,0.950674493,0.814297524,0.950433651,,1.505834273,0.079706578,extra_trees,svm_smote,logistic_l1,20,0.901840594,10,49
0.903655075,0.90406349,0.927568782,0.901114315,0.914150198,0.907012666,0.804439031,,,,,sgd,random_under,logistic_l1,20,0.90084816,7,50
0.895759404,0.904518557,0.971824647,0.841268604,0.901846128,0.96776851,0.791935472,0.983384288,,0.247405486,0.072776572,random_forest,svm_smote,anova,20,0.899863953,10,51
0.903122782,0.903558368,0.927293155,0.900412998,0.913655412,0.906703738,0.803373294,,,,,sgd,smote,logistic_l1,20,0.899837962,7,52
0.903122782,0.903558368,0.927293155,0.900412998,0.913655412,0.906703738,0.803373294,,,,,sgd,class_weight,logistic_l1,20,0.899837962,7,53
0.903078424,0.903519406,0.927287319,0.900335074,0.913612462,0.906703738,0.803285716,,,,,sgd,smote_tomek,logistic_l1,20,0.899753377,7,54
0.900416962,0.907770334,0.966513923,0.85467155,0.907158513,0.960869117,0.800647787,0.965324734,,0.305845849,0.077227006,gradient_boosting,adasyn,random_forest,20,0.899737664,10,55
0.902856636,0.903362173,0.927464053,0.899711681,0.913377106,0.907012666,0.802862605,,,,,sgd,tomek,logistic_l1,20,0.899325701,7,56
0.902501774,0.902724802,0.925638357,0.901114315,0.913211719,0.90433529,0.802033884,,,,,sgd,nearmiss,logistic_l1,20,0.89869134,7,57
0.899219304,0.906505417,0.965037428,0.853892309,0.906069125,0.959118525,0.798232864,0.965497132,,0.287174318,0.072184891,gradient_boosting,svm_smote,variance,122,0.898332193,10,58
0.902102555,0.902637189,0.927021379,0.898776592,0.912680514,0.906497786,0.80134965,,,,,sgd,enn,logistic_l1,20,0.897895317,7,59
0.899086231,0.906601472,0.966425163,0.852333827,0.905801002,0.960869117,0.798058337,0.963815396,,0.301992111,0.075383112,gradient_boosting,adasyn,variance,122,0.897152046,10,60
0.91434528,0.921194383,0.975156904,0.871736928,0.920551327,0.970651838,0.828268592,0.921187779,,3.087310766,0.085654785,decision_tree,enn,anova,20,0.896296647,10,61
0.904187367,0.910681278,0.964164565,0.86378867,0.911220715,0.957573885,0.807843558,0.95119968,,1.517545222,0.082649923,extra_trees,random_under,logistic_l1,20,0.89627833,10,62
0.895227111,0.902334957,0.960425644,0.851009117,0.902412824,0.953660797,0.790199045,0.975557474,,0.227116853,0.072397201,gradient_boosting,smote,logistic_l1,20,0.895874056,10,63
0.900949255,0.901636701,0.926937329,0.896672641,0.911553848,0.906600762,0.799079535,,,,,sgd,smote_enn,logistic_l1,20,0.895693172,7,64
0.894960965,0.901788036,0.958388086,0.852489675,0.902342461,0.951086397,0.789552203,0.975128173,,0.227763906,0.072756553,gradient_boosting,random_under,logistic_l1,20,0.895221865,10,65
0.906360894,0.906064397,0.925881792,0.908205408,0.91695842,0.903923386,0.809644111,0.928796838,,0.416116394,0.079914164,logistic_regression,borderline_smote,anova,20,0.894675794,10,66
0.901392832,0.90825172,0.964129484,0.858723603,0.908379013,0.957779837,0.802402097,0.956123178,,1.268520574,0.082317016,random_forest,random_under,logistic_l1,20,0.894422294,10,67
0.8942956,0.901378969,0.959461836,0.850229876,0.901549267,0.952528061,0.788331149,0.976384331,,0.236590043,0.075049214,gradient_boosting,class_weight,logistic_l1,20,0.894410411,10,68
0.895715046,0.903740564,0.96686264,0.845788202,0.90228189,0.961692926,0.791547898,0.971635735,,0.33201078,0.082355562,gradient_boosting,class_weight,extra_trees,20,0.894029806,10,69
0.893985096,0.901256546,0.960409135,0.848749318,0.901133449,0.953763773,0.787790298,0.976360061,,0.239955986,0.075903333,gradient_boosting,tomek,logistic_l1,20,0.893817988,10,70
0.893364088,0.902827963,0.974519975,0.834489208,0.89908488,0.971166718,0.787467123,0.979275395,,0.323165151,0.082863294,extra_trees,nearmiss,anova,20,0.893294804,10,71
0.891678495,0.900984152,0.971932056,0.833787891,0.897575707,0.968180414,0.784054742,0.982213148,,0.252831064,0.07576091,random_forest,enn,anova,20,0.892472858,10,72
0.89274308,0.900203186,0.960555408,0.846333671,0.8998343,0.954072701,0.78539388,0.976718981,,0.227317393,0.072584171,gradient_boosting,random_over,logistic_l1,20,0.892259798,10,73
0.903344571,0.904229164,0.929943503,0.897841502,0.913610594,0.910616826,0.803996952,0.956037001,,0.528506642,0.170189094,adaboost,class_weight,logistic_l1,20,0.892138148,10,74
0.892388219,0.899666022,0.959064843,0.847112912,0.899619331,0.952219133,0.784609725,0.97712528,,0.231098755,0.073409758,gradient_boosting,smote_tomek,logistic_l1,20,0.891743372,10,75
0.89371895,0.901974746,0.966645802,0.842359542,0.900233178,0.96158995,0.787670067,0.973613315,,0.329834694,0.08396393,gradient_boosting,tomek,extra_trees,20,0.891411292,10,76
0.903566359,0.904336293,0.929486663,0.898776592,0.913873703,0.909895994,0.804400412,0.952865026,,0.530205081,0.17088456,adaboost,smote_tomek,logistic_l1,20,0.891199537,10,77
0.903566359,0.904336293,0.929486663,0.898776592,0.913873703,0.909895994,0.804400412,0.952864898,,0.530222005,0.170893828,adaboost,smote,logistic_l1,20,0.891198627,10,78
0.898243435,0.898483407,0.9223371,0.896750565,0.909363888,0.90021625,0.793428726,,,,,sgd,smote_enn,anova,20,0.890635745,7,79
0.893852023,0.902104158,0.966738197,0.84251539,0.900362243,0.961692926,0.78793332,0.96886169,,0.295205148,0.075420601,gradient_boosting,borderline_smote,variance,122,0.890617625,10,80
0.893097942,0.902005471,0.970479372,0.837684096,0.899205353,0.966326846,0.786706874,0.973778821,,0.314592807,0.084872629,gradient_boosting,svm_smote,mutual_information,20,0.890485977,10,81
0.89331973,0.901323464,0.964623062,0.843528403,0.900020786,0.959118525,0.786770445,0.970627099,,0.341615825,0.085392574,gradient_boosting,smote,extra_trees,20,0.889405198,10,82
0.907425479,0.913325092,0.963109809,0.870723915,0.914589728,0.955926269,0.814097254,0.928984643,,2.621104951,0.086839957,knn,svm_smote,logistic_l1,20,0.889222173,10,83
0.907336764,0.913096857,0.962147281,0.871503156,0.914584781,0.954690557,0.813868588,0.928149565,,2.654407551,0.087402413,knn,adasyn,logistic_l1,20,0.8885946,10,84
0.908623137,0.913312361,0.956521739,0.879451414,0.916368951,0.947173309,0.816055309,0.923273021,,2.861913933,0.08792406,knn,enn,logistic_l1,20,0.888075493,10,85
0.896646558,0.897043196,0.921908894,0.89417907,0.907832278,0.899907322,0.790265444,,,,,sgd,smote_tomek,anova,20,0.887590409,7,86
0.900594393,0.901337531,0.926959045,0.895971324,0.911201807,0.906703738,0.798384834,0.933793983,,0.439463774,0.080413227,logistic_regression,svm_smote,logistic_l1,20,0.887112156,10,87
0.89988467,0.90073919,0.927002584,0.89456869,0.910496887,0.90690969,0.796995953,0.936126979,,0.429657485,0.078462461,logistic_regression,borderline_smote,logistic_l1,20,0.887067248,10,88
0.888617814,0.898333349,0.972013902,0.828177355,0.894349308,0.968489342,0.778156849,0.981066574,,0.296274694,0.080634664,random_forest,random_over,anova,20,0.886471348,10,89
0.90587296,0.911811109,0.962039513,0.868931661,0.913118244,0.954690557,0.811005221,0.928300991,,2.64494848,0.088085522,knn,borderline_smote,logistic_l1,20,0.886244537,10,90
0.88985983,0.898635151,0.966720779,0.835268449,0.896199992,0.962001854,0.780216496,0.972668581,,0.349194343,0.087717216,gradient_boosting,smote_tomek,extra_trees,20,0.884356035,10,91
0.899751597,0.900497044,0.926296266,0.895114159,0.910438298,0.90587993,0.796683068,0.927859389,,0.427047846,0.082693198,logistic_regression,adasyn,anova,20,0.883265977,10,92
0.897444996,0.898658907,0.927023297,0.889893244,0.90807888,0.90742457,0.79221725,0.936994512,,0.430091663,0.0804685,logistic_regression,adasyn,logistic_l1,20,0.883251726,10,93
0.888085522,0.897715493,0.970948292,0.828177355,0.893897977,0.96725363,0.777063935,0.976417271,,0.332986829,0.088107182,gradient_boosting,nearmiss,variance,122,0.883001782,10,94
0.886133783,0.896251681,0.972564905,0.823190213,0.891664908,0.96931315,0.773408939,0.981639445,,0.269330032,0.079598697,random_forest,random_under,anova,20,0.882811875,10,95
0.89371895,0.895536406,0.927360577,0.88241253,0.904328382,0.908660282,0.7849571,,,,,sgd,svm_smote,extra_trees,20,0.881842812,7,96
0.885157913,0.895532302,0.973470142,0.820618717,0.89053317,0.970445886,0.771589835,0.982933189,,0.249518001,0.08023134,random_forest,smote_tomek,anova,20,0.881740587,10,97
0.893452803,0.894225402,0.921386443,0.888646458,0.904720349,0.899804346,0.783972881,,,,,sgd,class_weight,anova,20,0.881484461,7,98
0.893364088,0.894197582,0.921646317,0.888178914,0.904603175,0.90021625,0.783819933,,,,,sgd,random_over,anova,20,0.88130688,7,99
0.893097942,0.893988861,0.92174476,0.887555521,0.904327114,0.900422202,0.783307367,,,,,sgd,smote,anova,20,0.880793636,7,100
0.888795245,0.897524698,0.965470609,0.834489208,0.895214211,0.960560189,0.778081248,0.967182823,,0.3633974,0.088847369,gradient_boosting,random_under,extra_trees,20,0.880311053,10,101
0.895715046,0.897164439,0.926930596,0.886698356,0.906368234,0.907630522,0.788825279,0.934325521,,0.476969792,0.087503827,logistic_regression,smote_enn,logistic_l1,20,0.87863316,10,102
0.895094038,0.89661897,0.92684717,0.885607418,0.905758119,0.907630522,0.78760474,0.935969021,,0.469977636,0.085388731,logistic_regression,enn,logistic_l1,20,0.878469535,10,103
0.88329489,0.893996103,0.974070632,0.816722512,0.888483872,0.971269694,0.768048821,0.982256355,,0.275824323,0.081570263,random_forest,tomek,anova,20,0.87824146,10,104
0.891722853,0.900133772,0.965925395,0.839398426,0.898228059,0.960869117,0.783764499,0.955307314,,1.291652297,0.084786317,random_forest,smote,logistic_l1,20,0.878081133,10,105
0.89158978,0.900317508,0.967930817,0.837294475,0.897885853,0.963340542,0.783634114,0.955345321,,1.296725599,0.084901118,random_forest,smote_tomek,logistic_l1,20,0.877881804,10,106
0.891501065,0.899989065,0.966244726,0.838697109,0.897964292,0.961281022,0.783356126,0.955535072,,1.288991036,0.084419135,random_forest,random_over,logistic_l1,20,0.877852257,10,107
0.882762598,0.893478455,0.973689104,0.816099119,0.887956251,0.97085779,0.767002269,0.979947403,,0.304838568,0.085961133,extra_trees,borderline_smote,anova,20,0.875989164,10,108
0.891190561,0.899540968,0.965053763,0.839242578,0.897761847,0.959839357,0.782680154,0.951073004,,1.520643822,0.085276319,extra_trees,smote_tomek,logistic_l1,20,0.874827743,10,109
0.889593683,0.898376327,0.966534368,0.834956752,0.895940466,0.961795902,0.779690806,0.955597132,,1.287930299,0.085586464,random_forest,tomek,logistic_l1,20,0.874665375,10,110
0.898199077,0.905321193,0.963086658,0.853892309,0.905208376,0.956750077,0.796132661,0.92775135,,2.643583151,0.093720724,knn,smote,logistic_l1,20,0.873071513,10,111
0.898021647,0.905190397,0.963236588,0.853424764,0.905011775,0.956956029,0.795797433,0.927845126,,2.641119943,0.092684528,knn,random_over,logistic_l1,20,0.872918614,10,112
0.890081618,0.89861702,0.965309607,0.836982779,0.896577629,0.960251261,0.780554164,0.9510214,,1.516428948,0.086663404,extra_trees,tomek,logistic_l1,20,0.872890233,10,113
0.898110362,0.905243269,0.963080169,0.853736461,0.905117931,0.956750077,0.795960019,0.927628694,,2.649672837,0.093797019,knn,smote_tomek,logistic_l1,20,0.872854378,10,114
0.889726757,0.898292798,0.965200971,0.83643731,0.896217751,0.960148285,0.779861901,0.951202802,,1.516383762,0.087918929,extra_trees,class_weight,logistic_l1,20,0.872270359,10,115
0.888484741,0.897364698,0.966205837,0.833242422,0.894811715,0.961486974,0.77752979,0.953502293,,1.277479631,0.085540738,random_forest,nearmiss,logistic_l1,20,0.872062581,10,116
0.88773066,0.896677291,0.965985164,0.83207356,0.894042785,0.961281022,0.776061093,0.955302323,,1.291244265,0.086702104,random_forest,class_weight,logistic_l1,20,0.871389119,10,117
0.88271824,0.893038662,0.970884555,0.818514767,0.888212413,0.967562558,0.766734703,0.971742302,,0.413414966,0.101206042,gradient_boosting,nearmiss,mutual_information,20,0.871002942,10,118
0.896646558,0.903982573,0.963136079,0.851009117,0.90360748,0.956956029,0.793122826,0.927665939,,2.645434521,0.09441093,knn,class_weight,logistic_l1,20,0.870443329,10,119
0.896646558,0.903982573,0.963136079,0.851009117,0.90360748,0.956956029,0.793122826,0.927648045,,2.646800711,0.094394961,knn,tomek,logistic_l1,20,0.870433708,10,120
0.892432576,0.89451924,0.927819796,0.879451414,0.902988359,0.909587066,0.782481394,0.94293063,,0.503303592,0.158683589,adaboost,borderline_smote,anova,20,0.870326833,10,121
0.880810859,0.891112775,0.969027367,0.816722512,0.886379974,0.965503038,0.762949742,0.97454554,,0.342744906,0.089920683,gradient_boosting,nearmiss,extra_trees,20,0.870135593,10,122
0.878681689,0.889931524,0.973728655,0.80869633,0.883572432,0.971166718,0.759179989,0.981382683,,0.298966257,0.084846027,extra_trees,adasyn,anova,20,0.869972383,10,123
0.899795955,0.906986872,0.964913823,0.85506117,0.906672175,0.958912573,0.79934539,0.917083415,,3.128879342,0.096562578,decision_tree,svm_smote,logistic_l1,20,0.869843317,10,124
0.880411639,0.885050282,0.932502773,0.851554586,0.890192245,0.918545979,0.759502534,0.971838506,,0.244565582,0.078888245,gradient_boosting,nearmiss,logistic_l1,20,0.869604469,10,125
0.888085522,0.896876254,0.965252708,0.83339827,0.894492535,0.960354237,0.776697782,0.951035218,,1.519049431,0.087170441,extra_trees,smote,logistic_l1,20,0.869579657,10,126
0.878105039,0.889374913,0.973340843,0.807995013,0.882994124,0.970754814,0.758050075,0.981222558,,0.30351615,0.085320011,random_forest,smote_enn,anova,20,0.868900667,10,127
0.886355571,0.889181439,0.926997589,0.868775812,0.89694288,0.909587066,0.770583135,,,,,sgd,adasyn,random_forest,20,0.867713868,7,128
0.888262952,0.896919368,0.964510899,0.834411283,0.894756633,0.959427453,0.776991674,0.946543199,,1.550011831,0.090790271,extra_trees,nearmiss,logistic_l1,20,0.867694821,10,129
0.886178141,0.887860678,0.920468507,0.875711057,0.897532146,0.900010298,0.76970519,,,,,sgd,nearmiss,anova,20,0.867538977,7,130
0.900904897,0.908988051,0.971779578,0.850619497,0.907171944,0.967356606,0.80190471,0.909143354,,3.563997199,0.098948021,decision_tree,adasyn,anova,20,0.867154318,10,131
0.885867637,0.88939168,0.930585865,0.863944518,0.896027801,0.914838843,0.769920536,,,,,sgd,svm_smote,random_forest,20,0.866704208,7,132
0.876463804,0.887983421,0.973604827,0.804800125,0.881191075,0.971166718,0.754926847,0.981711371,,0.283362486,0.083188384,random_forest,class_weight,anova,20,0.866646272,10,133
0.879790632,0.890492219,0.970881012,0.813215928,0.885081842,0.96776851,0.761116196,0.970826355,,0.357526543,0.094173646,gradient_boosting,smote_enn,mutual_information,20,0.86662138,10,134
0.877173527,0.888456503,0.97257701,0.806982,0.882074869,0.969931006,0.756215975,0.978919749,,0.320195442,0.089196792,extra_trees,enn,anova,20,0.866067155,10,135
0.875975869,0.887354424,0.972151661,0.805189745,0.880828574,0.969519102,0.753895893,0.981325209,,0.276359753,0.083954428,random_forest,smote,anova,20,0.865619597,10,136
0.885468417,0.894539915,0.964813639,0.82903452,0.891785415,0.960045309,0.771624246,0.951198826,,1.51233935,0.087055125,extra_trees,random_over,logistic_l1,20,0.865385222,10,137
0.877750177,0.888750068,0.971107994,0.809319723,0.882862972,0.968180414,0.75722138,0.973373232,,0.353566905,0.094097317,gradient_boosting,enn,mutual_information,20,0.864290618,10,138
0.884403833,0.887830362,0.928805031,0.863087353,0.894741094,0.91257337,0.766937905,,,,,sgd,adasyn,extra_trees,20,0.863922066,7,139
0.884004613,0.8861269,0.921117705,0.870801839,0.895253355,0.901451962,0.7655319,,,,,sgd,enn,anova,20,0.863337666,7,140
0.886399929,0.889257979,0.927216769,0.868619964,0.896962382,0.909895994,0.770686899,0.932110097,,0.446985066,0.091172161,logistic_regression,random_under,logistic_l1,20,0.862292138,10,141
0.896380412,0.904099528,0.965416334,0.848359698,0.903110742,0.959839357,0.792748092,0.914044929,,3.286673892,0.100701478,decision_tree,borderline_smote,logistic_l1,20,0.862271933,10,142
0.88329489,0.886831258,0.928511425,0.861295099,0.893641104,0.912367418,0.764763265,,,,,sgd,borderline_smote,extra_trees,20,0.861793538,7,143
0.883073101,0.8866615,0.928625473,0.86074963,0.893400194,0.91257337,0.764342478,,,,,sgd,svm_smote,mutual_information,20,0.861364277,7,144
0.897622427,0.906831365,0.976546228,0.840333515,0.903333892,0.973329214,0.795819303,0.90826228,,3.616345166,0.101321977,decision_tree,smote,anova,20,0.861195451,10,145
0.874866927,0.886242587,0.971108602,0.804098808,0.879747645,0.968386366,0.751704471,0.972553388,,0.346011016,0.093313458,gradient_boosting,smote,mutual_information,20,0.859321566,10,146
0.895803762,0.904933298,0.97438914,0.839008805,0.901645522,0.97085779,0.792174353,0.909569902,,3.542855108,0.100370791,decision_tree,random_under,anova,20,0.859000075,10,147
0.884093329,0.886718388,0.923996017,0.867762799,0.894996986,0.905673978,0.765943727,0.933869873,,0.460170512,0.093743389,logistic_regression,nearmiss,anova,20,0.8589997,10,148
0.881698013,0.885441151,0.928366762,0.858411907,0.89201992,0.912470394,0.761656662,,,,,sgd,adasyn,mutual_information,20,0.85872118,7,149
0.874467708,0.885466046,0.968086102,0.80604691,0.879666638,0.964885182,0.750733059,0.972571161,,0.370940596,0.096791615,gradient_boosting,smote_enn,random_forest,20,0.858245068,10,150
0.883605394,0.886840948,0.927047603,0.863476973,0.894133785,0.910204922,0.765246705,0.931928402,,0.452791707,0.092168874,logistic_regression,random_over,logistic_l1,20,0.857537874,10,151
0.883516678,0.886750498,0.926963942,0.863399049,0.894053094,0.910101946,0.765067777,0.931611963,,0.452465139,0.092067014,logistic_regression,smote_tomek,logistic_l1,20,0.857279844,10,152
0.883516678,0.886750498,0.926963942,0.863399049,0.894053094,0.910101946,0.765067777,0.931589824,,0.452221428,0.092119155,logistic_regression,smote,logistic_l1,20,0.857267337,10,153
0.883383605,0.886683715,0.927231619,0.862853581,0.893884965,0.91051385,0.764831435,0.932171571,,0.446020381,0.093501375,logistic_regression,class_weight,logistic_l1,20,0.857169278,10,154
0.883206175,0.88676586,0.928571429,0.861061326,0.89354304,0.912470394,0.764596105,0.933049796,,0.46467799,0.097503707,logistic_regression,svm_smote,mutual_information,20,0.856793949,10,155
0.893807665,0.901251009,0.961371873,0.847502533,0.900853143,0.954999485,0.787508295,0.911193389,,3.368072663,0.101817381,decision_tree,adasyn,logistic_l1,20,0.856577938,10,156
0.881609297,0.891050009,0.963855422,0.822878516,0.887805288,0.959221501,0.764134294,0.947212712,,1.616931245,0.09474978,random_forest,smote_enn,logistic_l1,20,0.856509713,10,157
0.882673882,0.891960046,0.963765477,0.824904543,0.888944871,0.959015549,0.766175105,0.944203165,,1.822560951,0.094639443,extra_trees,smote_enn,logistic_l1,20,0.856481923,10,158
0.88542406,0.887899776,0.924254967,0.870022598,0.896319191,0.905776954,0.768550551,0.936007927,,0.502547631,0.158420959,adaboost,svm_smote,anova,20,0.856238618,10,159
0.895670688,0.905041879,0.975933158,0.837372399,0.901358832,0.972711358,0.792008318,0.905041879,,3.760409544,0.104329312,decision_tree,smote_enn,anova,20,0.856056387,10,160
0.880766501,0.884372428,0.926798485,0.858333983,0.891253338,0.910410874,0.759723443,0.956001441,,0.521644855,0.167065046,adaboost,enn,logistic_l1,20,0.855560454,10,161
0.891767211,0.900611142,0.968871244,0.836749006,0.89797625,0.964473278,0.784035891,0.915598027,,3.199957167,0.103390675,decision_tree,random_under,logistic_l1,20,0.855422188,10,162
0.880633428,0.884243016,0.926708179,0.858178134,0.891127564,0.910307898,0.759458255,0.95553636,,0.519070903,0.165887054,adaboost,random_under,logistic_l1,20,0.855271934,10,163
0.874778211,0.885312898,0.965148699,0.809241798,0.880345865,0.961383998,0.751121939,0.961059843,,0.404644983,0.099285976,gradient_boosting,borderline_smote,random_forest,20,0.853890428,10,164
0.869544003,0.881980497,0.973754789,0.79217642,0.873630387,0.971784574,0.741727992,0.979144486,,0.344790119,0.091037764,extra_trees,svm_smote,anova,20,0.853389078,10,165
0.89389638,0.903007411,0.972571739,0.837216551,0.899832496,0.96879827,0.788377746,0.904836513,,3.733433416,0.104703202,decision_tree,nearmiss,anova,20,0.853065007,10,166
0.882984386,0.886308005,0.927033593,0.862308112,0.893500202,0.910307898,0.764040985,0.923585669,,0.488427076,0.096609438,logistic_regression,nearmiss,logistic_l1,20,0.852760611,10,167
0.880101136,0.883838102,0.926993762,0.856853425,0.890544645,0.910822778,0.758451387,0.951469819,,0.528374547,0.170159928,adaboost,smote_enn,logistic_l1,20,0.852399638,10,168
0.870298084,0.88202908,0.969398389,0.797319411,0.874978622,0.96673875,0.742861269,0.973957093,,0.353516455,0.096092508,gradient_boosting,random_under,variance,122,0.852055617,10,169
0.879968062,0.883683638,0.926759376,0.856853425,0.890436473,0.91051385,0.758174319,0.932528532,,0.448968358,0.093770924,logistic_regression,tomek,logistic_l1,20,0.851677238,10,170
0.870697303,0.882154272,0.967830189,0.799423362,0.875602782,0.964885182,0.743512172,0.969403973,,0.403268195,0.102145185,gradient_boosting,nearmiss,random_forest,20,0.850231231,10,171
0.892432576,0.902147545,0.975424813,0.831995636,0.898019261,0.972299454,0.785723362,0.903507606,,3.806415674,0.10653396,decision_tree,random_over,anova,20,0.849836099,10,172
0.868656849,0.880838004,0.971082268,0.792877737,0.872978422,0.96879827,0.739851413,0.974916395,,0.37057995,0.100872544,gradient_boosting,smote_tomek,mutual_information,20,0.849286542,10,173
0.868124556,0.880094888,0.969077069,0.793656978,0.872638478,0.966532798,0.738695375,0.974439129,,0.366446651,0.100035023,gradient_boosting,smote_tomek,variance,122,0.848272994,10,174
0.868479418,0.880669629,0.970981291,0.792643965,0.872795916,0.968695294,0.739506319,0.972462532,,0.36793209,0.099512579,gradient_boosting,random_under,mutual_information,20,0.84815811,10,175
0.890968772,0.900811694,0.975002289,0.829735837,0.896522691,0.97188755,0.782873855,0.902481333,,3.845173425,0.107741704,decision_tree,tomek,anova,20,0.84681666,10,176
0.875487935,0.880136775,0.92838831,0.846567443,0.885592011,0.913706106,0.749653322,,,,,sgd,borderline_smote,mutual_information,20,0.846741596,7,177
0.865285664,0.878490659,0.975349379,0.783137224,0.868738384,0.973844094,0.733737872,0.980173821,,0.29609161,0.096344488,random_forest,adasyn,extra_trees,20,0.846477401,10,178
0.8738467,0.87884549,0.929043897,0.842749162,0.883795048,0.914941819,0.746544375,0.946581804,,0.453552644,0.101248996,logistic_regression,svm_smote,random_forest,20,0.846401656,10,179
0.865640525,0.878564363,0.973623188,0.785241175,0.869343916,0.97188755,0.734290855,0.977507169,,0.352458214,0.094757926,extra_trees,tomek,anova,20,0.845957893,10,180
0.890259049,0.900701865,0.978564169,0.825294163,0.895417653,0.976109566,0.781722182,0.902158097,,3.894472689,0.108483464,decision_tree,borderline_smote,anova,20,0.845396037,10,181
0.890081618,0.900182764,0.976004413,0.827242266,0.895487136,0.973123262,0.781224922,0.901847484,,3.87718499,0.108638533,decision_tree,smote_tomek,anova,20,0.844967163,10,182
0.874245919,0.879521824,0.93102259,0.841424453,0.883958905,0.917619195,0.74748046,,,,,sgd,borderline_smote,random_forest,20,0.844294609,7,183
0.86612846,0.878592115,0.970743405,0.788591911,0.870238198,0.968592318,0.735014364,0.97214109,,0.368608134,0.101244639,gradient_boosting,random_over,mutual_information,20,0.843995383,10,184
0.875044358,0.879722102,0.928180575,0.84594405,0.885156346,0.913500154,0.748780073,0.935443272,,0.482913644,0.103537375,logistic_regression,adasyn,mutual_information,20,0.843741637,10,185
0.8738467,0.878331926,0.926042822,0.84594405,0.884183092,0.910719802,0.746287614,,,,,sgd,svm_smote,variance,122,0.843618612,7,186
0.873225692,0.878475385,0.929993965,0.840567287,0.883022266,0.916383483,0.745428661,,,,,sgd,random_over,random_forest,20,0.842340224,7,187
0.873048261,0.878344589,0.930118195,0.840099743,0.882820177,0.916589435,0.745097522,,,,,sgd,smote,random_forest,20,0.841995006,7,188
0.871451384,0.87726763,0.931843867,0.835268449,0.88091716,0.919266811,0.742171048,0.947012357,,0.483353226,0.108171806,logistic_regression,adasyn,random_forest,20,0.841889438,10,189
0.8761533,0.879819337,0.92327797,0.85334684,0.886936098,0.906291834,0.750501153,0.924467095,,0.500276764,0.099901247,logistic_regression,smote_enn,anova,20,0.841630468,10,190
0.872782115,0.877647356,0.92735226,0.84251539,0.882900539,0.912779322,0.744348716,,,,,sgd,borderline_smote,variance,122,0.8415326,7,191
0.871362669,0.876939187,0.930335326,0.836671082,0.88102076,0.917207291,0.741872261,0.958202081,,0.515073169,0.163925715,adaboost,svm_smote,variance,122,0.841180422,10,192
0.873536196,0.878422445,0.928118031,0.843138783,0.88358989,0.913706106,0.74586722,0.935428419,,0.489354586,0.105234279,logistic_regression,borderline_smote,mutual_information,20,0.841085639,10,193
0.872382896,0.877421957,0.928030954,0.841034832,0.882393819,0.913809082,0.743638238,,,,,sgd,class_weight,mutual_information,20,0.840746938,7,194
0.872382896,0.877772684,0.930101953,0.838852957,0.882123981,0.916692411,0.743815272,,,,,sgd,smote_enn,random_forest,20,0.840708642,7,195
0.864309794,0.876744152,0.968821949,0.786955505,0.868469708,0.966532798,0.731417758,0.970995443,,0.383560845,0.101719169,gradient_boosting,random_under,random_forest,20,0.840425154,10,196
0.873358765,0.877352202,0.92279661,0.848515546,0.884098567,0.906188858,0.745063793,0.94572683,,0.50813845,0.160873307,adaboost,enn,anova,20,0.840010511,10,197
0.871983676,0.877083825,0.928048885,0.840255591,0.881972845,0.913912058,0.742871174,,,,,sgd,smote_enn,mutual_information,20,0.839974354,7,198
0.88773066,0.897929886,0.974571587,0.82428115,0.89314814,0.971578622,0.776608532,0.899695925,,3.957254557,0.110903423,decision_tree,class_weight,anova,20,0.839820355,10,199
0.863156494,0.875731138,0.968743989,0.784929479,0.867203306,0.966532798,0.729220544,0.973548972,,0.364860278,0.099852471,gradient_boosting,smote,variance,122,0.839735263,10,200
0.881431867,0.892209386,0.972910073,0.814384789,0.886617179,0.970033982,0.764397842,0.9173252,,3.158934781,0.103110909,decision_tree,tomek,logistic_l1,20,0.839399696,10,201
0.871673172,0.876760987,0.927710843,0.840021819,0.881691408,0.913500154,0.742244328,,,,,sgd,smote_tomek,mutual_information,20,0.839380293,7,202
0.862890348,0.875785463,0.970809975,0.78266968,0.866646534,0.968901246,0.728865283,0.974237663,,0.379194097,0.104262806,gradient_boosting,class_weight,mutual_information,20,0.839172441,10,203
0.873669269,0.878451649,0.927623126,0.843918024,0.883793047,0.912985274,0.746081349,0.92872819,,0.501427558,0.100538194,logistic_regression,svm_smote,extra_trees,20,0.839065139,10,204
0.861027324,0.874562413,0.973725337,0.776825372,0.864201812,0.972299454,0.72554122,0.978278534,,0.359142594,0.094165221,extra_trees,class_weight,anova,20,0.838668261,10,205
0.860849894,0.874368987,0.9734375,0.776747448,0.86404022,0.971990526,0.725184142,0.978338893,,0.35141339,0.094697021,extra_trees,random_over,anova,20,0.838368853,10,206
0.870830376,0.876271227,0.92907188,0.836982779,0.880626384,0.915559675,0.740740231,,,,,sgd,smote_tomek,random_forest,20,0.837723361,7,207
0.860495032,0.873982135,0.972862163,0.7765916,0.863717121,0.97137267,0.724469934,0.978143325,,0.332308701,0.096692262,extra_trees,smote,anova,20,0.837575627,10,208
0.873314407,0.876962513,0.920792914,0.850619497,0.884316267,0.90330553,0.744800931,0.924227152,,0.491230336,0.099502245,logistic_regression,random_over,anova,20,0.836977444,10,209
0.860228886,0.873648155,0.972108445,0.776747448,0.863516265,0.970548862,0.723910784,0.977414131,,0.342462372,0.094866924,extra_trees,random_under,anova,20,0.836965032,10,210
0.868745564,0.874765685,0.930727622,0.831294319,0.878205392,0.918237051,0.736876923,0.945963924,,0.486764186,0.108984816,logistic_regression,borderline_smote,random_forest,20,0.836948842,10,211
0.86169269,0.874720962,0.97064238,0.780643653,0.865336443,0.96879827,0.726579945,0.97350061,,0.379223025,0.10418027,gradient_boosting,tomek,mutual_information,20,0.836907269,10,212
0.862180625,0.874711136,0.967506249,0.784228162,0.86627932,0.96519411,0.72727628,0.971770516,,0.400204227,0.104981447,gradient_boosting,enn,random_forest,20,0.836853818,10,213
0.872782115,0.876494969,0.920712657,0.849684407,0.883773707,0.90330553,0.743766715,0.924198297,,0.495705577,0.10032603,logistic_regression,smote_tomek,anova,20,0.836005436,10,214
0.869854507,0.875589425,0.929980019,0.834177511,0.879477489,0.917001339,0.738942473,,,,,sgd,tomek,random_forest,20,0.835818061,7,215
0.869588361,0.875067556,0.928231322,0.835502221,0.879429134,0.914632891,0.738279617,,,,,sgd,nearmiss,random_forest,20,0.835334602,7,216
0.869455287,0.874875514,0.927768166,0.835735993,0.879350633,0.914015034,0.737983484,,,,,sgd,smote_enn,extra_trees,20,0.835085872,7,217
0.861071682,0.8739375,0.968873852,0.781033274,0.864871861,0.966841726,0.725272204,0.970342786,,0.385201549,0.103973012,gradient_boosting,enn,variance,122,0.83461405,10,218
0.857345635,0.871316037,0.973417348,0.770435596,0.860113093,0.972196478,0.718546782,0.983387105,,0.301461532,0.100139769,random_forest,adasyn,mutual_information,20,0.834211887,10,219
0.871318311,0.875196695,0.920419912,0.847190836,0.882288497,0.903202554,0.740917794,0.923954967,,0.500032108,0.101751289,logistic_regression,smote,anova,20,0.833365707,10,220
0.885246629,0.895046558,0.969569203,0.82428115,0.89104157,0.965811966,0.771509454,0.895429161,,4.119032442,0.11442316,decision_tree,svm_smote,anova,20,0.833213547,10,221
0.85996274,0.873001026,0.969071165,0.778851399,0.863610835,0.967150654,0.723183534,0.971717579,,0.38952059,0.105361962,gradient_boosting,random_over,random_forest,20,0.833185829,10,222
0.87114088,0.875516833,0.923116263,0.843918024,0.881742316,0.907115642,0.740817004,0.923825343,,0.501149923,0.102579764,logistic_regression,random_under,anova,20,0.832886142,10,223
0.858853797,0.871864138,0.967813863,0.77791631,0.86253672,0.965811966,0.720988061,0.974689937,,0.390026637,0.106368695,gradient_boosting,tomek,random_forest,20,0.832403113,10,224
0.857079489,0.871082265,0.973401635,0.769968051,0.859815524,0.972196478,0.718042186,0.978549788,,0.342747608,0.095421255,extra_trees,smote_tomek,anova,20,0.832167724,10,225
0.8568577,0.871112922,0.975074184,0.768175797,0.859347078,0.974050046,0.71774488,0.979577386,,0.326733502,0.101098689,random_forest,borderline_smote,extra_trees,20,0.83178705,10,226
0.87056423,0.874910119,0.922454197,0.843528403,0.881227613,0.906291834,0.739647499,0.93671598,,0.512226077,0.162826645,adaboost,adasyn,anova,20,0.831699163,10,227
0.867547906,0.873250249,0.927795638,0.83207356,0.877331361,0.914426939,0.734322234,,,,,sgd,enn,mutual_information,20,0.831389748,7,228
0.865241306,0.877211628,0.966384154,0.790773786,0.86980372,0.96364947,0.733011605,0.958635289,,0.529664307,0.170595623,adaboost,borderline_smote,variance,122,0.830641533,10,229
0.858720724,0.871822407,0.968349515,0.777214993,0.862317901,0.966429822,0.720775867,0.969932483,,0.388901084,0.105012532,gradient_boosting,smote_enn,variance,122,0.830450544,10,230
0.869854507,0.87520112,0.927676488,0.836593158,0.87978366,0.913809082,0.738742883,0.924514936,,0.545676604,0.110163237,logistic_regression,borderline_smote,extra_trees,20,0.830153741,10,231
0.857478708,0.870618736,0.967444121,0.775734435,0.861047442,0.965503038,0.718355343,0.974513984,,0.387372607,0.105284676,gradient_boosting,smote_tomek,random_forest,20,0.83015224,10,232
0.866793825,0.871898967,0.923633856,0.835034676,0.877102517,0.908763258,0.732503141,,,,,sgd,random_under,anova,20,0.830017822,7,233
0.855172108,0.869482052,0.97385103,0.76614977,0.857603908,0.972814334,0.714469565,0.983336214,,0.324429861,0.107143184,random_forest,nearmiss,mutual_information,20,0.829916573,10,234
0.867769695,0.872455509,0.922035641,0.838619185,0.878351357,0.906291834,0.734233335,0.942098099,,0.511743436,0.162546764,adaboost,tomek,anova,20,0.829226777,10,235
0.87655252,0.887973664,0.972985693,0.805501442,0.881357377,0.970445886,0.755055083,0.913146222,,3.327381357,0.106842949,decision_tree,random_over,logistic_l1,20,0.828934641,10,236
0.866039744,0.872576889,0.931492393,0.825372088,0.875227235,0.919781691,0.731753224,,,,,sgd,enn,random_forest,20,0.828401135,7,237
0.867814053,0.872644783,0.922911838,0.83776202,0.878277918,0.907527546,0.734397911,0.924763297,,0.502487582,0.103154265,logistic_regression,enn,anova,20,0.8277112,10,238
0.867059972,0.872834193,0.927800974,0.831138471,0.876813679,0.914529915,0.733386221,0.928432959,,0.541198178,0.110755565,logistic_regression,adasyn,extra_trees,20,0.827032162,10,239
0.865196948,0.871147683,0.927237829,0.828177355,0.874912533,0.914118011,0.729763085,,,,,sgd,tomek,mutual_information,20,0.826841316,7,240
0.852909865,0.867545091,0.974095845,0.761863945,0.855006559,0.973226238,0.710216578,0.983418777,,0.317651568,0.10579659,random_forest,adasyn,random_forest,20,0.826335667,10,241
0.88174237,0.892720113,0.974605546,0.8134497,0.886765206,0.971990526,0.765103715,0.892720113,,4.262437009,0.11825763,decision_tree,adasyn,random_forest,20,0.825745749,10,242
0.852998581,0.867723223,0.974857827,0.7613964,0.85500525,0.974050046,0.710440417,0.980127565,,0.325334162,0.10493984,random_forest,svm_smote,extra_trees,20,0.825262475,10,243
0.864354152,0.869981522,0.924593867,0.829346217,0.874383832,0.910616826,0.727909367,0.945885318,,0.507988457,0.160732617,adaboost,nearmiss,anova,20,0.825178954,10,244
0.854817246,0.868331117,0.967618861,0.770747292,0.858035133,0.965914942,0.713332508,0.972462127,,0.388041654,0.105584204,gradient_boosting,class_weight,random_forest,20,0.824908991,10,245
0.864132363,0.870275223,0.927458873,0.825917556,0.873747991,0.914632891,0.727742926,,,,,sgd,smote,mutual_information,20,0.824770733,7,246
0.864088006,0.870223735,0.927377723,0.825917556,0.873711978,0.914529915,0.727650688,,,,,sgd,smote_tomek,extra_trees,20,0.824686208,7,247
0.880544713,0.886043985,0.93774823,0.846333671,0.889698956,0.925754299,0.760176037,0.891714546,,4.013137056,0.116848829,knn,adasyn,anova,20,0.824017926,10,248
0.865729241,0.870801041,0.922526715,0.834177511,0.876130458,0.90742457,0.730358651,0.924062975,,0.504630859,0.105717226,logistic_regression,tomek,anova,20,0.823768966,10,249
0.864487225,0.869584844,0.9216109,0.832774877,0.874943714,0.90639481,0.727891301,0.940753433,,0.512863979,0.163155214,adaboost,class_weight,anova,20,0.823225828,10,250
0.865330021,0.870475434,0.922612372,0.833320346,0.875696037,0.907630522,0.729600306,0.924383498,,0.50394094,0.106552319,logistic_regression,class_weight,anova,20,0.823161441,10,251
0.863777502,0.868999029,0.921721099,0.831294319,0.874175441,0.906703738,0.726540389,0.94281723,,0.512126773,0.162696289,adaboost,smote,anova,20,0.822899027,10,252
0.853841377,0.86751153,0.96782421,0.76879919,0.856907109,0.96622387,0.711503605,0.970939201,,0.376513514,0.103794228,gradient_boosting,random_over,variance,122,0.822886219,10,253
0.863200852,0.870221103,0.93194506,0.81952778,0.872128701,0.920914427,0.726357999,,,,,sgd,random_under,random_forest,20,0.822885177,7,254
0.862757275,0.869017296,0.926961859,0.823813606,0.872349204,0.914220987,0.725065305,,,,,sgd,random_over,mutual_information,20,0.822110188,7,255
0.873314407,0.884828811,0.970657609,0.801683161,0.878115398,0.967974462,0.748706583,0.909724671,,3.447538325,0.110181536,decision_tree,smote,logistic_l1,20,0.821583635,10,256
0.852865507,0.866591735,0.967295227,0.76747448,0.855876602,0.96570899,0.709619628,0.972333967,,0.398099748,0.108041122,gradient_boosting,smote,random_forest,20,0.8213687,10,257
0.862624202,0.869351344,0.929655781,0.820774566,0.871828829,0.917928123,0.725052483,0.943808064,,0.515090982,0.164457361,adaboost,nearmiss,extra_trees,20,0.821070685,10,258
0.862091909,0.869334734,0.932331496,0.817034209,0.870883342,0.921635259,0.724271894,,,,,sgd,class_weight,random_forest,20,0.82072567,7,259
0.878193754,0.884129308,0.93837462,0.841268604,0.887172323,0.926990011,0.755688148,0.891645746,,3.999881405,0.118358765,knn,borderline_smote,anova,20,0.82003054,10,260
0.878105039,0.886819619,0.955881023,0.82389153,0.884992048,0.949747709,0.756840418,0.892227139,,4.153196276,0.118899436,decision_tree,enn,logistic_l1,20,0.819602366,10,261
0.872249823,0.883718359,0.969348298,0.80090392,0.877112135,0.966532798,0.746582522,0.908470684,,3.487458839,0.111273918,decision_tree,smote_tomek,logistic_l1,20,0.819105626,10,262
0.861027324,0.867510302,0.926786343,0.820696641,0.870521139,0.914323963,0.721740135,,,,,sgd,random_under,mutual_information,20,0.818751797,7,263
0.86014017,0.867332307,0.93029872,0.815397803,0.869066899,0.919266811,0.720362794,0.936580148,,0.537011629,0.11377378,logistic_regression,nearmiss,random_forest,20,0.818481014,10,264
0.860894251,0.867468572,0.927218257,0.819995325,0.870316765,0.914941819,0.721525065,0.933946762,,0.553598161,0.117918297,logistic_regression,smote_enn,mutual_information,20,0.81833596,10,265
0.850204045,0.864341693,0.967748318,0.762253565,0.852796304,0.966429822,0.704632027,0.974118389,,0.379398556,0.104674304,gradient_boosting,tomek,variance,122,0.817999227,10,266
0.848651526,0.863679475,0.972894288,0.755162472,0.850311485,0.972196478,0.702101186,0.978022715,,0.384373215,0.100579504,extra_trees,smote_enn,anova,20,0.81737877,10,267
0.87655252,0.882562452,0.937412953,0.839164654,0.885572139,0.925960251,0.752448106,0.891617456,,3.998496694,0.118997516,knn,svm_smote,anova,20,0.817277094,10,268
0.857212562,0.865186694,0.932517545,0.807605392,0.865578152,0.922767995,0.714978393,0.945707828,,0.551937951,0.122815053,logistic_regression,smote_enn,random_forest,20,0.816336945,10,269
0.859785309,0.86655715,0.927435036,0.817657601,0.869093469,0.915456699,0.719425841,,,,,sgd,smote,extra_trees,20,0.816323786,7,270
0.859740951,0.866317773,0.926223006,0.818826463,0.869219952,0.913809082,0.719230091,,,,,sgd,nearmiss,mutual_information,20,0.81626158,7,271
0.859652236,0.86527535,0.920501,0.824670771,0.869954788,0.90587993,0.718526397,0.94276175,,0.508639813,0.161254982,adaboost,smote_tomek,anova,20,0.816205952,10,272
0.849095103,0.863380168,0.967761135,0.760227538,0.851531815,0.966532798,0.702542691,0.972969456,,0.38503312,0.10640902,gradient_boosting,class_weight,variance,122,0.815536485,10,273
0.847187722,0.862569091,0.974141414,0.751500039,0.848458189,0.973638142,0.699441661,0.978987727,,0.336799831,0.106379777,random_forest,enn,extra_trees,20,0.814977078,10,274
0.858587651,0.865480123,0.927110088,0.815709499,0.867849445,0.915250747,0.717109267,0.933890206,,0.540657842,0.118726335,logistic_regression,random_under,mutual_information,20,0.814458968,10,275
0.854063165,0.86764371,0.967381722,0.769578431,0.857217255,0.96570899,0.711888983,0.961344791,,0.513336675,0.163830596,adaboost,adasyn,mutual_information,20,0.813844691,10,276
0.869455287,0.881764788,0.972753346,0.792877737,0.873653029,0.970651838,0.741489479,0.906703273,,3.590603301,0.115085298,decision_tree,class_weight,logistic_l1,20,0.813233782,10,277
0.845901348,0.860913101,0.970065294,0.752513052,0.847551343,0.96931315,0.696710021,0.979296025,,0.345371095,0.111383913,extra_trees,nearmiss,mutual_information,20,0.812414554,10,278
0.857301278,0.864362749,0.926998224,0.813371776,0.86647574,0.915353723,0.714644625,0.93367692,,0.545699093,0.11954072,logistic_regression,smote_tomek,mutual_information,20,0.812156964,10,279
0.857611781,0.864685587,0.927347011,0.813605548,0.86676075,0.915765627,0.715269038,,,,,sgd,random_over,extra_trees,20,0.812095462,7,280
0.857168204,0.864258389,0.927054642,0.813060079,0.866323481,0.915456699,0.714396059,0.933870988,,0.542163098,0.119186095,logistic_regression,random_over,mutual_information,20,0.81205249,10,281
0.854418027,0.862732084,0.932132839,0.802696174,0.862585832,0.922767995,0.709624466,0.945145099,,0.542791079,0.12375304,logistic_regression,smote_tomek,random_forest,20,0.811425623,10,282
0.844082683,0.859791643,0.973571864,0.746357048,0.844956111,0.973226238,0.693564073,0.983196391,,0.320749552,0.10726713,random_forest,borderline_smote,mutual_information,20,0.81140709,10,283
0.854418027,0.862757136,0.932289309,0.802540326,0.862562814,0.922973947,0.709638697,0.944667115,,0.542669298,0.123875703,logistic_regression,random_under,random_forest,20,0.811226294,10,284
0.854151881,0.86253589,0.932330827,0.801994857,0.862265416,0.923076923,0.70913638,0.944816151,,0.544723171,0.124086301,logistic_regression,random_over,random_forest,20,0.810817453,10,285
0.844082683,0.859653858,0.972515213,0.747214213,0.84510642,0.972093502,0.69348266,0.982611057,,0.33350527,0.111259981,random_forest,enn,mutual_information,20,0.81077081,10,286
0.856236693,0.86336503,0.926462742,0.811891218,0.865401387,0.914838843,0.7125652,0.934085879,,0.653440953,0.121627395,logistic_regression,svm_smote,variance,122,0.810060022,10,287
0.856547197,0.863725446,0.927039772,0.811891218,0.865653041,0.915559675,0.713210666,,,,,sgd,tomek,extra_trees,20,0.810027976,7,288
0.855837473,0.863077002,0.926783647,0.810800281,0.864921031,0.915353723,0.711834261,0.933992653,,0.558918905,0.121349955,logistic_regression,enn,mutual_information,20,0.80965688,10,289
0.86785841,0.880412258,0.973022273,0.789760773,0.871865457,0.971063742,0.738467252,0.904823405,,3.661452733,0.117168015,decision_tree,nearmiss,logistic_l1,20,0.809479604,10,290
0.855660043,0.862908627,0.926681514,0.810566508,0.864743536,0.915250747,0.711486681,0.933513978,,0.54419491,0.119653804,logistic_regression,smote,mutual_information,20,0.809367915,10,291
0.855837473,0.861974718,0.92019644,0.817657601,0.865901964,0.906291834,0.71121016,0.941318252,,0.51410045,0.163752998,adaboost,smote_enn,anova,20,0.809081501,10,292
0.852288857,0.866360799,0.969283951,0.764747136,0.854952522,0.967974462,0.708682877,0.956814926,,0.517423075,0.165259574,adaboost,nearmiss,mutual_information,20,0.809018297,10,293
0.853042938,0.861599417,0.932412791,0.799812982,0.861037708,0.923385851,0.707036085,0.944932014,,0.552017359,0.125155101,logistic_regression,smote,random_forest,20,0.808903692,10,294
0.867991483,0.87521814,0.937427887,0.823034365,0.876514523,0.927401915,0.735999184,0.899633604,,3.583275904,0.118882186,knn,nearmiss,anova,20,0.807536123,10,295
0.842796309,0.858799529,0.974558087,0.743240084,0.843324492,0.974358974,0.691225987,0.979039761,,0.363049542,0.11117371,random_forest,smote_tomek,extra_trees,20,0.807188046,10,296
0.854240596,0.860722395,0.920832231,0.813917245,0.864080079,0.907527546,0.708226682,0.942329408,,0.514155285,0.163712652,adaboost,random_over,anova,20,0.806812549,10,297
0.868523776,0.879643885,0.963463887,0.799345438,0.873764906,0.959942333,0.739051267,0.897871409,,3.956846711,0.120455997,knn,smote_enn,logistic_l1,20,0.806551027,10,298
0.843594748,0.859162645,0.972005274,0.746746669,0.844614842,0.971578622,0.692527144,0.974086986,,0.380567756,0.113185141,extra_trees,adasyn,extra_trees,20,0.806303647,10,299
0.849982257,0.864021624,0.966808258,0.762643186,0.852674682,0.965400062,0.70414095,0.959738989,,0.516966935,0.165544076,adaboost,borderline_smote,mutual_information,20,0.806264583,10,300
0.854063165,0.860453814,0.92013736,0.814306865,0.863993386,0.906600762,0.707821212,0.94043679,,0.516908818,0.165025976,adaboost,random_under,anova,20,0.805669352,10,301
0.850647622,0.85954557,0.932395396,0.795293384,0.858404475,0.923797755,0.702486829,0.945274074,,0.558988442,0.12618187,logistic_regression,enn,random_forest,20,0.804942659,10,302
0.853885735,0.861437827,0.926953719,0.806904075,0.862772871,0.915971579,0.708133634,,,,,sgd,enn,extra_trees,20,0.804841586,7,303
0.840800213,0.856783192,0.972403925,0.741369906,0.841314056,0.972196478,0.687316642,0.979875236,,0.326645422,0.106936329,random_forest,borderline_smote,variance,122,0.804615479,10,304
0.840622782,0.856852811,0.974137931,0.739655575,0.840855738,0.974050046,0.68711915,0.978407734,,0.344940957,0.113188156,random_forest,smote,extra_trees,20,0.803179243,10,305
0.85282115,0.860390004,0.926108374,0.805735214,0.861738478,0.915044795,0.706028746,,,,,sgd,adasyn,variance,122,0.802781157,7,306
0.84066714,0.856340631,0.969897285,0.74316216,0.841524751,0.969519102,0.686870154,0.978574952,,0.463954095,0.116629431,extra_trees,nearmiss,random_forest,20,0.802587592,10,307
0.848873314,0.858062243,0.932623462,0.791708876,0.856408311,0.924415611,0.699143807,0.94485429,,0.555648224,0.127683492,logistic_regression,tomek,random_forest,20,0.801699625,10,308
0.839158978,0.855015921,0.969792836,0.740512741,0.839784376,0.969519102,0.68403592,0.979910383,,0.34137899,0.111595449,extra_trees,enn,mutual_information,20,0.80138711,10,309
0.851534776,0.85946052,0.927143372,0.802228629,0.860174625,0.916692411,0.703681156,0.932706187,,0.701855275,0.127721181,logistic_regression,borderline_smote,variance,122,0.801017602,10,310
0.845280341,0.857499189,0.94932205,0.769266734,0.849862259,0.945731645,0.693844336,0.954288471,,0.373714892,0.1196205,gradient_boosting,borderline_smote,chi2,20,0.800572963,10,311
0.850159688,0.858152489,0.926323384,0.800436375,0.858791071,0.915868603,0.700991633,0.934022351,,0.551656511,0.123588911,logistic_regression,tomek,mutual_information,20,0.800059109,10,312
0.850026615,0.858035603,0.926303446,0.800202603,0.858647937,0.915868603,0.700737089,0.934002426,,0.551090658,0.123484002,logistic_regression,class_weight,mutual_information,20,0.799840849,10,313
0.838183109,0.854709898,0.973991124,0.73536975,0.838025042,0.974050046,0.682540272,0.979584949,,0.336970769,0.110728212,random_forest,random_under,extra_trees,20,0.799796383,10,314
0.837118524,0.853536816,0.972070494,0.734980129,0.837060703,0.972093502,0.680397798,0.9811188,,0.322760706,0.104903412,random_forest,adasyn,variance,122,0.799127724,10,315
0.869588361,0.881430739,0.969530138,0.795916777,0.874186922,0.966944702,0.741517175,0.881430739,,4.700511931,0.130411639,decision_tree,nearmiss,variance,122,0.79890474,10,316
0.83680802,0.853339237,0.972635275,0.733967116,0.836612337,0.972711358,0.679861851,0.982776687,,0.337972286,0.112268454,random_forest,borderline_smote,random_forest,20,0.798579826,10,317
0.837517743,0.853536748,0.969389844,0.737863321,0.837927525,0.969210174,0.680931156,0.980479724,,0.370973485,0.116936507,extra_trees,adasyn,random_forest,20,0.798303666,10,318
0.837473385,0.853447682,0.969002558,0.738097093,0.837933475,0.96879827,0.680817099,0.980287999,,0.387920805,0.118417964,extra_trees,enn,random_forest,20,0.797968473,10,319
0.836852378,0.853027473,0.969920953,0.736226915,0.837069195,0.96982803,0.679728879,0.978860048,,0.353100324,0.113503128,extra_trees,adasyn,mutual_information,20,0.796917647,10,320
0.843683463,0.858814687,0.968778326,0.749551936,0.845180564,0.968077438,0.69244156,0.961583181,,0.52842951,0.170906546,adaboost,svm_smote,random_forest,20,0.796021807,10,321
0.868035841,0.880893781,0.975405093,0.788046443,0.871772768,0.973741118,0.738970751,0.880893781,,4.756470406,0.131964159,decision_tree,svm_smote,variance,122,0.795944001,10,322
0.835388573,0.852180133,0.973230961,0.730928076,0.834853812,0.97343219,0.677256191,0.98296956,,0.355387514,0.117164845,random_forest,enn,random_forest,20,0.795811062,10,323
0.835787793,0.852656051,0.974239119,0.730850152,0.835173642,0.97446195,0.678081565,0.978735603,,0.354657173,0.110384975,random_forest,smote_enn,extra_trees,20,0.795437402,10,324
0.848828957,0.857083835,0.926740922,0.797475259,0.857262523,0.916692411,0.698506146,0.930395321,,0.712282949,0.130093824,logistic_regression,adasyn,variance,122,0.795375566,10,325
0.844215756,0.85399628,0.932127955,0.783370997,0.851299856,0.924621563,0.690284586,0.944802959,,0.560585689,0.129184429,logistic_regression,class_weight,random_forest,20,0.793771257,10,326
0.843993967,0.853100016,0.927653324,0.787345126,0.851759747,0.918854907,0.689437818,0.953392067,,0.517502098,0.16563792,adaboost,smote_tomek,extra_trees,20,0.793764164,10,327
0.843905252,0.853022092,0.927640037,0.787189278,0.851662943,0.918854907,0.689268812,0.953390518,,0.51752112,0.165653368,adaboost,smote,extra_trees,20,0.793614177,10,328
0.837074166,0.852996816,0.968206911,0.738019169,0.837585673,0.967974462,0.680006057,0.970933977,,0.465004136,0.120042626,extra_trees,enn,extra_trees,20,0.793256646,10,329
0.834590135,0.851579024,0.97396918,0.728902049,0.83380131,0.974255998,0.675823488,0.978683545,,0.352704394,0.112598225,random_forest,tomek,extra_trees,20,0.793217173,10,330
0.842796309,0.852286034,0.928973862,0.783760617,0.850211327,0.920811451,0.687302185,0.9556513,,0.523170982,0.167830885,adaboost,adasyn,variance,122,0.792420248,10,331
0.863245209,0.871024149,0.936671444,0.814852334,0.871525607,0.927195963,0.726852846,0.887300733,,4.103613733,0.129439319,knn,random_over,anova,20,0.792419474,10,332
0.834323989,0.850819162,0.969840942,0.731707317,0.834110593,0.969931006,0.674996693,0.978829339,,0.363578837,0.116199801,extra_trees,borderline_smote,mutual_information,20,0.792402135,10,333
0.833436835,0.850453277,0.973009587,0.72757734,0.832582817,0.973329214,0.673594644,0.982171257,,0.348395623,0.117651012,random_forest,smote_enn,mutual_information,20,0.792200755,10,334
0.832993258,0.850138812,0.973574264,0.726330554,0.831972152,0.97394707,0.672812038,0.982610139,,0.359180214,0.117578581,random_forest,nearmiss,random_forest,20,0.791614687,10,335
0.843018098,0.851867073,0.92516011,0.787968519,0.851070993,0.915765627,0.687349864,0.950792884,,0.514233966,0.163938001,adaboost,borderline_smote,extra_trees,20,0.791314893,10,336
0.841909155,0.851193644,0.926867459,0.784150238,0.849556775,0.918237051,0.68542221,0.956115667,,0.520134699,0.16648473,adaboost,svm_smote,extra_trees,20,0.791276897,10,337
0.842086586,0.851474752,0.927681948,0.783682693,0.84962406,0.919266811,0.685836714,0.953762521,,0.51561964,0.16478589,adaboost,enn,extra_trees,20,0.790801495,10,338
0.834723208,0.851445391,0.972012024,0.730694304,0.834252669,0.972196478,0.675916519,0.973293209,,0.388214807,0.120861466,extra_trees,borderline_smote,extra_trees,20,0.790464769,10,339
0.840622782,0.856126306,0.968559838,0.744175173,0.841669237,0.968077438,0.686680852,0.959406173,,0.520851124,0.166929379,adaboost,nearmiss,random_forest,20,0.790424764,10,340
0.832993258,0.850151338,0.973673214,0.72625263,0.831957152,0.974050046,0.672819913,0.978024308,,0.361661538,0.112316551,random_forest,random_over,extra_trees,20,0.790273918,10,341
0.841066359,0.850453365,0.926739251,0.78266968,0.848633349,0.918237051,0.6838186,0.955970158,,0.520024082,0.166397718,adaboost,adasyn,extra_trees,20,0.789820456,10,342
0.839735628,0.855209279,0.967450821,0.743473856,0.840801939,0.966944702,0.68492919,0.96103553,,0.521606963,0.167594577,adaboost,adasyn,random_forest,20,0.789501199,10,343
0.832460965,0.849696319,0.973739276,0.725239617,0.831316154,0.974153022,0.671832398,0.978046106,,0.361947854,0.111935031,random_forest,nearmiss,extra_trees,20,0.789423343,10,344
0.845856991,0.854348118,0.92551837,0.793033585,0.85416929,0.915662651,0.692755804,,,,,sgd,smote_enn,variance,122,0.789179269,7,345
0.864930802,0.877865814,0.973033056,0.784461934,0.868631088,0.971269694,0.732900287,0.877865814,,4.868387357,0.135069198,decision_tree,smote_tomek,variance,122,0.788986207,10,346
0.84066714,0.850303122,0.927942947,0.780721577,0.847989843,0.919884667,0.683183135,0.954969992,,0.515490575,0.164699821,adaboost,random_over,extra_trees,20,0.788904396,10,347
0.845590845,0.854252131,0.926331145,0.791708876,0.853745641,0.916795387,0.692330791,,,,,sgd,random_under,extra_trees,20,0.788642059,7,348
0.839957417,0.855454193,0.967846638,0.743551781,0.841001234,0.967356606,0.685376612,0.957424966,,0.52005626,0.167145108,adaboost,random_under,random_forest,20,0.78850877,10,349
0.831884315,0.849189813,0.97370351,0.724226603,0.830637233,0.974153022,0.670754384,0.977800285,,0.372567344,0.113438598,random_forest,class_weight,extra_trees,20,0.788196197,10,350
0.845235983,0.853978013,0.926510864,0.79085171,0.853323244,0.917104315,0.691676543,,,,,sgd,nearmiss,extra_trees,20,0.787943625,7,351
0.830686657,0.848050156,0.972933277,0.722668121,0.829331545,0.97343219,0.668460686,0.983121271,,0.352718214,0.118963881,random_forest,smote_tomek,mutual_information,20,0.787828528,10,352
0.85996274,0.867990645,0.93530682,0.81002104,0.868167203,0.925960251,0.720468091,0.888478421,,4.073185828,0.12920511,knn,enn,anova,20,0.787567124,10,353
0.864176721,0.877153355,0.972622618,0.783448921,0.867846353,0.97085779,0.731438451,0.877153355,,4.895567188,0.135823279,decision_tree,smote_enn,variance,122,0.78730797,10,354
0.832416608,0.849419364,0.971860344,0.72664225,0.831549848,0.972196478,0.67159931,0.973830702,,0.360873872,0.116020368,extra_trees,adasyn,variance,122,0.787307548,10,355
0.845768275,0.854132408,0.924655047,0.793734902,0.854207724,0.914529915,0.692503672,0.920213455,,0.624729904,0.123648268,logistic_regression,nearmiss,mutual_information,20,0.787141316,10,356
0.830287438,0.847661919,0.972609928,0.722200577,0.82890618,0.973123262,0.66769095,0.982522016,,0.35032398,0.118373463,random_forest,random_under,mutual_information,20,0.786975612,10,357
0.844614975,0.853357388,0.925949598,0.790228318,0.852722304,0.916486459,0.690446938,,,,,sgd,smote,variance,122,0.786737968,7,358
0.863954933,0.876770656,0.971241073,0.784228162,0.867773227,0.96931315,0.730918203,0.876770656,,4.903561256,0.136045067,decision_tree,borderline_smote,random_forest,20,0.786723363,10,359
0.839025905,0.854210108,0.964566929,0.744564794,0.84040635,0.963855422,0.683365664,0.955907304,,0.514712381,0.164406121,adaboost,enn,variance,122,0.786562181,10,360
0.832904542,0.849146494,0.966454003,0.731863165,0.83295641,0.966429822,0.672069933,0.971914644,,0.401744006,0.123178108,extra_trees,tomek,extra_trees,20,0.786536458,10,361
0.844481902,0.853227976,0.92585152,0.790072469,0.852589976,0.916383483,0.690185625,,,,,sgd,random_over,variance,122,0.786479163,7,362
0.859297374,0.867443792,0.935454791,0.808618406,0.867424559,0.926269179,0.719212241,0.888208275,,4.061160702,0.130432931,knn,random_under,anova,20,0.786285205,10,363
0.830154365,0.847707871,0.973894737,0.720953791,0.82854968,0.97446195,0.667546349,0.981265717,,0.409252942,0.120079913,random_forest,class_weight,mutual_information,20,0.785964204,10,364
0.829622072,0.847177696,0.973362813,0.720408322,0.827996955,0.97394707,0.666512467,0.983063917,,0.353584983,0.119696331,random_forest,tomek,mutual_information,20,0.785959949,10,365
0.829178495,0.84677555,0.973234984,0.719707005,0.827487345,0.973844094,0.665676394,0.983622891,,0.336527818,0.11443766,random_forest,svm_smote,mutual_information,20,0.785940291,10,366
0.839380767,0.854960213,0.967899228,0.742460843,0.840322794,0.967459582,0.684300177,0.953193405,,0.518140289,0.166649362,adaboost,enn,mutual_information,20,0.785937917,10,367
0.82966643,0.847204132,0.973265972,0.72056417,0.828064834,0.973844094,0.666587263,0.983061819,,0.359410369,0.120994968,random_forest,random_over,mutual_information,20,0.785901129,10,368
0.832106104,0.849109052,0.971544715,0.726330554,0.831230214,0.97188755,0.670994799,0.972963895,,0.383471321,0.122416423,extra_trees,random_under,extra_trees,20,0.785815986,10,369
0.837650816,0.853453218,0.967866979,0.739343879,0.838310656,0.967562558,0.681057817,0.959694627,,0.534891763,0.173474763,adaboost,borderline_smote,random_forest,20,0.784942968,10,370
0.862890348,0.876048508,0.972729037,0.781033274,0.86640446,0.971063742,0.729003544,0.876048508,,4.941932781,0.137109652,decision_tree,tomek,variance,122,0.784502692,10,371
0.828601845,0.846269043,0.973198269,0.718693992,0.826804124,0.973844094,0.664600223,0.983124814,,0.366709149,0.122314227,random_forest,smote_tomek,random_forest,20,0.78399853,10,372
0.829045422,0.846044892,0.968388106,0.723291514,0.828084575,0.96879827,0.665033371,0.979958039,,0.378299742,0.120662203,extra_trees,borderline_smote,random_forest,20,0.783524994,10,373
0.86226934,0.875465461,0.972416472,0.780176108,0.865752951,0.970754814,0.727802564,0.875465461,,4.964316172,0.13773066,decision_tree,class_weight,variance,122,0.783121649,10,374
0.836320085,0.852309409,0.967959873,0.736850308,0.836740111,0.96776851,0.67857542,0.955842692,,0.527220892,0.170547059,adaboost,enn,random_forest,20,0.781487039,10,375
0.841909155,0.850993229,0.925613004,0.785397023,0.849759717,0.916589435,0.685299115,,,,,sgd,tomek,variance,122,0.781439662,7,376
0.829755145,0.846718389,0.96883144,0.724226603,0.82885936,0.969210174,0.666391873,0.97186499,,0.408216192,0.122367698,extra_trees,nearmiss,extra_trees,20,0.781320294,10,377
0.836009581,0.851986571,0.967553736,0.736616535,0.836437641,0.967356606,0.677961787,0.955480811,,0.516620281,0.165743261,adaboost,random_over,mutual_information,20,0.781269491,10,378
0.829311568,0.846629391,0.971158888,0.721577184,0.827968526,0.971681598,0.665756008,0.972554788,,0.391070018,0.119466849,extra_trees,svm_smote,extra_trees,20,0.781190871,10,379
0.827049326,0.84488032,0.972898581,0.716122497,0.824992145,0.973638142,0.66168825,0.982529053,,0.374680511,0.1246132,random_forest,class_weight,random_forest,20,0.780923983,10,380
0.835566004,0.851409061,0.966087845,0.737006156,0.836140211,0.965811966,0.677012782,0.956776253,,0.519566236,0.167370312,adaboost,svm_smote,mutual_information,20,0.780859663,10,381
0.82735983,0.84470212,0.969343832,0.719473233,0.825923607,0.969931006,0.661974752,0.979252509,,0.41261125,0.125588385,extra_trees,random_under,random_forest,20,0.779899814,10,382
0.826029099,0.843996718,0.97293281,0.714252318,0.82376202,0.973741118,0.659794765,0.982746524,,0.356652216,0.120172659,random_forest,smote,mutual_information,20,0.779733741,10,383
0.855660043,0.864411742,0.936003641,0.801215616,0.863380636,0.927607867,0.712334395,0.887494961,,4.10533508,0.13174237,knn,smote_tomek,anova,20,0.779722316,10,384
0.855660043,0.864411742,0.936003641,0.801215616,0.863380636,0.927607867,0.712334395,0.887363985,,4.105717902,0.131793825,knn,smote,anova,20,0.779665423,10,385
0.855615685,0.86437278,0.935997815,0.801137692,0.863332913,0.927607867,0.712249514,0.887382998,,4.103945697,0.132251597,knn,tomek,anova,20,0.779564471,10,386
0.827670334,0.844937276,0.969071084,0.720252474,0.826337669,0.969622078,0.662529945,0.978045958,,0.44425857,0.128911697,extra_trees,smote_enn,random_forest,20,0.779561726,10,387
0.855482612,0.864255893,0.93598033,0.80090392,0.86318972,0.927607867,0.711994884,0.887270457,,4.104528412,0.132404187,knn,class_weight,anova,20,0.77928455,10,388
0.832594038,0.847032444,0.952723638,0.74277254,0.834749102,0.951292349,0.670319884,0.954148996,,0.380285728,0.12265912,gradient_boosting,svm_smote,chi2,20,0.779021568,10,389
0.825275018,0.843133948,0.971280203,0.714174394,0.823117338,0.972093502,0.65825856,0.98078815,,0.330408927,0.11034311,random_forest,svm_smote,variance,122,0.778600804,10,390
0.828202626,0.845768073,0.971976401,0.718927764,0.826517357,0.972608382,0.663758385,0.972207175,,0.406886124,0.127182585,extra_trees,random_over,extra_trees,20,0.778485779,10,391
0.834501419,0.844874871,0.926923077,0.769968051,0.841186736,0.919781691,0.67147299,0.953712209,,0.520226999,0.166941706,adaboost,tomek,extra_trees,20,0.777886712,10,392
0.834368346,0.844757985,0.926902505,0.769734279,0.84103874,0.919781691,0.671220857,0.953738809,,0.520235334,0.166950543,adaboost,class_weight,extra_trees,20,0.77767332,10,393
0.82753726,0.845246272,0.972430548,0.717369282,0.825650224,0.973123262,0.662557557,0.97250523,,0.403336561,0.125482334,extra_trees,class_weight,extra_trees,20,0.777651348,10,394
0.824565295,0.842723497,0.972938419,0.711602899,0.82199919,0.973844094,0.657076432,0.983059817,,0.367302895,0.122647778,random_forest,random_under,random_forest,20,0.777143946,10,395
0.825629879,0.843257755,0.969812117,0.715966648,0.82377729,0.970548862,0.658796848,0.980073729,,0.406289892,0.127915775,extra_trees,random_over,random_forest,20,0.777133319,10,396
0.825363733,0.842986405,0.969495461,0.715732876,0.823508316,0.970239934,0.65827606,0.978471025,,0.376638571,0.11979244,extra_trees,smote_enn,mutual_information,20,0.776848797,10,397
0.825275018,0.842808273,0.968697302,0.716200421,0.823529412,0.969416126,0.658044918,0.977937036,,0.481175202,0.127061925,extra_trees,smote,random_forest,20,0.77553423,10,398
0.82696061,0.844188624,0.968036051,0.719784929,0.825653631,0.968592318,0.661123801,0.970385379,,0.459976759,0.127075211,extra_trees,smote_enn,extra_trees,20,0.775465284,10,399
0.838449255,0.847979241,0.925233645,0.779163095,0.845939086,0.916795387,0.678733859,,,,,sgd,class_weight,extra_trees,20,0.774653461,7,400
0.825940383,0.843442808,0.969141654,0.717057586,0.824256539,0.96982803,0.659318438,0.971990486,,0.408249795,0.126366056,extra_trees,smote,extra_trees,20,0.774609386,10,401
0.82310149,0.841437749,0.972842938,0.709031403,0.820247003,0.973844094,0.654352085,0.982900233,,0.36897937,0.123077536,random_forest,smote,random_forest,20,0.774570151,10,402
0.823899929,0.841675606,0.969190048,0.713317229,0.821797289,0.970033982,0.655531801,0.978872542,,0.377306389,0.119939912,extra_trees,random_under,mutual_information,20,0.774519632,10,403
0.823988644,0.84175353,0.96919657,0.713473077,0.821903052,0.970033982,0.655697062,0.978859206,,0.376249962,0.121861153,extra_trees,class_weight,mutual_information,20,0.774499289,10,404
0.830154365,0.845252784,0.955115245,0.736226915,0.831507151,0.954278653,0.665971944,0.953569512,,0.394991373,0.12619404,gradient_boosting,adasyn,chi2,20,0.774361509,10,405
0.831751242,0.84832137,0.967812047,0.728668277,0.831384752,0.967974462,0.670029312,0.955258253,,0.524226623,0.168992695,adaboost,smote_tomek,random_forest,20,0.773740131,10,406
0.83796132,0.847550658,0.925157466,0.77830593,0.845401837,0.916795387,0.677806828,,,,,sgd,smote_tomek,variance,122,0.773695945,7,407
0.824254791,0.842262873,0.971410352,0.712226292,0.821868537,0.972299454,0.656374588,0.974313083,,0.362314585,0.117099586,extra_trees,borderline_smote,variance,122,0.773665933,10,408
0.822081263,0.840554148,0.972877358,0.707161225,0.819006363,0.97394707,0.652462914,0.982923949,,0.349791685,0.1181422,random_forest,svm_smote,random_forest,20,0.773347161,10,409
0.837695174,0.847329412,0.925194661,0.777760461,0.845095466,0.916898363,0.677309162,,,,,sgd,random_under,variance,122,0.773171996,7,410
0.823190206,0.841039687,0.969038278,0.712148367,0.820966583,0.969931006,0.654201687,0.977967993,,0.386198182,0.123209526,extra_trees,smote_tomek,mutual_information,20,0.772654728,10,411
0.85282115,0.866452565,0.966558792,0.768019949,0.855927052,0.964885182,0.709479253,0.885029997,,4.480942316,0.139027679,knn,nearmiss,logistic_l1,20,0.772411656,10,412
0.821859475,0.840346811,0.972761394,0.706849529,0.818756205,0.973844094,0.65204221,0.982669129,,0.374759984,0.123884169,random_forest,tomek,random_forest,20,0.772295953,10,413
0.823234564,0.841066123,0.968942124,0.712304216,0.821035613,0.96982803,0.65427598,0.978527809,,0.458686546,0.129237609,extra_trees,class_weight,random_forest,20,0.772207483,10,414
0.855615685,0.864209942,0.934968211,0.802150705,0.863481944,0.926269179,0.712157894,0.874551223,,4.677720442,0.139811923,knn,smote_enn,anova,20,0.772205352,10,415
0.8522445,0.865895955,0.966149922,0.767318632,0.855331162,0.964473278,0.708358668,0.886177261,,4.431219859,0.137530163,knn,random_under,logistic_l1,20,0.772173371,10,416
0.822214336,0.840207574,0.969165338,0.710278189,0.819767965,0.970136958,0.652401694,0.97841498,,0.378693043,0.121810229,extra_trees,smote,mutual_information,20,0.771330544,10,417
0.822702271,0.840723838,0.969900021,0.710589885,0.820238363,0.97085779,0.653368171,0.974003321,,0.351755794,0.117596553,extra_trees,svm_smote,variance,122,0.770886918,10,418
0.821903833,0.839909787,0.968942778,0.709888569,0.819428828,0.969931006,0.651807157,0.979991035,,0.412633755,0.128612978,extra_trees,smote_tomek,random_forest,20,0.770725787,10,419
0.830110007,0.846817144,0.967202906,0.726174706,0.829535339,0.967459582,0.666918855,0.954571974,,0.525717012,0.169622551,adaboost,random_over,random_forest,20,0.770645988,10,420
0.821903833,0.839947365,0.969242231,0.709654796,0.819380089,0.970239934,0.651832245,0.978172469,,0.383442672,0.122728811,extra_trees,random_over,mutual_information,20,0.770618969,10,421
0.829577715,0.84043735,0.92542822,0.762019793,0.835811966,0.918854907,0.662082283,0.954732235,,0.515774194,0.164891883,adaboost,random_under,extra_trees,20,0.770228464,10,422
0.821504613,0.839571655,0.969012885,0.709109328,0.818934485,0.970033982,0.651072746,0.977213126,,0.388826274,0.12238383,extra_trees,svm_smote,mutual_information,20,0.769580071,10,423
0.835566004,0.84547176,0.924939467,0.77394218,0.842730474,0.917001339,0.67327551,,,,,sgd,nearmiss,variance,122,0.768988899,7,424
0.822081263,0.839739961,0.96637767,0.712226292,0.820061908,0.96725363,0.651919948,0.971634736,,0.413431282,0.126300265,extra_trees,smote_tomek,extra_trees,20,0.767910539,10,425
0.828246984,0.845093056,0.966378682,0.723447362,0.82745098,0.96673875,0.663379783,0.954771153,,0.51814253,0.166526593,adaboost,random_under,mutual_information,20,0.767872141,10,426
0.820440028,0.838649092,0.969033636,0.707161225,0.817641229,0.970136958,0.649101224,0.978706058,,0.455036992,0.129532836,extra_trees,tomek,random_forest,20,0.767548941,10,427
0.818710078,0.837555454,0.972348239,0.701472766,0.814992531,0.973638142,0.64617501,0.98267668,,0.390298955,0.126327214,random_forest,smote_enn,random_forest,20,0.766713969,10,428
0.847232079,0.855305422,0.92418903,0.797007714,0.855899582,0.91360313,0.695231741,0.883361497,,2.971046882,0.147515389,naive_bayes,enn,logistic_l1,20,0.766191193,10,429
0.818177786,0.836987702,0.971496437,0.701161069,0.814482915,0.972814334,0.645119112,0.980548576,,0.33587912,0.114657586,random_forest,nearmiss,variance,122,0.76614374,10,430
0.827049326,0.843840665,0.964731586,0.722590197,0.826286478,0.965091134,0.661012077,0.955419726,,0.516864529,0.166193441,adaboost,smote_enn,mutual_information,20,0.766119271,10,431
0.827138041,0.844281842,0.967559648,0.720486246,0.82594131,0.968077438,0.661414253,0.954906002,,0.518296852,0.166769885,adaboost,class_weight,mutual_information,20,0.766056907,10,432
0.827803407,0.838828764,0.924822022,0.759214525,0.833875385,0.918443003,0.658697168,0.952045354,,0.520791492,0.167213766,adaboost,smote_enn,extra_trees,20,0.765982425,10,433
0.826694464,0.843892222,0.967525665,0.719707005,0.825416685,0.968077438,0.660586254,0.956804739,,0.524836878,0.169541543,adaboost,smote_enn,random_forest,20,0.765791867,10,434
0.854018808,0.868707032,0.97557815,0.762643186,0.856068227,0.974770878,0.712418716,0.868707032,,5.261695498,0.145981192,decision_tree,smote_enn,random_forest,20,0.765274101,10,435
0.825762952,0.843011389,0.966963818,0.71846022,0.824391989,0.967562558,0.658807068,0.955925976,,0.520814284,0.167742025,adaboost,smote,mutual_information,20,0.764039624,10,436
0.853220369,0.868444123,0.978881738,0.758513208,0.854721869,0.978375039,0.7111534,0.868444123,,5.290474142,0.146779631,decision_tree,tomek,random_forest,20,0.763764719,10,437
0.819375444,0.837538639,0.967552567,0.706381984,0.8165931,0.968695294,0.647003846,0.970739636,,0.397746304,0.121662434,extra_trees,nearmiss,variance,122,0.763462543,10,438
0.817867282,0.836414344,0.969042244,0.702485779,0.8145103,0.97034291,0.644338235,0.977843396,,0.389972852,0.124938411,extra_trees,tomek,mutual_information,20,0.763456992,10,439
0.853176011,0.868004331,0.975816928,0.760928855,0.855078809,0.975079806,0.710845896,0.868004331,,5.292072956,0.146823989,decision_tree,svm_smote,mutual_information,20,0.763441828,10,440
0.824609652,0.842061005,0.967364986,0.716044573,0.822944653,0.968077438,0.656697329,0.958311115,,0.523703237,0.169025511,adaboost,smote,random_forest,20,0.762916802,10,441
0.824831441,0.842168134,0.966694684,0.716979662,0.823318867,0.967356606,0.657053102,0.956109581,,0.517168832,0.165991646,adaboost,smote_tomek,mutual_information,20,0.762701952,10,442
0.816403478,0.835529427,0.972192049,0.697420712,0.812196561,0.973638142,0.641896453,0.981909456,,0.383427989,0.12790045,random_forest,random_over,random_forest,20,0.762392996,10,443
0.816758339,0.835377663,0.968453919,0.700927297,0.813254374,0.96982803,0.642237109,0.98030436,,0.401962597,0.126869904,extra_trees,svm_smote,random_forest,20,0.762330566,10,444
0.815693754,0.834768249,0.971016066,0.697031092,0.811521887,0.972505406,0.640486298,0.980074632,,0.343146188,0.116566945,random_forest,random_under,variance,122,0.761559035,10,445
0.830864088,0.841354308,0.924270931,0.765604301,0.837488812,0.917104315,0.664375394,0.923484887,,0.748780049,0.142579889,logistic_regression,smote_enn,extra_trees,20,0.761444139,10,446
0.831307665,0.841731403,0.924262357,0.766461467,0.83799787,0.917001339,0.665206634,,,,,sgd,enn,variance,122,0.76061256,7,447
0.852111427,0.866129795,0.968716076,0.764902984,0.854828877,0.967356606,0.708304676,0.866129795,,5.330444482,0.147888573,decision_tree,enn,variance,122,0.760599126,10,448
0.844215756,0.853219671,0.92721606,0.788202291,0.852076489,0.918237051,0.689814851,0.88321125,,3.057868938,0.152338852,naive_bayes,svm_smote,logistic_l1,20,0.760370442,10,449
0.844215756,0.853219671,0.92721606,0.788202291,0.852076489,0.918237051,0.689814851,0.88324482,,3.070840399,0.152161318,naive_bayes,adasyn,logistic_l1,20,0.760361008,10,450
0.844038325,0.852963615,0.926563502,0.788513987,0.851982824,0.917413243,0.689415979,0.88332061,,3.051026589,0.15208362,naive_bayes,random_over,logistic_l1,20,0.760169653,10,451
0.843993967,0.852924653,0.926556777,0.788436063,0.851934492,0.917413243,0.689331445,0.883376804,,3.049655969,0.152024958,naive_bayes,tomek,logistic_l1,20,0.76012682,10,452
0.843993967,0.852924653,0.926556777,0.788436063,0.851934492,0.917413243,0.689331445,0.883329529,,3.050276511,0.152074254,naive_bayes,class_weight,logistic_l1,20,0.760102184,10,453
0.84394961,0.852835587,0.92623776,0.788669836,0.851936027,0.917001339,0.689216499,0.883428143,,3.04561061,0.151917953,naive_bayes,random_under,logistic_l1,20,0.760099248,10,454
0.843683463,0.852476555,0.925418152,0.788981532,0.851770842,0.915971579,0.688633124,0.883260564,,3.02323314,0.151248152,naive_bayes,smote,logistic_l1,20,0.759727028,10,455
0.84394961,0.853036002,0.927489674,0.78742305,0.851736345,0.918648955,0.689338118,0.88315717,,3.104922077,0.15329686,naive_bayes,borderline_smote,logistic_l1,20,0.759678685,10,456
0.843639106,0.852412541,0.925255848,0.789059456,0.851747487,0.915765627,0.688533335,0.883229835,,3.022839025,0.151208249,naive_bayes,smote_tomek,logistic_l1,20,0.75964833,10,457
0.823057133,0.834496987,0.922995982,0.751889659,0.82870271,0.917104315,0.649635335,0.95510143,,0.512318746,0.162935565,adaboost,nearmiss,logistic_l1,20,0.759606035,10,458
0.851135557,0.866825848,0.980431917,0.753526066,0.852132534,0.980125631,0.707337279,0.866825848,,5.365618381,0.148864443,decision_tree,borderline_smote,mutual_information,20,0.759301581,10,459
0.829843861,0.840433129,0.923946848,0.763967895,0.836376045,0.916898363,0.66242909,0.921995013,,0.739863726,0.143155869,logistic_regression,random_under,extra_trees,20,0.759126524,10,460
0.829311568,0.839965584,0.923860742,0.763032806,0.83578013,0.916898363,0.661422595,0.922184636,,0.7419671,0.143777305,logistic_regression,smote_tomek,extra_trees,20,0.758246196,10,461
0.823278921,0.840766884,0.966276741,0.714486091,0.821521369,0.967047678,0.654134191,0.951010375,,0.520735587,0.167897545,adaboost,tomek,mutual_information,20,0.757905666,10,462
0.829001065,0.83969285,0.923810423,0.762487337,0.835432231,0.916898363,0.660835609,0.922409132,,0.741761992,0.144165483,logistic_regression,smote,extra_trees,20,0.757779104,10,463
0.831662527,0.842055625,0.924398948,0.767006935,0.838379967,0.917104315,0.665886466,0.912232072,,0.854235752,0.146777297,logistic_regression,smote_enn,variance,122,0.757702634,10,464
0.828912349,0.839614926,0.923796034,0.762331489,0.835332793,0.916898363,0.660667917,0.921205597,,0.739942375,0.144260559,logistic_regression,random_over,extra_trees,20,0.757155927,10,465
0.82908978,0.840008767,0.925350512,0.761162628,0.835264441,0.918854907,0.661160192,,,,,sgd,class_weight,variance,122,0.756214142,7,466
0.827980837,0.831368833,0.880901744,0.806904075,0.842280787,0.855833591,0.653907962,,,,,sgd,borderline_smote,chi2,20,0.755992083,7,467
0.827670334,0.838561566,0.923834786,0.759915842,0.833896276,0.917207291,0.658346054,0.923665346,,0.752407374,0.146394112,logistic_regression,enn,extra_trees,20,0.755804038,10,468
0.830997161,0.84680725,0.961251406,0.732642406,0.831520297,0.960972094,0.66807454,0.942190118,,4.680208856,0.168321486,naive_bayes,nearmiss,mutual_information,20,0.755120475,10,469
0.849494322,0.864106605,0.970588235,0.758591132,0.851594279,0.969622078,0.703512707,0.864106605,,5.424774483,0.150505678,decision_tree,adasyn,mutual_information,20,0.754981928,10,470
0.829400284,0.840093612,0.924195223,0.762876958,0.835823444,0.917310267,0.66162331,0.914185976,,0.808809534,0.148379647,logistic_regression,random_under,variance,122,0.75466004,10,471
0.830065649,0.840652991,0.92414248,0.764201668,0.836596289,0.917104315,0.662864985,0.910302049,,0.785986627,0.145411903,logistic_regression,nearmiss,extra_trees,20,0.754586198,10,472
0.82908978,0.839820878,0.924145097,0.762331489,0.835475469,0.917310267,0.661036349,0.914821045,,0.816378611,0.148338316,logistic_regression,smote,variance,122,0.754368387,10,473
0.829488999,0.840246692,0.924690541,0.762565261,0.835838743,0.917928123,0.661840474,0.912782027,,0.828030763,0.147943631,logistic_regression,enn,variance,122,0.754232904,10,474
0.828912349,0.83966503,0.924116424,0.762019793,0.835276532,0.917310267,0.660700988,0.913560401,,0.821046386,0.148148882,logistic_regression,random_over,variance,122,0.7535796,10,475
0.82908978,0.839833404,0.924225246,0.762253565,0.835461417,0.917413243,0.661044608,0.912564664,,0.832934404,0.148137054,logistic_regression,smote_tomek,variance,122,0.753452663,10,476
0.845945706,0.861528257,0.974452555,0.749006468,0.846984183,0.974050046,0.697130541,0.872213625,,5.089320968,0.149540454,knn,adasyn,random_forest,20,0.75339014,10,477
0.848163591,0.863138159,0.972010433,0.755006624,0.849875005,0.971269694,0.701115489,0.863138159,,5.472738891,0.151836409,decision_tree,svm_smote,extra_trees,20,0.752157093,10,478
0.829622072,0.840300948,0.924311061,0.763188654,0.836057877,0.917413243,0.662050864,0.905585606,,0.885257849,0.150358295,logistic_regression,nearmiss,variance,122,0.751267075,10,479
0.818754436,0.83133144,0.926308607,0.740512741,0.823055604,0.922150139,0.641964779,0.952906997,,0.519935412,0.166651514,adaboost,random_over,variance,122,0.751073729,10,480
0.847498226,0.861889853,0.966994731,0.757967739,0.84981653,0.965811966,0.699475051,0.861889853,,5.496721094,0.152501774,decision_tree,enn,extra_trees,20,0.750345559,10,481
0.827226757,0.838234576,0.924164768,0.75874698,0.833326201,0.917722171,0.657550047,0.91219967,,0.82369729,0.150320488,logistic_regression,class_weight,variance,122,0.750010311,10,482
0.843727821,0.859630258,0.974709362,0.744798566,0.844383586,0.97446195,0.692985248,0.871744471,,5.107584169,0.15080731,knn,borderline_smote,random_forest,20,0.749349222,10,483
0.846788502,0.861955387,0.972113158,0.752435128,0.848282527,0.971475646,0.698536262,0.861955387,,5.522302112,0.153211498,decision_tree,borderline_smote,extra_trees,20,0.749140258,10,484
0.809882896,0.829676746,0.970701619,0.68674511,0.804399416,0.972608382,0.629741519,0.974603214,,0.379534321,0.122888235,extra_trees,enn,variance,122,0.74890085,10,485
0.823988644,0.835327716,0.923231166,0.753448142,0.829743414,0.917207291,0.651399258,0.922241279,,0.755210191,0.148614455,logistic_regression,tomek,extra_trees,20,0.748848284,10,486
0.826472676,0.837559695,0.923961601,0.757500195,0.832491222,0.917619195,0.656118205,0.912233075,,0.828152247,0.150941529,logistic_regression,tomek,variance,122,0.748689001,10,487
0.846477999,0.861569919,0.971238938,0.752590976,0.84804847,0.970548862,0.697885137,0.861569919,,5.533493807,0.153522001,decision_tree,enn,random_forest,20,0.748395659,10,488
0.846167495,0.862474624,0.980305672,0.744720642,0.846426357,0.980228607,0.697986023,0.862474624,,5.544685502,0.153832505,decision_tree,class_weight,random_forest,20,0.74836713,10,489
0.817201916,0.829817457,0.925058548,0.738720486,0.821454876,0.920914427,0.638946102,0.952350367,,0.522350724,0.167874904,adaboost,nearmiss,variance,122,0.748132961,10,490
0.846300568,0.861439123,0.971417069,0.752123432,0.847819404,0.970754814,0.69756522,0.861439123,,5.539889061,0.153699432,decision_tree,random_over,variance,122,0.748017818,10,491
0.839735628,0.856349141,0.976239669,0.736382763,0.839514947,0.976315518,0.685620174,0.880649368,,4.748824428,0.148770405,knn,nearmiss,random_forest,20,0.747432406,10,492
0.822746629,0.834236779,0.923025371,0.751266267,0.828335768,0.917207291,0.649058924,0.921399376,,0.759769023,0.149333336,logistic_regression,class_weight,extra_trees,20,0.746349623,10,493
0.826561391,0.836071875,0.914137195,0.767396556,0.834364145,0.904747194,0.655236383,0.932718741,,4.42465473,0.171312264,naive_bayes,nearmiss,anova,20,0.744732286,10,494
0.821327182,0.830685218,0.908357295,0.76311073,0.829423224,0.898259705,0.644797053,0.926556233,,0.543281896,0.177607642,adaboost,svm_smote,chi2,20,0.744495426,10,495
0.844570617,0.859919603,0.971304436,0.749084392,0.845842499,0.970754814,0.694305298,0.859919603,,5.602242791,0.155429383,decision_tree,smote,variance,122,0.744202685,10,496
0.808152945,0.827856603,0.968089789,0.685576249,0.802700607,0.970136958,0.626332158,0.970241732,,0.40308019,0.126199947,extra_trees,random_under,variance,122,0.743848052,10,497
0.807443222,0.827508782,0.970314577,0.682615133,0.801427199,0.97240243,0.625218852,0.972069526,,0.397267311,0.126447722,extra_trees,smote,variance,122,0.743393206,10,498
0.81307665,0.831980976,0.966850829,0.69547261,0.809010152,0.968489342,0.63529826,0.957090031,,0.522761833,0.168782671,adaboost,tomek,random_forest,20,0.742964302,10,499
0.81307665,0.831980976,0.966850829,0.69547261,0.809010152,0.968489342,0.63529826,0.95704138,,0.522766763,0.168787143,adaboost,class_weight,random_forest,20,0.742944851,10,500
0.83951384,0.856116753,0.975932238,0.736226915,0.839299991,0.97600659,0.685181313,0.872553591,,5.072580358,0.152830021,knn,svm_smote,random_forest,20,0.742580375,10,501
0.843816537,0.858806314,0.967845659,0.75056495,0.84546851,0.967047678,0.692617938,0.858806314,,5.629422622,0.156183463,decision_tree,tomek,extra_trees,20,0.742303164,10,502
0.837251597,0.850584844,0.949391918,0.754305307,0.840679144,0.946864381,0.678749941,0.874581479,,4.786786514,0.150606813,knn,nearmiss,mutual_information,20,0.740287052,10,503
0.811878992,0.830565748,0.963830706,0.695628458,0.808056121,0.965503038,0.632825117,0.95459435,,0.519659352,0.166920864,adaboost,tomek,variance,122,0.740081205,10,504
0.817822924,0.824475728,0.889484021,0.776435752,0.829124194,0.872515704,0.635958924,0.927318611,,0.539336386,0.175687371,adaboost,adasyn,chi2,20,0.739810017,10,505
0.803317956,0.823947941,0.970532213,0.674978571,0.796212887,0.97291731,0.617660521,0.978422526,,0.361832391,0.123231821,random_forest,class_weight,variance,122,0.73924729,10,506
0.841598652,0.857371775,0.971588595,0.743473856,0.842360835,0.971269694,0.68874966,0.857371775,,5.709363301,0.158401348,decision_tree,smote_enn,mutual_information,20,0.737676222,10,507
0.803983322,0.824519845,0.970476403,0.676225357,0.79706085,0.972814334,0.618876586,0.972320911,,0.39223216,0.128488581,extra_trees,class_weight,variance,122,0.737442764,10,508
0.841421221,0.857253505,0.971865443,0.742928388,0.842114561,0.971578622,0.688438625,0.857253505,,5.715758555,0.158578779,decision_tree,enn,mutual_information,20,0.737304523,10,509
0.841509936,0.856742709,0.967393499,0.746746669,0.84286908,0.96673875,0.688251727,0.856742709,,5.712560928,0.158490064,decision_tree,smote_enn,logistic_l1,20,0.737191658,10,510
0.804382541,0.824544829,0.967788515,0.6789527,0.798039934,0.970136958,0.619375492,0.97019497,,0.405491603,0.129669539,extra_trees,tomek,variance,122,0.737099015,10,511
0.841066359,0.856941809,0.971842481,0.742304995,0.841705324,0.971578622,0.687771571,0.856941809,,5.728549064,0.158933641,decision_tree,nearmiss,mutual_information,20,0.736520715,10,512
0.803894606,0.824416869,0.970259392,0.676225357,0.796987648,0.972608382,0.618694985,0.971049202,,0.405590887,0.132010296,extra_trees,smote_tomek,variance,122,0.736442718,10,513
0.822303052,0.830602937,0.902948964,0.770669368,0.831581603,0.890536505,0.645993507,0.922976126,,3.740615855,0.173138828,naive_bayes,svm_smote,extra_trees,20,0.735931012,10,514
0.801277502,0.822155686,0.970379547,0.671394062,0.793662491,0.97291731,0.613906069,0.978682667,,0.37195704,0.122743005,random_forest,enn,variance,122,0.735879856,10,515
0.801277502,0.82214316,0.970273618,0.671471986,0.793681496,0.972814334,0.613896853,0.978486918,,0.365429404,0.123158381,random_forest,tomek,variance,122,0.735784059,10,516
0.840489709,0.856259939,0.970459407,0.742382919,0.841236203,0.970136958,0.686581996,0.856259939,,5.74933364,0.159510291,decision_tree,adasyn,extra_trees,20,0.735153198,10,517
0.809306246,0.822807056,0.923229518,0.725317541,0.812393629,0.920296571,0.624108038,0.953042415,,0.521785255,0.16734841,adaboost,random_under,variance,122,0.735081249,10,518
0.821016678,0.829473037,0.902691322,0.768409569,0.830155323,0.890536505,0.643557304,0.923555489,,3.633289795,0.174161324,naive_bayes,borderline_smote,extra_trees,20,0.734217737,10,519
0.808773953,0.822339511,0.923138034,0.724382451,0.811771384,0.920296571,0.623113557,0.953047992,,0.521857895,0.167417491,adaboost,smote,variance,122,0.734173224,10,520
0.802209013,0.82291126,0.969921437,0.673420089,0.794922504,0.97240243,0.615573654,0.971153899,,0.391940682,0.130720038,extra_trees,random_over,variance,122,0.733757056,10,521
0.820750532,0.829301894,0.903006967,0.767552404,0.82978813,0.891051385,0.643097136,0.922665095,,3.695883793,0.174803812,naive_bayes,adasyn,extra_trees,20,0.733167362,10,522
0.812145138,0.819313222,0.887227527,0.767552404,0.823062461,0.87107404,0.625073339,0.933283552,,0.543003965,0.177318595,adaboost,borderline_smote,chi2,20,0.73246433,10,523
0.799059617,0.820207584,0.970211802,0.667497857,0.790878035,0.97291731,0.609829816,0.979576583,,0.359956669,0.123203425,random_forest,random_over,variance,122,0.732435163,10,524
0.836497516,0.847680343,0.934041947,0.766929011,0.842276423,0.928431675,0.675921465,0.860804552,,5.225509828,0.155514549,knn,adasyn,variance,122,0.731959615,10,525
0.806777857,0.820611271,0.92296178,0.720720019,0.809398792,0.920502523,0.619405244,0.952099454,,0.525096589,0.168972679,adaboost,class_weight,variance,122,0.730261459,10,526
0.80034599,0.821287379,0.969884954,0.670069352,0.792571086,0.972505406,0.612156429,0.970149801,,0.431263711,0.134572849,extra_trees,smote_enn,variance,122,0.729732606,10,527
0.837916962,0.854012666,0.97038024,0.737785397,0.838247012,0.970239934,0.681757337,0.854012666,,5.842064828,0.162083038,decision_tree,svm_smote,random_forest,20,0.729472778,10,528
0.808907026,0.827704771,0.961559285,0.691966025,0.804785209,0.963443518,0.62714513,0.939815844,,1.601103686,0.15013368,extra_trees,enn,chi2,20,0.727510022,10,529
0.804382541,0.818807943,0.924589172,0.714641939,0.806170886,0.922973947,0.615162085,0.953060799,,0.518318071,0.166076385,adaboost,smote_enn,variance,122,0.726802026,10,530
0.815250177,0.827764926,0.922499513,0.737395777,0.819626694,0.918134075,0.635046843,0.940229811,,4.639961275,0.182683494,naive_bayes,nearmiss,random_forest,20,0.726740375,10,531
0.79591022,0.81746633,0.970185058,0.661809398,0.786862464,0.973123262,0.604068758,0.978294956,,0.371793374,0.125260345,random_forest,smote_enn,variance,122,0.726333531,10,532
0.814363023,0.823954404,0.90328297,0.754694927,0.822330715,0.893213881,0.631217963,0.930030492,,3.493626621,0.182037703,naive_bayes,borderline_smote,anova,20,0.725177151,10,533
0.833303762,0.846954384,0.947794335,0.748383075,0.836366803,0.945525693,0.67120845,0.858981749,,5.451251248,0.160496806,knn,adasyn,mutual_information,20,0.724743329,10,534
0.830376153,0.848040466,0.975007909,0.720486246,0.828643126,0.975594686,0.668048329,0.868758877,,5.238950395,0.15911462,knn,enn,random_forest,20,0.724725814,10,535
0.829400284,0.847220879,0.97525119,0.718538144,0.827440775,0.975903614,0.666250906,0.871385945,,5.127003089,0.158156494,knn,random_under,random_forest,20,0.724532462,10,536
0.802830021,0.817143648,0.922271446,0.713784774,0.804744125,0.920502523,0.612046867,0.952854317,,0.520579754,0.167107974,adaboost,smote_tomek,variance,122,0.724013037,10,537
0.79418027,0.81588418,0.969512894,0.659159978,0.784766676,0.972608382,0.600850623,0.978921912,,0.366827491,0.123611713,random_forest,smote,variance,122,0.723762582,10,538
0.82908978,0.846985723,0.975534844,0.717758903,0.827025814,0.976212542,0.665695685,0.867796317,,5.275784333,0.161004258,knn,random_over,random_forest,20,0.721925934,10,539
0.834634493,0.850177501,0.962887646,0.737941245,0.835539086,0.962413758,0.675006611,0.850177501,,5.960377033,0.165365507,decision_tree,class_weight,extra_trees,20,0.721722976,10,540
0.792760823,0.814662446,0.969616757,0.656510559,0.782919803,0.972814334,0.598270157,0.97938611,,0.357108265,0.123841511,random_forest,smote_tomek,variance,122,0.721522085,10,541
0.834235273,0.850966705,0.971588552,0.730148835,0.833741158,0.971784574,0.674971496,0.850966705,,5.974766355,0.165764727,decision_tree,random_under,variance,122,0.721425386,10,542
0.834057842,0.849533209,0.961804145,0.737785397,0.835031089,0.961281022,0.67383788,0.850745382,,5.919424131,0.165327325,decision_tree,enn,chi2,20,0.721088349,10,543
0.8341022,0.850298677,0.967314215,0.733343723,0.834234554,0.96725363,0.674377193,0.850298677,,5.979562796,0.1658978,decision_tree,smote,mutual_information,20,0.720839858,10,544
0.8148066,0.825671776,0.911501901,0.747214213,0.821222113,0.904129338,0.63300383,0.923676805,,4.613172365,0.181560025,naive_bayes,nearmiss,extra_trees,20,0.719935686,10,545
0.827759049,0.845841913,0.975659014,0.715265332,0.825412526,0.976418494,0.663230325,0.867805689,,5.27517259,0.16135912,knn,smote,random_forest,20,0.719665887,10,546
0.827714691,0.845802951,0.975656426,0.715187407,0.825359712,0.976418494,0.663147642,0.867429557,,5.29026344,0.16144961,knn,smote_tomek,random_forest,20,0.71939177,10,547
0.828867991,0.843095756,0.947541638,0.740356892,0.831233596,0.945834621,0.662892292,0.862486761,,5.287405879,0.160067424,knn,svm_smote,mutual_information,20,0.719181755,10,548
0.827404187,0.845555269,0.975840783,0.714486091,0.824958388,0.976624447,0.662585122,0.867920597,,5.271007009,0.161483322,knn,tomek,random_forest,20,0.719119395,10,549
0.827315472,0.845477344,0.97583564,0.714330242,0.824852657,0.976624447,0.662419797,0.867840426,,5.274342695,0.161628815,knn,class_weight,random_forest,20,0.718916162,10,550
0.833037615,0.849300958,0.966752445,0.731863165,0.833067234,0.96673875,0.672342943,0.849300958,,6.017934322,0.166962385,decision_tree,smote_tomek,mutual_information,20,0.718449273,10,551
0.8329489,0.849473553,0.968675695,0.730148835,0.832666844,0.96879827,0.672334745,0.849473553,,6.021131949,0.1670511,decision_tree,adasyn,variance,122,0.71838252,10,552
0.829134138,0.843379633,0.947930175,0.740512741,0.831481319,0.946246525,0.663424711,0.859659972,,5.416353361,0.16189851,knn,enn,mutual_information,20,0.717984976,10,553
0.831307665,0.842746005,0.930820611,0.760149614,0.836872131,0.925342395,0.665866548,0.851678473,,5.627330119,0.164176721,knn,adasyn,extra_trees,20,0.717773846,10,554
0.829311568,0.841393543,0.933179057,0.754149458,0.834166523,0.928637627,0.662360617,0.85743404,,5.359351602,0.161980128,knn,borderline_smote,variance,122,0.717624483,10,555
0.829444642,0.843589737,0.947520414,0.74144783,0.831912568,0.945731645,0.663967225,0.857942729,,5.483459746,0.16303939,knn,borderline_smote,mutual_information,20,0.717537249,10,556
0.8101934,0.820317023,0.902579066,0.747214213,0.817581106,0.893419833,0.623385088,0.929844031,,3.592414561,0.186754626,naive_bayes,svm_smote,anova,20,0.717340443,10,557
0.828557488,0.846430496,0.974798814,0.717369282,0.826502671,0.97549171,0.66464645,0.86105743,,5.553226525,0.164128815,knn,smote_enn,random_forest,20,0.717289672,10,558
0.810015969,0.820148649,0.902466579,0.746980441,0.817395012,0.893316857,0.623042218,0.92978447,,3.590865121,0.185645662,naive_bayes,adasyn,anova,20,0.7171207,10,559
0.832239177,0.848524485,0.966113915,0.730928076,0.832224292,0.966120894,0.670799851,0.848524485,,6.046712967,0.167760823,decision_tree,smote_enn,extra_trees,20,0.716641429,10,560
0.832017388,0.849018602,0.971440484,0.72625263,0.831141035,0.971784574,0.670820952,0.849018602,,6.054707034,0.167982612,decision_tree,random_under,mutual_information,20,0.716511425,10,561
0.79803939,0.812810487,0.920560748,0.706148212,0.799223883,0.919472763,0.603043001,0.955336145,,0.52962848,0.170861824,adaboost,random_over,logistic_l1,20,0.7164708,10,562
0.832150461,0.847882893,0.961825048,0.734278812,0.832788334,0.961486974,0.670276,0.847882893,,6.049910594,0.167849539,decision_tree,borderline_smote,variance,122,0.716164668,10,563
0.797728886,0.812437545,0.919821374,0.706226136,0.798994975,0.918648955,0.602389494,0.955509466,,0.528614284,0.170439641,adaboost,tomek,logistic_l1,20,0.71606071,10,564
0.808286018,0.81791515,0.897821819,0.748383075,0.816319592,0.887447225,0.619261684,,,,,sgd,svm_smote,chi2,20,0.715797112,7,565
0.801321859,0.821255202,0.962569214,0.677316294,0.79513333,0.96519411,0.613295346,0.941805906,,1.463591791,0.155445918,extra_trees,svm_smote,chi2,20,0.715326391,10,566
0.802253371,0.821960671,0.961737788,0.679654017,0.796456945,0.964267326,0.61492887,0.937684346,,1.662615175,0.150183614,extra_trees,adasyn,chi2,20,0.715165983,10,567
0.829976934,0.841564617,0.93053961,0.757889815,0.835387589,0.925239419,0.663345427,0.851076939,,5.645580702,0.165431157,knn,svm_smote,extra_trees,20,0.715141253,10,568
0.827847764,0.840157899,0.933301065,0.751266267,0.832448301,0.929049531,0.659634631,0.857356164,,5.36826799,0.162663236,knn,svm_smote,variance,122,0.715043647,10,569
0.828069553,0.842482121,0.948074037,0.73840879,0.830208516,0.946555453,0.661450566,0.856303499,,5.559172217,0.16434528,knn,smote_enn,mutual_information,20,0.714247558,10,570
0.826428318,0.841015473,0.947701265,0.735681446,0.828339548,0.946349501,0.658355172,0.859130191,,5.423533949,0.163926544,knn,random_under,mutual_information,20,0.713025515,10,571
0.826561391,0.841220041,0.9483469,0.73536975,0.828388343,0.947070333,0.658662501,0.857463152,,5.497178448,0.165326473,knn,random_over,mutual_information,20,0.712260055,10,572
0.799547551,0.819922187,0.964261782,0.672796696,0.792582733,0.967047678,0.610196064,0.940723045,,1.5753128,0.157583026,extra_trees,random_under,chi2,20,0.711383461,10,573
0.799015259,0.819103916,0.961324739,0.674043482,0.792451102,0.96416435,0.608955423,0.940949303,,1.502161094,0.153272719,extra_trees,borderline_smote,chi2,20,0.711111993,10,574
0.82908978,0.846271743,0.969861867,0.722200577,0.827906561,0.97034291,0.665237135,0.846271743,,6.160228731,0.17091022,decision_tree,smote_tomek,extra_trees,20,0.70992432,10,575
0.826738822,0.838858173,0.930964565,0.751344191,0.83156533,0.926372155,0.657329752,0.851013851,,5.647518786,0.16680802,knn,borderline_smote,extra_trees,20,0.709535377,10,576
0.797773243,0.818426335,0.964622642,0.669290111,0.790265446,0.967562558,0.60698045,0.941790708,,1.463305294,0.158939537,extra_trees,tomek,chi2,20,0.708985225,10,577
0.824609652,0.839455607,0.947755925,0.732252786,0.826182522,0.946658429,0.654971528,0.857156944,,5.508355321,0.165677786,knn,smote_tomek,mutual_information,20,0.708787115,10,578
0.824476579,0.839338721,0.947740113,0.732019013,0.826027698,0.946658429,0.654722263,0.857474639,,5.494760146,0.165587296,knn,smote,mutual_information,20,0.70873496,10,579
0.824432221,0.839374915,0.948277604,0.731473545,0.825884216,0.947276285,0.65468925,0.857563697,,5.492521591,0.165883605,knn,tomek,mutual_information,20,0.70867711,10,580
0.824299148,0.839258029,0.948261924,0.731239772,0.825729245,0.947276285,0.654440044,0.857584825,,5.491314601,0.165990064,knn,class_weight,mutual_information,20,0.708455254,10,581
0.827803407,0.846519699,0.980874611,0.711369126,0.824661247,0.981670271,0.663724983,0.846519699,,6.206594325,0.172196593,decision_tree,smote_tomek,random_forest,20,0.707849032,10,582
0.799103974,0.819632774,0.965053763,0.671394062,0.791875373,0.967871486,0.609454773,0.933855204,,1.656441002,0.157165269,extra_trees,nearmiss,chi2,20,0.707747781,10,583
0.808330376,0.818467676,0.900904295,0.745266111,0.81572775,0.891669241,0.619725551,0.920423744,,4.585520479,0.186997539,naive_bayes,enn,extra_trees,20,0.707605457,10,584
0.797374024,0.81812578,0.965005064,0.668277098,0.789686924,0.967974462,0.606284489,0.938255264,,1.634549445,0.157968068,extra_trees,smote,chi2,20,0.706506651,10,585
0.797329666,0.818061766,0.964791901,0.668355022,0.789669935,0.96776851,0.606184198,0.937640248,,1.703124777,0.158732933,extra_trees,smote_tomek,chi2,20,0.705918486,10,586
0.827138041,0.844795406,0.971606502,0.717291358,0.825301475,0.972299454,0.661747982,0.844795406,,6.230576528,0.172861959,decision_tree,tomek,mutual_information,20,0.70571978,10,587
0.80247516,0.813449945,0.900420489,0.734200888,0.80885951,0.892699001,0.608833379,,,,,sgd,adasyn,chi2,20,0.704042303,7,588
0.805092264,0.815623446,0.900218154,0.739577651,0.812029432,0.891669241,0.613644839,0.920181201,,4.62687968,0.188009831,naive_bayes,smote_enn,extra_trees,20,0.701805306,10,589
0.793914123,0.815074214,0.964589717,0.662276942,0.785344668,0.967871486,0.599924599,0.94037351,,1.578630196,0.159922546,extra_trees,random_over,chi2,20,0.701399893,10,590
0.825008872,0.842587027,0.968776371,0.715654952,0.823197239,0.969519102,0.657556978,0.842587027,,6.30731958,0.174991128,decision_tree,random_over,extra_trees,20,0.700807732,10,591
0.824299148,0.842176575,0.970413574,0.713083457,0.82208148,0.971269694,0.656374646,0.842176575,,6.332900598,0.175700852,decision_tree,nearmiss,random_forest,20,0.699343753,10,592
0.787437899,0.80906008,0.961225192,0.65292605,0.777633411,0.96519411,0.587814323,0.955627552,,1.020723942,0.149968946,random_forest,adasyn,chi2,20,0.698710445,10,593
0.823545067,0.843092491,0.983298767,0.70194031,0.819132491,0.984244671,0.656011536,0.843092491,,6.360080429,0.176454933,decision_tree,smote,random_forest,20,0.698579327,10,594
0.793115685,0.814310267,0.963989549,0.661263929,0.784433352,0.967356606,0.598412898,0.937116088,,1.702954723,0.160098439,extra_trees,class_weight,chi2,20,0.698366438,10,595
0.823722498,0.841720173,0.970772664,0.711758747,0.821329017,0.971681598,0.655333824,0.841720173,,6.353685174,0.176277502,decision_tree,random_under,extra_trees,20,0.698088617,10,596
0.802963094,0.813765794,0.899837987,0.73575937,0.809568722,0.891772217,0.609661952,0.919687798,,4.653555975,0.19145674,naive_bayes,smote_tomek,extra_trees,20,0.697611154,10,597
0.820839248,0.833713798,0.930319045,0.740746513,0.824779836,0.926681083,0.646259142,0.847925614,,5.760826637,0.172059972,knn,random_over,extra_trees,20,0.69758853,10,598
0.800124202,0.81564378,0.927859418,0.703576716,0.800301365,0.927710843,0.607676002,0.931105393,,4.259524944,0.195875609,naive_bayes,adasyn,random_forest,20,0.697303124,10,599
0.820129524,0.832965146,0.92936803,0.740278968,0.824116244,0.925651323,0.644840611,0.849178226,,5.730642082,0.170055004,knn,enn,extra_trees,20,0.697154384,10,600
0.80265259,0.813493059,0.899771123,0.735213902,0.809211373,0.891772217,0.609080131,0.919672833,,4.646806302,0.191609711,naive_bayes,random_under,extra_trees,20,0.69708368,10,601
0.802608233,0.813454097,0.899761564,0.735135978,0.809160305,0.891772217,0.608997022,0.919808953,,4.646596788,0.191586601,naive_bayes,tomek,extra_trees,20,0.697064156,10,602
0.799547551,0.815099695,0.927498972,0.702797475,0.799663076,0.927401915,0.606577337,0.932528545,,4.237154979,0.196503227,naive_bayes,borderline_smote,random_forest,20,0.696889666,10,603
0.794978708,0.807040721,0.899873381,0.719940778,0.79991342,0.894140665,0.594958528,0.918828703,,0.54312019,0.177924168,adaboost,smote_enn,chi2,20,0.696849723,10,604
0.802519517,0.813376173,0.89974244,0.734980129,0.809058157,0.891772217,0.60883081,0.919516158,,4.661615858,0.192096247,naive_bayes,smote,extra_trees,20,0.696710014,10,605
0.802430802,0.813298249,0.899723309,0.734824281,0.808955992,0.891772217,0.608664606,0.91958802,,4.659086087,0.19222895,naive_bayes,random_over,extra_trees,20,0.696583076,10,606
0.80207594,0.812986553,0.899646711,0.734200888,0.808547155,0.891772217,0.607999871,0.919629947,,4.662786917,0.192512381,naive_bayes,class_weight,extra_trees,20,0.69596017,10,607
0.786328957,0.808374126,0.963566967,0.649185693,0.775734438,0.967562558,0.586014062,0.952480104,,0.540090016,0.164989248,gradient_boosting,nearmiss,chi2,20,0.695703193,10,608
0.822169979,0.841371103,0.978940512,0.702719551,0.818144704,0.980022655,0.65311903,0.841371103,,6.40964365,0.177830021,decision_tree,random_under,random_forest,20,0.69521022,10,609
0.790276792,0.804476488,0.908889113,0.70194031,0.792120999,0.907012666,0.587451753,0.933806649,,0.538902316,0.175806863,adaboost,random_over,chi2,20,0.694532907,10,610
0.786506388,0.808154195,0.960390356,0.651835113,0.776586362,0.964473278,0.586042517,0.949294801,,1.238554518,0.153996758,random_forest,enn,chi2,20,0.693625699,10,611
0.795111781,0.808811033,0.910453728,0.709888569,0.797758221,0.907733498,0.596499502,0.909861815,,0.543796574,0.178448793,adaboost,nearmiss,chi2,20,0.693177556,10,612
0.789389638,0.803697247,0.908704883,0.700381828,0.791057912,0.907012666,0.585806724,0.933217877,,0.537835889,0.175309645,adaboost,random_under,chi2,20,0.692827326,10,613
0.783800568,0.806015503,0.962141447,0.645601184,0.772710315,0.966429822,0.581289748,0.955088695,,0.508745441,0.161703622,gradient_boosting,enn,chi2,20,0.692726682,10,614
0.797595813,0.813385365,0.927169421,0.699368815,0.797317106,0.927401915,0.602957336,0.929882973,,4.32767548,0.198425749,naive_bayes,svm_smote,random_forest,20,0.692085066,10,615
0.819198013,0.832171995,0.929390997,0.738486714,0.823013461,0.925857275,0.643109535,0.842489784,,6.018816483,0.175833925,knn,smote_enn,extra_trees,20,0.691609626,10,616
0.784066714,0.806424639,0.963674467,0.644977792,0.772756979,0.967871486,0.581914614,0.951086886,,0.515649982,0.162084945,gradient_boosting,tomek,chi2,20,0.691588388,10,617
0.78317956,0.80560782,0.963265306,0.643653082,0.771674141,0.967562558,0.580266816,0.954648927,,0.514010834,0.160925717,gradient_boosting,random_over,chi2,20,0.691553077,10,618
0.816669624,0.830026313,0.92950237,0.733577496,0.819999129,0.926475131,0.638421192,0.849682526,,5.698518523,0.17133428,knn,random_under,extra_trees,20,0.691478299,10,619
0.819153655,0.837118362,0.965744681,0.707394997,0.816623937,0.966841726,0.646438823,0.843759841,,6.208339153,0.177041433,decision_tree,smote_tomek,chi2,20,0.691450462,10,620
0.797995032,0.809777823,0.901075477,0.724694148,0.803316921,0.894861497,0.600655892,0.927020961,,4.564451067,0.200423413,naive_bayes,smote_enn,anova,20,0.691412671,10,621
0.797728886,0.809481421,0.90062954,0.724616224,0.803091804,0.894346617,0.600110322,0.927319871,,4.504173169,0.199797865,naive_bayes,enn,anova,20,0.691321645,10,622
0.815161462,0.828751707,0.929605394,0.73061638,0.818185785,0.926887035,0.635632083,0.854118145,,5.501865346,0.170464869,knn,nearmiss,extra_trees,20,0.691311534,10,623
0.79591022,0.80864806,0.905038378,0.716667965,0.799913025,0.900628154,0.597311961,,,,,sgd,enn,chi2,20,0.690663219,7,624
0.820528744,0.837962933,0.963009801,0.712070443,0.81874384,0.963855422,0.648751741,0.837962933,,6.468799752,0.179471256,decision_tree,smote,extra_trees,20,0.690486826,10,625
0.820351313,0.838283071,0.966733978,0.708797631,0.817912058,0.96776851,0.648742322,0.838283071,,6.475195006,0.179648687,decision_tree,nearmiss,extra_trees,20,0.690333855,10,626
0.782159333,0.804686641,0.962949977,0.642016676,0.770395998,0.967356606,0.578387063,0.955647669,,0.512611448,0.161963879,gradient_boosting,smote,chi2,20,0.690092683,10,627
0.816270405,0.829713233,0.929694453,0.732642406,0.819489236,0.926784059,0.637699662,0.848083497,,5.754940151,0.172838893,knn,tomek,extra_trees,20,0.689876735,10,628
0.818532647,0.836560367,0.965594376,0.706381984,0.815894874,0.96673875,0.645275851,0.842032968,,6.276759458,0.17790958,decision_tree,smote,chi2,20,0.689445886,10,629
0.782114975,0.804697783,0.963378963,0.641627055,0.770252572,0.96776851,0.57834633,0.954262877,,0.51885689,0.162334623,gradient_boosting,smote_tomek,chi2,20,0.689429882,10,630
0.816004258,0.82947946,0.929652716,0.732174862,0.819180471,0.926784059,0.63720121,0.847727057,,5.772474109,0.172776792,knn,smote_tomek,extra_trees,20,0.689240745,10,631
0.796265082,0.808320932,0.901090343,0.721265487,0.801211859,0.895376377,0.597475471,0.926658054,,4.584311133,0.202187118,naive_bayes,tomek,anova,20,0.688091823,10,632
0.815117104,0.828712745,0.929598413,0.730538456,0.818134218,0.926887035,0.635549055,0.84797636,,5.761187377,0.173035841,knn,smote,extra_trees,20,0.687846063,10,633
0.78105039,0.803787745,0.963493368,0.639601029,0.768827276,0.967974462,0.576427122,0.953503693,,0.521165922,0.165238936,gradient_boosting,class_weight,chi2,20,0.687036267,10,634
0.795555358,0.80769754,0.900936037,0.720018702,0.800381134,0.895376377,0.596151673,0.926552269,,4.580630818,0.202037266,naive_bayes,random_under,anova,20,0.686862316,10,635
0.786062811,0.800862775,0.908590084,0.693992052,0.786922907,0.907733498,0.57971596,0.932933311,,0.542542892,0.177487387,adaboost,enn,chi2,20,0.686781934,10,636
0.814363023,0.828050391,0.929479539,0.729213746,0.817256888,0.926887035,0.634137886,0.847973644,,5.760068175,0.173757984,knn,class_weight,extra_trees,20,0.686508111,10,637
0.780828602,0.803542831,0.963036846,0.639523104,0.768625615,0.967562558,0.57598294,0.951429384,,0.506802154,0.160982216,gradient_boosting,random_under,chi2,20,0.686248239,10,638
0.794579489,0.806840374,0.90072308,0.718304372,0.799237005,0.895376377,0.594332291,0.926529119,,4.599065536,0.202421084,naive_bayes,smote_tomek,anova,20,0.685098313,10,639
0.817334989,0.837700433,0.98357563,0.690641315,0.811481414,0.984759551,0.644543852,0.837700433,,6.58391433,0.182665011,decision_tree,random_over,random_forest,20,0.684793609,10,640
0.794313343,0.806606602,0.900664842,0.717836827,0.798924591,0.895376377,0.593836264,0.926563014,,4.602174776,0.20280563,naive_bayes,smote,anova,20,0.684613984,10,641
0.794135912,0.806450754,0.900625978,0.717525131,0.798716225,0.895376377,0.59350562,0.926695286,,4.595585005,0.202703755,naive_bayes,class_weight,anova,20,0.684390728,10,642
0.794091554,0.806411792,0.900616257,0.717447206,0.798664122,0.895376377,0.593422964,0.926615725,,4.599862832,0.202882173,naive_bayes,random_over,anova,20,0.684255608,10,643
0.77932044,0.802230647,0.962997879,0.636795761,0.766640086,0.967665534,0.573247773,0.953850668,,0.582808007,0.172734466,gradient_boosting,smote_enn,chi2,20,0.683339807,10,644
0.779409155,0.801995423,0.960295151,0.638899712,0.767301483,0.965091134,0.573155664,0.953043114,,1.118184367,0.156708672,random_forest,borderline_smote,chi2,20,0.682966147,10,645
0.78375621,0.798698963,0.90718379,0.690797164,0.784339748,0.906600762,0.575338338,0.930984976,,0.537532665,0.17515539,adaboost,smote,chi2,20,0.682296336,10,646
0.815072747,0.833496275,0.965106292,0.700459752,0.8117578,0.966532798,0.638833518,0.840051846,,6.357247195,0.181210141,decision_tree,tomek,chi2,20,0.682284623,10,647
0.78375621,0.798698963,0.90718379,0.690797164,0.784339748,0.906600762,0.575338338,0.930928597,,0.53763412,0.175203174,adaboost,smote_tomek,chi2,20,0.682269793,10,648
0.777989709,0.800974104,0.962101535,0.635003507,0.765056565,0.966944702,0.570755978,0.955928733,,1.029171787,0.15498721,random_forest,svm_smote,chi2,20,0.682078462,10,649
0.791696238,0.808529087,0.928488678,0.686978883,0.789681118,0.930079292,0.592293421,0.929626941,,4.506622326,0.20516105,naive_bayes,adasyn,mutual_information,20,0.680738536,10,650
0.814141235,0.832703124,0.965227689,0.698667498,0.810595787,0.96673875,0.637123095,0.837997806,,6.442911693,0.182422544,decision_tree,random_over,chi2,20,0.679547124,10,651
0.790631654,0.807581472,0.928217038,0.685186628,0.788397741,0.929976316,0.590318108,0.930014102,,4.531038931,0.206227647,naive_bayes,borderline_smote,mutual_information,20,0.678899,10,652
0.813608943,0.831571704,0.959927529,0.701862386,0.81085704,0.961281022,0.63567309,0.837806081,,6.423287175,0.182191718,decision_tree,svm_smote,chi2,20,0.678575854,10,653
0.789833215,0.803385414,0.904224508,0.705524819,0.792611398,0.90124601,0.586069004,,,,,sgd,smote_tomek,chi2,20,0.678441743,7,654
0.814185593,0.833443539,0.970908695,0.694381672,0.809686066,0.972505406,0.637692035,0.833443539,,6.697430094,0.185814407,decision_tree,random_over,mutual_information,20,0.676894138,10,655
0.7897445,0.806651919,0.926981112,0.684563235,0.78753922,0.928740603,0.588562385,0.926186124,,4.870542778,0.206156584,naive_bayes,smote_enn,random_forest,20,0.674899088,10,656
0.789478353,0.806430673,0.927025029,0.684017767,0.787193974,0.928843579,0.58808119,0.926572045,,4.851491627,0.206100416,naive_bayes,enn,random_forest,20,0.674652706,10,657
0.782248048,0.804877299,0.963934426,0.641471207,0.770317691,0.96828339,0.578638918,0.927544086,,2.117245173,0.168176713,extra_trees,smote_enn,chi2,20,0.67400504,10,658
0.810814407,0.829618133,0.963636364,0.693836204,0.806777511,0.965400062,0.630844632,0.836889661,,6.478380786,0.184907112,decision_tree,nearmiss,chi2,20,0.673126714,10,659
0.773820085,0.797537139,0.963669065,0.626276007,0.75917442,0.96879827,0.563368408,0.951953849,,1.185091519,0.163497558,random_forest,class_weight,chi2,20,0.672122624,10,660
0.796309439,0.811754427,0.923440551,0.70022598,0.796489984,0.923282875,0.600188238,0.880900316,,4.023075167,0.193360715,naive_bayes,nearmiss,logistic_l1,20,0.672096312,10,661
0.78703868,0.804400494,0.927415922,0.679030624,0.784020874,0.929770364,0.583672879,0.928081775,,4.565090781,0.208185327,naive_bayes,svm_smote,mutual_information,20,0.671698266,10,662
0.779941448,0.792191686,0.88626104,0.703732564,0.784519828,0.880650808,0.56565669,0.909984543,,0.463084295,0.141365146,logistic_regression,adasyn,chi2,20,0.671472226,10,663
0.785619233,0.799709071,0.903469841,0.697966181,0.787532422,0.901451962,0.578274543,,,,,sgd,random_under,chi2,20,0.669948119,7,664
0.772932931,0.796782949,0.963804714,0.624561677,0.757955459,0.969004222,0.561780511,0.950004214,,1.258773441,0.161324932,random_forest,smote_tomek,chi2,20,0.669795949,10,665
0.78703868,0.804387968,0.927324963,0.679108548,0.784040304,0.929667387,0.58366288,0.925583189,,4.949924743,0.20965512,naive_bayes,random_under,random_forest,20,0.669462873,10,666
0.786861249,0.804207068,0.927112152,0.6789527,0.783860375,0.929461435,0.583316004,0.925559116,,4.943099439,0.20916254,naive_bayes,smote_tomek,random_forest,20,0.669213395,10,667
0.779764017,0.794115146,0.89922874,0.690485467,0.781152202,0.897744825,0.567070176,0.914205981,,0.654650061,0.170518096,logistic_regression,smote_enn,chi2,20,0.669145379,10,668
0.778921221,0.791408293,0.886688344,0.701238993,0.783134627,0.881577592,0.563859813,0.907821806,,0.452076131,0.138997422,logistic_regression,borderline_smote,chi2,20,0.669074124,10,669
0.786816891,0.804168106,0.927104395,0.678874776,0.783805668,0.929461435,0.58323429,0.925472566,,4.951415239,0.209522298,naive_bayes,smote,random_forest,20,0.669047339,10,670
0.771868346,0.795797756,0.963253012,0.623003195,0.75663654,0.968592318,0.559809453,0.952340794,,1.134215263,0.163377134,random_forest,random_over,chi2,20,0.669040144,10,671
0.786683818,0.804076271,0.927263046,0.678485155,0.783602574,0.929667387,0.583009191,0.925750588,,4.947859803,0.209413136,naive_bayes,tomek,random_forest,20,0.66894499,10,672
0.771380412,0.795306544,0.962646102,0.62253565,0.756104486,0.968077438,0.558873189,0.952572078,,1.090454796,0.160125061,random_forest,random_under,chi2,20,0.668686288,10,673
0.771735273,0.795668344,0.963128088,0.622847347,0.756483059,0.968489342,0.559557903,0.951501575,,1.153231695,0.162869659,random_forest,tomek,chi2,20,0.668467032,10,674
0.778832505,0.793321995,0.899175908,0.688693213,0.779984114,0.897950777,0.56537026,0.914793192,,0.602987471,0.165427585,logistic_regression,smote_tomek,chi2,20,0.668359241,10,675
0.786373314,0.803803537,0.927208782,0.677939687,0.783219301,0.929667387,0.582437316,0.92561121,,4.962582343,0.209858176,naive_bayes,class_weight,random_forest,20,0.668273921,10,676
0.785619233,0.803203812,0.927533134,0.676225357,0.782189373,0.930182268,0.581099165,0.925556179,,4.99598471,0.210481967,naive_bayes,random_over,random_forest,20,0.666796215,10,677
0.808552165,0.827443179,0.961926456,0.691030936,0.804280791,0.963855422,0.626524357,0.831523726,,6.69016435,0.188960727,decision_tree,adasyn,chi2,20,0.666184041,10,678
0.808995742,0.828120896,0.964281825,0.690017923,0.804414971,0.96622387,0.627550362,0.828120896,,6.884491283,0.191004258,decision_tree,smote_enn,chi2,20,0.664889907,10,679
0.777634847,0.791455833,0.893677004,0.691654329,0.779793543,0.891257337,0.562472654,0.904146101,,0.478526156,0.144053804,logistic_regression,svm_smote,chi2,20,0.664563389,10,680
0.776792051,0.792143512,0.90273619,0.681290423,0.776534328,0.902996602,0.562121615,0.914245196,,0.603400878,0.165480932,logistic_regression,random_under,chi2,20,0.664475437,10,681
0.80748758,0.826871342,0.964758674,0.686900958,0.802457897,0.966841726,0.624816242,0.83178294,,6.698125446,0.189370534,decision_tree,random_under,chi2,20,0.664457156,10,682
0.80478176,0.818043792,0.917177914,0.722278501,0.808143337,0.913809082,0.615077595,0.836464821,,6.098022084,0.185727466,knn,adasyn,chi2,20,0.663876711,10,683
0.76889638,0.793237403,0.963404255,0.617470584,0.75258809,0.969004222,0.55447097,0.952104983,,1.09619621,0.164644397,random_forest,smote,chi2,20,0.663785415,10,684
0.775771824,0.791347593,0.903172299,0.678874776,0.775123449,0.90382041,0.560326821,0.914749211,,0.600710611,0.164981383,logistic_regression,smote,chi2,20,0.662938866,10,685
0.770049681,0.794225364,0.963294973,0.619652459,0.754172989,0.96879827,0.556536789,0.943462569,,1.150262477,0.162783007,random_forest,nearmiss,chi2,20,0.662410026,10,686
0.79861604,0.814544537,0.929199876,0.699524663,0.7981684,0.929564411,0.605049071,0.854740423,,5.467625233,0.183066004,knn,nearmiss,variance,122,0.662385607,10,687
0.804648687,0.818027113,0.917815009,0.721421336,0.807853403,0.914632891,0.614903831,0.833251096,,6.235132801,0.187555004,knn,borderline_smote,chi2,20,0.661815657,10,688
0.769694819,0.793851038,0.962698317,0.619418686,0.753816975,0.96828339,0.555841908,0.943644388,,1.510359708,0.167957538,random_forest,smote_enn,chi2,20,0.660345357,10,689
0.780429383,0.795300823,0.903305024,0.687913972,0.781031585,0.902687674,0.568799879,,,,,sgd,smote,chi2,20,0.65942766,7,690
0.771380412,0.789494502,0.916115747,0.658692434,0.766364461,0.920296571,0.553967095,0.928087858,,0.541170275,0.176985078,adaboost,class_weight,chi2,20,0.659312316,10,691
0.771380412,0.789494502,0.916115747,0.658692434,0.766364461,0.920296571,0.553967095,0.928076543,,0.541108224,0.176953344,adaboost,tomek,chi2,20,0.659310842,10,692
0.804693045,0.823965799,0.960857205,0.684797008,0.799672415,0.96313459,0.61932901,0.830763467,,6.724856136,0.191669764,decision_tree,borderline_smote,chi2,20,0.658968046,10,693
0.797595813,0.813673462,0.929209051,0.69757656,0.796902123,0.929770364,0.603177295,0.851217549,,5.609747654,0.186171043,knn,smote,variance,122,0.658571926,10,694
0.802696948,0.816463094,0.918454936,0.717057586,0.805356205,0.915868603,0.611376376,0.83314467,,6.242391238,0.188683463,knn,svm_smote,chi2,20,0.658309844,10,695
0.805580199,0.825935005,0.970699643,0.6789527,0.799027924,0.97291731,0.621827889,0.825935005,,7.007599929,0.194419801,decision_tree,class_weight,mutual_information,20,0.657676311,10,696
0.796265082,0.812492074,0.928898605,0.695316761,0.795311734,0.929667387,0.600702985,0.852128284,,5.586617142,0.185677786,knn,enn,variance,122,0.65676406,10,697
0.796353797,0.812582525,0.929002707,0.695394686,0.795400865,0.929770364,0.600876857,0.851492979,,5.610452335,0.186160397,knn,random_over,variance,122,0.656554032,10,698
0.795998935,0.812270828,0.92894353,0.694771293,0.794971245,0.929770364,0.600219873,0.851862322,,5.579098924,0.185828602,knn,random_under,variance,122,0.656212364,10,699
0.778388928,0.793370783,0.90193866,0.685186628,0.778761846,0.901554938,0.564918734,,,,,sgd,tomek,chi2,20,0.655333046,7,700
0.778211498,0.793315142,0.902559359,0.684251539,0.778388441,0.902378746,0.564675392,,,,,sgd,smote_enn,chi2,20,0.654947561,7,701
0.778876863,0.797519573,0.928103862,0.662900335,0.773398791,0.932138812,0.568907699,0.9254112,,5.213227895,0.216985258,naive_bayes,enn,mutual_information,20,0.653879089,10,702
0.794845635,0.811257815,0.928750522,0.692745266,0.793572863,0.929770364,0.598085551,0.851349111,,5.604209499,0.187006742,knn,tomek,variance,122,0.653860212,10,703
0.794845635,0.811257815,0.928750522,0.692745266,0.793572863,0.929770364,0.598085551,0.851120964,,5.613439149,0.187120298,knn,class_weight,variance,122,0.653733878,10,704
0.778921221,0.797546009,0.928018323,0.663056183,0.773475139,0.932035836,0.568978691,0.924956875,,5.237367875,0.217138474,naive_bayes,smote_enn,mutual_information,20,0.653694667,10,705
0.777279986,0.792496939,0.902348578,0.682615133,0.777250344,0.902378746,0.562957687,,,,,sgd,class_weight,chi2,20,0.653060111,7,706
0.770049681,0.786835052,0.905352411,0.665627679,0.767199569,0.908042426,0.550249723,0.91412577,,0.620046339,0.167605376,logistic_regression,enn,chi2,20,0.652386437,10,707
0.769650461,0.78655955,0.905778628,0.664458817,0.766575269,0.908660282,0.54958255,0.914588861,,0.59982899,0.165832999,logistic_regression,random_over,chi2,20,0.65207347,10,708
0.776215401,0.795231954,0.928006155,0.657913193,0.76996033,0.932550716,0.564074025,0.924246286,,5.300981459,0.220098342,naive_bayes,smote_tomek,mutual_information,20,0.648283255,10,709
0.776215401,0.795231954,0.928006155,0.657913193,0.76996033,0.932550716,0.564074025,0.924210197,,5.301586652,0.220066712,naive_bayes,random_under,mutual_information,20,0.648270114,10,710
0.775771824,0.794842334,0.927926937,0.657133952,0.769399206,0.932550716,0.563262211,0.924115799,,5.308264607,0.220438946,naive_bayes,smote,mutual_information,20,0.647412584,10,711
0.775638751,0.794750499,0.92809162,0.656744331,0.769188647,0.932756668,0.563039616,0.924494839,,5.30864702,0.220445403,naive_bayes,tomek,mutual_information,20,0.647326736,10,712
0.799281405,0.819588207,0.963409192,0.672952544,0.792402624,0.96622387,0.609631879,0.826007132,,6.929512232,0.197052001,decision_tree,class_weight,chi2,20,0.646838932,10,713
0.775372605,0.794516727,0.928044077,0.656276786,0.768851561,0.932756668,0.562552677,0.924299788,,5.32215422,0.220887131,naive_bayes,class_weight,mutual_information,20,0.646710914,10,714
0.796220724,0.811175465,0.919971455,0.703187096,0.797102729,0.919163835,0.599637571,0.832360373,,6.326957364,0.191726402,knn,enn,chi2,20,0.646380323,10,715
0.773820085,0.789508003,0.901891499,0.676225357,0.772923625,0.90279065,0.556627966,,,,,sgd,random_over,chi2,20,0.646027004,7,716
0.797595813,0.813673462,0.929209051,0.69757656,0.796902123,0.929770364,0.603177295,0.82762913,,6.60582489,0.196671398,knn,smote_tomek,variance,122,0.645495703,10,717
0.774574166,0.793865514,0.928279368,0.654562456,0.767754319,0.933168572,0.561134271,0.924232296,,5.361328643,0.221723198,naive_bayes,random_over,mutual_information,20,0.645108433,10,718
0.795111781,0.810527089,0.922009864,0.699212967,0.79530246,0.921841211,0.59783258,0.831358008,,6.319525641,0.194865153,knn,random_over,chi2,20,0.643798155,10,719
0.793559262,0.809238573,0.922250903,0.696018078,0.793320899,0.922459067,0.595014705,0.83155868,,6.310563103,0.194900639,knn,smote,chi2,20,0.64123251,10,720
0.793470546,0.809173175,0.922322074,0.695784306,0.793195345,0.922562043,0.594860197,0.83058347,,6.356835562,0.19558907,knn,smote_tomek,chi2,20,0.640501291,10,721
0.793160043,0.808887914,0.922178586,0.695316761,0.79283842,0.922459067,0.59427554,0.831321899,,6.318191622,0.195521647,knn,tomek,chi2,20,0.640379104,10,722
0.792849539,0.808652758,0.922384353,0.69453752,0.792407539,0.922767995,0.593730114,0.831394222,,6.315570297,0.19566714,knn,class_weight,chi2,20,0.639865915,10,723
0.771424769,0.786965644,0.898422909,0.674744799,0.770682213,0.89918649,0.551846174,0.909306472,,4.249209603,0.22470609,naive_bayes,svm_smote,chi2,20,0.637482026,10,724
0.771158623,0.786719346,0.898276936,0.674355178,0.770374327,0.899083514,0.551345971,0.909480527,,4.2428883,0.225077381,naive_bayes,borderline_smote,chi2,20,0.637078041,10,725
0.78992193,0.8062441,0.922996552,0.688381516,0.788609177,0.924106683,0.588444557,0.835302825,,6.139018465,0.195518098,knn,nearmiss,chi2,20,0.636886608,10,726
0.760956352,0.77934887,0.906775956,0.646536274,0.754856025,0.912161466,0.53405991,0.915081474,,0.617839432,0.169865305,logistic_regression,tomek,chi2,20,0.636635245,10,727
0.760335344,0.778828453,0.906811213,0.645289488,0.754017756,0.912367418,0.532950112,0.915211275,,0.620713592,0.170631419,logistic_regression,class_weight,chi2,20,0.635520874,10,728
0.790055004,0.806335934,0.922844018,0.688771137,0.788809067,0.923900731,0.588670605,0.829373066,,6.382438109,0.198795245,knn,random_under,chi2,20,0.633795514,10,729
0.769206884,0.785042593,0.898059265,0.670692745,0.767899362,0.899392442,0.547791803,0.909435459,,4.412540088,0.228215102,naive_bayes,adasyn,chi2,20,0.632893842,10,730
0.75771824,0.776529692,0.906205224,0.640691966,0.750661919,0.912367418,0.528183232,0.911770281,,0.617643043,0.169146842,logistic_regression,nearmiss,chi2,20,0.62973566,10,731
0.79147445,0.808284173,0.928090124,0.686900958,0.789485469,0.929667387,0.591844599,0.818726813,,7.006189438,0.203937189,knn,smote_enn,variance,122,0.629715495,10,732
0.788058907,0.804344649,0.920802424,0.68674511,0.786734512,0.921944187,0.584794783,0.822092836,,6.831880502,0.202423705,knn,smote_enn,chi2,20,0.625907721,10,733
0.762996806,0.78010147,0.900021363,0.656588483,0.759270106,0.903614458,0.536861501,,,,,sgd,nearmiss,chi2,20,0.623941438,7,734
0.765170334,0.781547151,0.897416974,0.663289956,0.762792365,0.899804346,0.540430335,0.907187127,,5.56714774,0.231466608,naive_bayes,enn,chi2,20,0.62131277,10,735
0.760690206,0.78000444,0.913130415,0.640536118,0.752919624,0.919472763,0.534366287,0.908527516,,5.658445161,0.236940575,naive_bayes,nearmiss,chi2,20,0.612785245,10,736
0.755056778,0.774818267,0.910131269,0.632120315,0.746068242,0.917516219,0.523911568,0.908351539,,5.538155499,0.238455855,naive_bayes,random_under,chi2,20,0.603113087,10,737
0.754790632,0.77459702,0.91016283,0.631574846,0.745698776,0.917619195,0.523439787,0.90849074,,5.552461445,0.238765991,naive_bayes,smote,chi2,20,0.602629358,10,738
0.754746274,0.774608162,0.910521583,0.631185226,0.745547425,0.918031099,0.523404788,0.908483507,,5.556009807,0.239331212,naive_bayes,class_weight,chi2,20,0.602480087,10,739
0.754701916,0.774481518,0.909866427,0.63165277,0.745653574,0.917310267,0.523244603,0.908355322,,5.58176919,0.238118928,naive_bayes,smote_tomek,chi2,20,0.602397853,10,740
0.754568843,0.774389684,0.91002022,0.63126315,0.745433632,0.917516219,0.523025828,0.908375864,,5.556181672,0.238358652,naive_bayes,tomek,chi2,20,0.602222122,10,741
0.754524485,0.774400826,0.91037895,0.630873529,0.74528215,0.917928123,0.522990874,0.908505293,,5.556597268,0.239401875,naive_bayes,random_over,chi2,20,0.602093737,10,742
0.753238112,0.772970304,0.90787702,0.630483909,0.744171074,0.915456699,0.520382411,0.907228925,,5.964466514,0.234818266,naive_bayes,smote_enn,chi2,20,0.598593782,10,743
0.597320795,0.544466509,0.593804647,0.926127951,0.723636142,0.162805066,0.097724445,0.884459264,,3.08308094,0.269124381,naive_bayes,smote_enn,logistic_l1,20,0.4148597,10,744
0.601446061,0.64878611,0.977419355,0.306943037,0.467176659,0.990629183,0.268018864,0.821199874,,14.14005067,0.398270035,naive_bayes,nearmiss,variance,122,0.243483125,10,745
0.565338893,0.617271416,0.976444724,0.242266033,0.388212524,0.9922768,0.209252023,0.900929326,,15.60411643,0.434520895,naive_bayes,adasyn,variance,122,0.193383609,10,746
0.565117104,0.617101658,0.977007874,0.241720564,0.387556222,0.992482752,0.208928103,0.885986796,,15.62132893,0.434864394,naive_bayes,svm_smote,variance,122,0.187027845,10,747
0.565560681,0.617491278,0.977080063,0.242499805,0.388562867,0.992482752,0.209646675,0.873383967,,15.6259139,0.434446165,naive_bayes,borderline_smote,variance,122,0.183048176,10,748
0.565117104,0.61718934,0.979120531,0.241175095,0.387020133,0.993203584,0.209051838,0.830896237,,15.64734174,0.434879634,naive_bayes,random_under,variance,122,0.165525972,10,749
0.564717885,0.616788577,0.977848101,0.240785475,0.386419058,0.99279168,0.208334598,0.817241473,,15.65326242,0.435211642,naive_bayes,enn,variance,122,0.159214377,10,750
0.564939674,0.616995913,0.978185267,0.241097171,0.386846712,0.992894656,0.208711452,0.81489536,,15.64610992,0.434986296,naive_bayes,tomek,variance,122,0.158822613,10,751
0.564895316,0.616956951,0.978178368,0.241019247,0.386745858,0.992894656,0.208639616,0.814757663,,15.64795672,0.43501848,naive_bayes,class_weight,variance,122,0.158667375,10,752
0.564939674,0.616983387,0.977883096,0.241175095,0.386923365,0.99279168,0.20869377,0.813789257,,15.64376334,0.434979573,naive_bayes,smote_tomek,variance,122,0.158376705,10,753
0.564895316,0.616944425,0.977876106,0.241097171,0.386822529,0.99279168,0.208621932,0.813632161,,15.64573179,0.435019631,naive_bayes,smote,variance,122,0.158212816,10,754
0.564895316,0.616944425,0.977876106,0.241097171,0.386822529,0.99279168,0.208621932,0.812367264,,15.64739144,0.435022607,naive_bayes,random_over,variance,122,0.15771251,10,755
0.56520582,0.617129478,0.975824176,0.242188109,0.388063429,0.992070847,0.209001093,0.809523051,,15.57168674,0.434727571,naive_bayes,smote_enn,variance,122,0.157358605,10,756
