accuracy,balanced_accuracy,precision,recall,f1,specificity,mcc,kappa,roc_auc,pr_auc,Model,BalancedMethod,FeatureSelection,NumFeatures,overall_score,metrics_used,Rank
0.8606724627395316,0.7264696071661153,0.8680474655335471,0.8606724627395316,0.8547840227978685,,0.7974247362483604,0.793105542297093,0.9599308867286612,0.9088216548588453,gradient_boosting,svm_smote,random_forest,20,0.9840889511960554,8,1
0.8469215755855216,0.7661421464487113,0.859241482597202,0.8469215755855216,0.8486946588421386,,0.7755917009664942,0.7740439113173077,0.954340849036894,0.910572651616687,logistic_regression,smote_tomek,extra_trees,20,0.9840716767886969,8,2
0.8454134137686302,0.7639186677465278,0.8579662177637665,0.8454134137686302,0.8469179139281736,,0.7733890655217764,0.7717324455454707,0.9540404693339,0.9122990494188048,logistic_regression,smote_enn,extra_trees,20,0.9826553900695538,8,3
0.8447924059616749,0.762926853978408,0.8572556554843908,0.8447924059616749,0.8463000793031982,,0.7723787151586919,0.7706983058559946,0.9547596436707996,0.911587297483677,logistic_regression,smote,extra_trees,20,0.9818504816049418,8,4
0.8427963094393187,0.7637501201488106,0.8586601494849815,0.8427963094393187,0.8457020899549016,,0.7700100169933838,0.7682351873089552,0.9531502152168916,0.9091081437705492,logistic_regression,random_over,extra_trees,20,0.9804596693770117,8,5
0.845679559971611,0.7538001276964049,0.8619256023586098,0.845679559971611,0.839451648036034,,0.7758750004329239,0.7685483169620022,0.961017514361138,0.9149875736403054,gradient_boosting,random_over,variance,122,0.9798939805787192,8,6
0.8408445706174592,0.738100012399019,0.8751826598743709,0.8408445706174592,0.8438097137856896,,0.7713241391071948,0.7652657428849534,0.9664083805821226,0.9219271296833124,random_forest,random_under,random_forest,20,0.9792060607763621,8,7
0.8463449254790631,0.7572573828564729,0.8688147948700123,0.8463449254790631,0.8476231340839628,,0.7796009036142365,0.7762494484342766,0.9478533178609808,0.8918647107613875,logistic_regression,svm_smote,extra_trees,20,0.9781250159227887,8,8
0.8531760113555713,0.6964694578178653,0.8707066386571549,0.8531760113555713,0.844284700658336,,0.787685093804525,0.7817918537246196,0.962482960069156,0.9203810692170548,gradient_boosting,svm_smote,mutual_information,20,0.9744111028777322,8,9
0.8360539389638041,0.7300331552583492,0.8653776887227761,0.8360539389638041,0.8388952074454958,,0.7629931133585246,0.7575072208376481,0.966380441308826,0.9214203062117464,random_forest,random_under,mutual_information,20,0.972940083548593,8,10
0.8313963804116394,0.7649599162878993,0.8477600066772212,0.8313963804116394,0.8369624532402318,,0.7558383022981716,0.7545741989686345,0.9467376783300973,0.8943629412602528,gradient_boosting,random_under,random_forest,20,0.9688655128465464,8,11
0.8351224272533712,0.7287975679758014,0.8626753456307497,0.8351224272533712,0.819344585317664,,0.7630299227755999,0.7520867418514561,0.9650879820733896,0.9314491981988524,gradient_boosting,adasyn,variance,122,0.9683657070589617,8,12
0.8463005677785663,0.6992494838002778,0.858645237170711,0.8463005677785663,0.8394103149266663,,0.776083284007183,0.768108657021387,0.960598740658251,0.9118325287073004,gradient_boosting,smote_enn,mutual_information,20,0.9671318322244825,8,13
0.8382274662881476,0.7408589627764507,0.8577898939111763,0.8382274662881476,0.827367439534377,,0.7655900909717661,0.7555511165966297,0.9541818981559996,0.9040831780038094,gradient_boosting,smote,variance,122,0.9668830997443643,8,14
0.8388484740951029,0.7173974296149207,0.8639961694502507,0.8388484740951029,0.8226320562194904,,0.7686256149892344,0.7578237292067556,0.9652939594627976,0.9230516399714644,gradient_boosting,svm_smote,variance,122,0.9668008990507505,8,15
0.836985450674237,0.7154192785283044,0.8572939535740178,0.836985450674237,0.8313094537832587,,0.7650440120763252,0.7595332916688691,0.96315233109281,0.918496600403688,gradient_boosting,svm_smote,logistic_l1,20,0.9665365355988468,8,16
0.8428406671398154,0.6925626081013991,0.8603829628758687,0.8428406671398154,0.8397275065259302,,0.772166393523414,0.767939016533441,0.9621893356886684,0.9159101987389364,gradient_boosting,borderline_smote,logistic_l1,20,0.9659969404384722,8,17
0.8372959545777147,0.7369579772666129,0.860490744985816,0.8372959545777147,0.8247961639301996,,0.7647644223224523,0.7541321413576345,0.9564055441014576,0.9046584144925364,gradient_boosting,smote_enn,variance,122,0.9655508167786391,8,18
0.8354772888573456,0.741086893152137,0.855422533392887,0.8354772888573456,0.8240860462671701,,0.7617181070672338,0.7513975561442978,0.955285101573055,0.90634998783364,gradient_boosting,smote_tomek,variance,122,0.9652197127374844,8,19
0.8506476224272533,0.6833474516767425,0.8554178487959558,0.8506476224272533,0.8434268070677834,,0.782532146857768,0.778074153918553,0.9534572225680444,0.9080507825792108,gradient_boosting,svm_smote,extra_trees,20,0.9651945501163722,8,20
0.8268275372604684,0.7390332305764445,0.842093000555794,0.8268275372604684,0.8266586853177589,,0.7483953689640231,0.7453720864009228,0.95476174601152,0.9102850450968014,logistic_regression,smote_enn,mutual_information,20,0.9619525234030413,8,21
0.8189762242725337,0.7669063028832304,0.8340772282866706,0.8189762242725337,0.8240601022138857,,0.7358742570302863,0.7347276075794973,0.9529990716925756,0.9006080074511529,gradient_boosting,random_under,variance,122,0.9609543067705462,8,22
0.8260290986515259,0.7376635115003441,0.840920067477491,0.8260290986515259,0.8256026444078604,,0.7470540253508687,0.7439524469837757,0.954423311683868,0.9098972766747032,logistic_regression,smote,mutual_information,20,0.9607656402927531,8,23
0.8449254790631654,0.7060885813821671,0.8522248371848933,0.8449254790631654,0.8381176863021721,,0.7741659599633045,0.7677380458640731,0.9493612621654456,0.8864029062178371,gradient_boosting,smote_enn,random_forest,20,0.9606164190457611,8,24
0.8248757984386089,0.7361615851466906,0.839891014288671,0.8248757984386089,0.8242961041685316,,0.7453612788948901,0.7421838464367124,0.9545163983531404,0.9088908116024778,logistic_regression,smote_tomek,mutual_information,20,0.9592755769394086,8,25
0.82097232079489,0.7489095797375688,0.8495838572504663,0.82097232079489,0.8187758452110702,,0.7414382802252928,0.736056984289372,,,sgd,svm_smote,variance,122,0.9584367950891505,6,26
0.8128105039034776,0.7547687625229804,0.8577012470642386,0.8128105039034776,0.8208553039159315,,0.7335586525414477,0.7289476812761715,,,sgd,adasyn,logistic_l1,20,0.9578088292014554,6,27
0.8270936834634492,0.7155132888823355,0.8535680108533336,0.8270936834634492,0.8082172234523983,,0.7510061857424292,0.7385953702950393,0.9663124429154512,0.9255539995962446,gradient_boosting,borderline_smote,variance,122,0.9568281356845776,8,28
0.830376153300213,0.6945942046024841,0.8538110150305587,0.830376153300213,0.8239330952731255,,0.7558111625452223,0.7497871319068878,0.9635958346150152,0.9105761281478468,gradient_boosting,adasyn,logistic_l1,20,0.9551680633179743,8,29
0.8371628814762243,0.6996629447062374,0.8535347590107702,0.8371628814762243,0.8270196729559484,,0.76357397548376,0.7538923911824873,0.9523290498249206,0.8949622806922011,gradient_boosting,random_over,random_forest,20,0.9548221780654268,8,30
0.8242104329311568,0.7136440517198354,0.8444834844650563,0.8242104329311568,0.8194823929984913,,0.7448877465880646,0.7370504527771831,0.9629931760362116,0.9122422158783012,gradient_boosting,smote_tomek,logistic_l1,20,0.9544038344925012,8,31
0.823944286728176,0.7174090876739224,0.8442628317035694,0.823944286728176,0.8191503012303012,,0.7446637113334444,0.7366171014402987,0.9623134947346884,0.9098218667510756,gradient_boosting,smote,logistic_l1,20,0.9544007145607374,8,32
0.8331263307310149,0.6904089898972584,0.8460878192747172,0.8331263307310149,0.8236797418492777,,0.7562878251279965,0.7469752754704884,0.9630368033844656,0.9131021056640152,gradient_boosting,random_over,mutual_information,20,0.9543920172037011,8,33
0.8112136266855926,0.7502234923574926,0.8505904447826239,0.8112136266855926,0.8046195427184523,,0.7272943134493484,0.7163470970613058,0.9650346951952364,0.9174819435786932,random_forest,random_under,variance,122,0.954356629624923,8,34
0.8252750177430802,0.7136608460437184,0.8440165083230691,0.8252750177430802,0.819897813759551,,0.746781791390582,0.7391243030338681,0.9622356945471158,0.9077110691208198,gradient_boosting,smote_enn,logistic_l1,20,0.9539596027608505,8,35
0.8184882895670689,0.7373606988991984,0.8531816193008234,0.8184882895670689,0.8177275645741819,,0.7362978079724966,0.7305911299764651,,,sgd,borderline_smote,variance,122,0.9537169596476816,6,36
0.8413768630234209,0.6876002081889079,0.8577159487349306,0.8413768630234209,0.8318624351557024,,0.7698201094129375,0.7605444838235311,0.948431359742312,0.8824382242420324,gradient_boosting,smote,random_forest,20,0.9526898606261038,8,37
0.8348562810503903,0.6743703657879981,0.8505087714686084,0.8348562810503903,0.8252549462098552,,0.7594181048167845,0.7493967252668466,0.9627934464201572,0.9132300402393396,gradient_boosting,smote,mutual_information,20,0.9524792581163495,8,38
0.8216376863023421,0.7150572458161635,0.850839066372598,0.8216376863023421,0.8168958654366666,,0.7420389318594423,0.733276726242746,0.9597549157027814,0.9092558465110748,gradient_boosting,random_over,logistic_l1,20,0.9524659882367748,8,39
0.8294889992902768,0.7368040901023595,0.8452617071442234,0.8294889992902768,0.8274478991209976,,0.7529485281039116,0.7498013302860413,0.9367244112207578,0.8611307821299811,logistic_regression,adasyn,extra_trees,20,0.9507483785185338,8,40
0.8120564229950319,0.7476955579350844,0.8442533767591806,0.8120564229950319,0.8041482627362394,,0.7278314918932297,0.7165505316471663,0.9605741129313176,0.9053511919810516,extra_trees,random_under,variance,122,0.9502861888266533,8,41
0.8318843151171044,0.6752617459076323,0.8442840957213914,0.8318843151171044,0.8227889177836917,,0.7549656878969995,0.7455866589011453,0.9601168469407462,0.9077016707964632,gradient_boosting,smote_tomek,mutual_information,20,0.9487263855444186,8,42
0.8381387508871541,0.6828789878755057,0.8535421642624095,0.8381387508871541,0.827341256854781,,0.7648480695036289,0.7555907591615685,0.9489087404115806,0.8809472682007915,gradient_boosting,smote_tomek,random_forest,20,0.9483640763781765,8,43
0.8351224272533712,0.6703794240898796,0.8353894629095536,0.8351224272533712,0.8283748180711659,,0.7572590044367523,0.7520586112324215,0.9489797442826726,0.90320936370859,gradient_boosting,smote_enn,extra_trees,20,0.9477788226267874,8,44
0.8356103619588361,0.6669088239480279,0.8355714623639663,0.8356103619588361,0.8287570824491849,,0.7578833473247897,0.7526600781619961,0.9509489239476434,0.9039739758346128,gradient_boosting,smote,extra_trees,20,0.9477272515845647,8,45
0.8220369056068133,0.7323998456392221,0.8716751939881552,0.8220369056068133,0.8254687410101005,,0.7520569567897495,0.7435462895734677,0.9350811162916292,0.8549169375457484,logistic_regression,svm_smote,logistic_l1,20,0.947393402330964,8,46
0.814096877217885,0.7229245110977922,0.8296800037805926,0.814096877217885,0.8114544054518259,,0.7295256267054498,0.7254286405408119,0.9531906964439578,0.906561045120824,logistic_regression,random_over,mutual_information,20,0.9465372694047378,8,47
0.8358321504613201,0.6599224492144959,0.850878178410674,0.8358321504613201,0.8239735637278155,,0.7633071462568318,0.756041977027667,0.9471777910669482,0.8991656120728592,gradient_boosting,adasyn,extra_trees,20,0.9453464576032938,8,48
0.8176898509581263,0.7410171422137911,0.8573766273399142,0.8176898509581263,0.8186200610469286,,0.7418429093715037,0.735767069897111,0.9356113012660288,0.8523411903012501,logistic_regression,adasyn,logistic_l1,20,0.9435756193253534,8,49
0.8102377572746629,0.7460074004409932,0.8288394183760452,0.8102377572746629,0.8167934678921686,,0.7263144860103328,0.7247603708216581,0.9415812440225994,0.8721344185887611,gradient_boosting,random_under,mutual_information,20,0.9431405354804706,8,50
0.8311745919091554,0.6631978668211651,0.8305073809322463,0.8311745919091554,0.8240562247168798,,0.7510849264637646,0.7460905782000465,0.9508178119492664,0.9031224535912966,gradient_boosting,smote_tomek,extra_trees,20,0.9430452331406043,8,51
0.8321061036195884,0.6622859637342913,0.8331305735156661,0.8321061036195884,0.8258462711097119,,0.7527730015503787,0.7476013397789887,0.9476959160396156,0.8992157422733418,gradient_boosting,random_over,extra_trees,20,0.9428106879551995,8,52
0.8150727466288148,0.731794756164695,0.820380892080139,0.8150727466288148,0.8062425514765656,,0.7285030192166903,0.7239869619182567,,,sgd,adasyn,variance,122,0.9425625723322041,6,53
0.8203956706884316,0.7251101692856388,0.8368009597206121,0.8203956706884316,0.8052186805015643,,0.7376312986138015,0.7306789833214127,0.951132622061096,0.8727234634100886,logistic_regression,svm_smote,variance,122,0.9409216795066364,8,54
0.8135202271114266,0.7346946341572397,0.8216497065701219,0.8135202271114266,0.8072711315029617,,0.7277584091597303,0.7238214947324171,0.9424528875927674,0.8839572113248243,logistic_regression,smote_enn,random_forest,20,0.9409152199738615,8,55
0.7896557842441447,0.7317023763291587,0.8603428075425843,0.7896557842441447,0.8178910333463514,,0.7052265797427296,0.6992147694115189,0.9471892260504682,0.8967668293276772,gradient_boosting,random_under,logistic_l1,20,0.940436729052258,8,56
0.8173349893541518,0.7237065135330172,0.8302383650920503,0.8173349893541518,0.8048163647642387,,0.7331731996200596,0.7265385794748394,0.9517779901127108,0.8789353456052656,logistic_regression,adasyn,variance,122,0.9399880554039639,8,57
0.818665720369056,0.7417576122679346,0.8420417112210143,0.818665720369056,0.8186962085719588,,0.7369575239127213,0.7303692264751351,0.9091515908787084,0.8500858226596372,adaboost,smote,random_forest,20,0.9385822735901981,8,58
0.8058019872249823,0.7366981630240084,0.8517558687925655,0.8058019872249823,0.8035598781653044,,0.7242034263622549,0.716548575777934,0.9389493788917256,0.8761922755351199,logistic_regression,smote_enn,logistic_l1,20,0.9381024073278657,8,59
0.8151171043293116,0.7020847236540632,0.8449350618442283,0.8151171043293116,0.8069638418799414,,0.7341604084943868,0.7280761779646956,0.9472629462674248,0.8863250291178744,logistic_regression,svm_smote,mutual_information,20,0.9378310517064294,8,60
0.8157824698367636,0.6857282718491577,0.8243723290686806,0.8157824698367636,0.817973068300562,,0.7292540224026849,0.728626602274786,0.9324298943854916,0.9003463432300862,gradient_boosting,random_under,extra_trees,20,0.9368968110639022,8,61
0.8137420156139106,0.717640190854244,0.8325603616364065,0.8137420156139106,0.79748373106911,,0.7278134914005285,0.7195468605066588,0.9530783097577122,0.8839443425165086,logistic_regression,borderline_smote,variance,122,0.9363565898362336,8,62
0.8011444286728177,0.7398061876891056,0.8486336858672847,0.8011444286728177,0.7991772456888901,,0.7176048637990243,0.7096566118003795,0.9410682830625844,0.8775860061975349,logistic_regression,random_over,logistic_l1,20,0.9357920973668445,8,63
0.8078867991483322,0.7314364353579393,0.8167320367520668,0.8078867991483322,0.8019175439327796,,0.7195653932104469,0.7150888114292877,0.9419636791713442,0.8815543870577236,logistic_regression,smote_tomek,random_forest,20,0.9352232576798815,8,64
0.8116572036905607,0.7041119864181231,0.8307698941547605,0.8116572036905607,0.7960710885547022,,0.7288331362318549,0.7216914037889945,0.94722713036903,0.8968368879373351,logistic_regression,svm_smote,random_forest,20,0.9346503766554165,8,65
0.8118346344925479,0.7090894731146109,0.833296688787358,0.8118346344925479,0.801692900118733,,0.7274208384446148,0.7216344417100167,0.9404347813536068,0.8866634560993482,logistic_regression,adasyn,mutual_information,20,0.934569452082307,8,66
0.8047374024130589,0.7288867029333043,0.8345526146226334,0.8047374024130589,0.7975651169170147,,0.7159826835074863,0.7071144291842408,,,sgd,random_over,variance,122,0.934525199942241,6,67
0.8073101490418737,0.7307350308542097,0.8163546607168977,0.8073101490418737,0.8011577382008532,,0.7188505572002298,0.7142813538040262,0.9405733962437214,0.881697288647441,logistic_regression,smote,random_forest,20,0.9344598465875532,8,68
0.8018541518807665,0.7342375883798533,0.8490627977185757,0.8018541518807665,0.7995821318831933,,0.7186347642036645,0.7106697761069994,0.9384045780001866,0.8752081726503782,logistic_regression,smote_tomek,logistic_l1,20,0.9342380437856483,8,69
0.8014549325762953,0.7339221683774065,0.848399110858986,0.8014549325762953,0.7989105739262569,,0.7179852005869092,0.7099518580237256,0.9380063757098334,0.8755809551860851,logistic_regression,smote,logistic_l1,20,0.9337740668296395,8,70
0.8149840312278211,0.6875667199221686,0.8368998350755047,0.8149840312278211,0.7973818398189382,,0.7341677969308372,0.7228118311347739,0.9510100617326526,0.8973694313809045,gradient_boosting,adasyn,random_forest,20,0.9335327023131056,8,71
0.8252750177430802,0.6441818496933733,0.8255531482327579,0.8252750177430802,0.8149726512311702,,0.7435683820933214,0.7392881035251356,0.9510120779682734,0.9017047337299234,gradient_boosting,svm_smote,anova,20,0.9333771618629217,8,72
0.823944286728176,0.6607104397497343,0.8305254415099099,0.823944286728176,0.805619718630244,,0.7432502724916533,0.7351975509475963,0.9528482078198046,0.8964544856969577,gradient_boosting,adasyn,mutual_information,20,0.9331974711410446,8,73
0.8200851667849539,0.6512577832810185,0.8439657233066801,0.8200851667849539,0.8005699749416545,,0.7405126580709128,0.7304397484187051,0.9572486835844596,0.903257056105689,gradient_boosting,borderline_smote,extra_trees,20,0.9313552233148017,8,74
0.8076650106458482,0.7055475306212408,0.8171675682592515,0.8076650106458482,0.8057334671171117,,0.7165359165014917,0.713932913723839,0.9398834133785288,0.8863016441807976,logistic_regression,smote_enn,anova,20,0.9312277410903124,8,75
0.8049591909155429,0.7188918579324186,0.8183198733302436,0.8049591909155429,0.799195708092354,,0.7160504748372745,0.7109979693261066,0.9410583108875142,0.8844278894576642,logistic_regression,random_over,random_forest,20,0.931155266386064,8,76
0.8097054648687012,0.6664500986426072,0.8250183341857465,0.8097054648687012,0.811264640208486,,0.7213811598895005,0.716458321279518,0.9490733115144624,0.9018842336852868,random_forest,random_under,extra_trees,20,0.9300930896697541,8,77
0.806777856635912,0.7039661029558744,0.8159746813652139,0.806777856635912,0.8046811961262574,,0.715052341449804,0.7124068255270275,0.9400755890594852,0.8848293959057595,logistic_regression,smote,anova,20,0.9297857429465872,8,78
0.8055358410220014,0.7448018914110331,0.8436973707326357,0.8055358410220014,0.8045578734487683,,0.7219525968785382,0.7127760443791862,0.9101987014891172,0.8476355007789449,adaboost,smote_tomek,random_forest,20,0.9296136919706761,8,79
0.8064229950319376,0.7032111585519265,0.815540356680605,0.8064229950319376,0.8042966587334136,,0.7144754136903368,0.7118201705665663,0.9399877406637888,0.8856724582482757,logistic_regression,smote_tomek,anova,20,0.9294848205910713,8,80
0.8042051100070973,0.7090693389005401,0.8158205636308654,0.8042051100070973,0.8026384261178886,,0.7115429531168853,0.7086652323217799,0.9400646435367844,0.882836019495458,logistic_regression,random_over,anova,20,0.9287764871472903,8,81
0.8105039034776437,0.7016724588198815,0.8246778319505351,0.8105039034776437,0.7970820574789673,,0.7223137895421812,0.7142691830251628,0.9464886326883568,0.8761846771596457,logistic_regression,random_over,variance,122,0.9281815375678882,8,82
0.8158711852377573,0.6533343760971053,0.8433236602910154,0.8158711852377573,0.7923811775693944,,0.7350059619958851,0.7214282529507826,0.9552919985340662,0.9054262619939232,gradient_boosting,borderline_smote,random_forest,20,0.9276271694480712,8,83
0.8187544357700497,0.6538557707699963,0.8301761575970366,0.8187544357700497,0.7969421677855703,,0.7362236659119555,0.7268409172750657,0.9577264651043588,0.8968590003450314,gradient_boosting,borderline_smote,mutual_information,20,0.9276196696465592,8,84
0.8011887863733144,0.7205657854157171,0.8281873946984586,0.8011887863733144,0.7911515578874491,,0.7103771591391054,0.701035946393082,,,sgd,smote,variance,122,0.9273268888604849,6,85
0.801277501774308,0.7203501477824283,0.8278930011618738,0.801277501774308,0.7909791338364074,,0.710439364670284,0.7010337906928443,,,sgd,smote_enn,variance,122,0.9272080362743566,6,86
0.7944907735982967,0.6973169983604854,0.8453118724878116,0.7944907735982967,0.7904519555236458,,0.7052429314213623,0.6955538888860436,0.9590705204905238,0.8991820845028314,extra_trees,random_under,random_forest,20,0.9270853267857724,8,87
0.8048704755145494,0.7105694778848723,0.8077609017351984,0.8048704755145494,0.7962331026749525,,0.7171242822957155,0.7134347319544069,,,sgd,svm_smote,extra_trees,20,0.9270339745464315,6,88
0.8067334989354152,0.7038646525727478,0.8218749875938914,0.8067334989354152,0.7939120475182112,,0.7204718128469085,0.7142519507978067,,,sgd,adasyn,extra_trees,20,0.9268039531307507,6,89
0.8006564939673527,0.7185373642458861,0.8299667407436399,0.8006564939673527,0.7910793162184888,,0.7098321026255363,0.7007276313814528,,,sgd,smote_tomek,variance,122,0.9267268528889488,6,90
0.8121894960965224,0.7108034230339613,0.8284025695862625,0.8121894960965224,0.8072323514305707,,0.7277407158739512,0.7238188361462492,0.9347618766189096,0.8441168853474876,logistic_regression,svm_smote,anova,20,0.9266329662282117,8,91
0.7854418026969482,0.7160092216052947,0.8154170648988579,0.7854418026969482,0.7900726600458845,,0.6882126146440488,0.6819750934211576,0.9572885269689604,0.9068220142949692,random_forest,random_under,logistic_l1,20,0.925703966916248,8,92
0.8085521646557843,0.7014535814367753,0.8275496879568922,0.8085521646557843,0.7931314275599124,,0.7195470914093888,0.7099158821413958,0.9412833195443988,0.8671118712578795,logistic_regression,smote_tomek,variance,122,0.9238020444061401,8,93
0.803805890702626,0.6778418053217612,0.8121239335661744,0.803805890702626,0.8059719848647419,,0.7115099437582459,0.7107210006665519,0.9271803841595132,0.8904685213378087,gradient_boosting,random_under,anova,20,0.9228550924577871,8,94
0.8095723917672107,0.7055572226572877,0.8270375658719418,0.8095723917672107,0.7945521636005412,,0.7215597709709032,0.7121637227741111,0.9384248187645172,0.855177250062216,logistic_regression,smote_enn,variance,122,0.9227073625922293,8,95
0.8086408800567778,0.7013546639064276,0.8281195021858638,0.8086408800567778,0.79320710309875,,0.720023511989023,0.7103039441780813,0.9399686496036216,0.8616858190392682,logistic_regression,smote,variance,122,0.9226215038571297,8,96
0.8050479063165366,0.693036795102312,0.8676714130481122,0.8050479063165366,0.8054889040144441,,0.7295110495465615,0.7196068844195884,0.9295801330285286,0.8416378395446147,logistic_regression,borderline_smote,logistic_l1,20,0.9223263484260139,8,97
0.8114797728885734,0.6485050087747044,0.80779123575702,0.8114797728885734,0.8042757152167793,,0.7204784558065174,0.7170889233285884,0.9478500276192448,0.8912278103735207,gradient_boosting,smote_enn,anova,20,0.920940501554099,8,98
0.7818044712562101,0.716859490842815,0.8308969304584423,0.7818044712562101,0.7818954400162185,,0.6852425148504078,0.67321129782637,0.9508599730508756,0.8942805138708916,extra_trees,random_under,logistic_l1,20,0.9197365581890286,8,99
0.8014105748757985,0.6584799203197226,0.8128010648392439,0.8014105748757985,0.8017249471664423,,0.7089340754674319,0.7044903938659144,0.9454517227548956,0.8956172689817841,random_forest,random_under,anova,20,0.9193336988933569,8,100
0.8096167494677076,0.6403997159618211,0.8058319894008696,0.8096167494677076,0.8019921667956252,,0.7174268312155385,0.7139293964614194,0.9507678336548192,0.8973294528292994,gradient_boosting,smote_tomek,anova,20,0.9191426447121802,8,101
0.7956440738112136,0.663610675914819,0.8253836023396525,0.7956440738112136,0.7872399524434935,,0.7019098368381098,0.6937613497297884,0.9611433786627168,0.9057484366634168,extra_trees,random_under,mutual_information,20,0.9188376138033609,8,102
0.7963981547196594,0.6806926895705208,0.8403914968093744,0.7963981547196594,0.7612651179716051,,0.7096492349734016,0.6828334916535617,0.9591130430777848,0.919654018197599,extra_trees,smote_enn,variance,122,0.9187181707763331,8,103
0.8180890702625976,0.7262190586026819,0.8272683841725433,0.8180890702625976,0.8102340252575201,,0.7368715805208098,0.7313986837257925,0.9070074192876784,0.78804308421857,adaboost,svm_smote,random_forest,20,0.9181581012151552,8,104
0.8085965223562811,0.6415357475306047,0.804975717442059,0.8085965223562811,0.800934600108841,,0.7160594496303464,0.7122656175616348,0.947689725321878,0.8943672214694713,gradient_boosting,smote,anova,20,0.9175873245247392,8,105
0.806777856635912,0.6447626122219416,0.8055399914206939,0.806777856635912,0.8004239106913446,,0.7140936217378591,0.7103331015545793,0.9439709812225936,0.8933438291997601,gradient_boosting,random_over,anova,20,0.9168509405867286,8,106
0.7855748757984387,0.6902138951569399,0.849500560406641,0.7855748757984387,0.796594962317744,,0.7023039719903234,0.6930681672384964,,,sgd,svm_smote,logistic_l1,20,0.9167941042464666,6,107
0.7822036905606813,0.7226882147442492,0.8074710595443949,0.7822036905606813,0.7902033311797653,,0.6867546007152496,0.6840566108376624,,,sgd,random_over,extra_trees,20,0.9162735545657554,6,108
0.7844215755855216,0.7141751668873878,0.8061340457432686,0.7844215755855216,0.790764228183541,,0.6896167013674204,0.6871336233189265,,,sgd,smote,extra_trees,20,0.9152008936944614,6,109
0.7988821859474805,0.6832992599724538,0.8285918644278214,0.7988821859474805,0.7842290871537909,,0.7085022723171301,0.7012641060794806,0.9384504270485454,0.8743132149077005,logistic_regression,borderline_smote,mutual_information,20,0.9151620755471966,8,110
0.8086852377572746,0.6406501055197152,0.8220388286038187,0.8086852377572746,0.7904261702757531,,0.7223201220443797,0.7139798398475141,0.944041420053394,0.8855503751644572,gradient_boosting,adasyn,anova,20,0.9141103499018732,8,111
0.8094393186657204,0.63485087487269,0.8217843652605875,0.8094393186657204,0.7888423612905647,,0.7224848272746925,0.7142505203178705,0.949017237624146,0.8889382253164282,gradient_boosting,borderline_smote,anova,20,0.9139204573192685,8,112
0.7850869410929737,0.7057166386822444,0.8060572884959394,0.7850869410929737,0.7912175911778099,,0.6903218115542379,0.6879168318349468,,,sgd,smote_tomek,extra_trees,20,0.9133857155688112,6,113
0.7915631653655074,0.6715653193429153,0.8375180024334401,0.7915631653655074,0.7547464013771755,,0.7029266520967802,0.6751511499947778,0.959530490734209,0.9219525612127548,extra_trees,adasyn,variance,122,0.9130698983768115,8,114
0.7920511000709723,0.7017272301786651,0.8044401263522847,0.7920511000709723,0.7838022900578854,,0.6994963936043738,0.6943167263636822,,,sgd,svm_smote,mutual_information,20,0.9129840717818588,6,115
0.7904542228530873,0.66968808415939,0.8363606603516904,0.7904542228530873,0.7548404716121926,,0.7009451646948477,0.6727711198777238,0.963010678093336,0.9239990714421348,extra_trees,smote_tomek,variance,122,0.9128236546184111,8,116
0.8015880056777857,0.6890776788711387,0.814768816903592,0.8015880056777857,0.771426195331058,,0.7122288779943747,0.7026086913592222,0.9399924633250216,0.8741774956601592,logistic_regression,adasyn,random_forest,20,0.9128212827569842,8,117
0.8132540809084458,0.6556934574226764,0.8589127839755604,0.8132540809084458,0.8310478031694466,,0.7358239847275105,0.7325119399184161,0.9069886463257044,0.7983990141577949,adaboost,random_under,mutual_information,20,0.9122071389863674,8,118
0.7834900638750887,0.7039506050664185,0.8036495548443844,0.7834900638750887,0.7895197733389234,,0.6876133112552858,0.6853322356100582,,,sgd,smote_enn,extra_trees,20,0.9111499726979668,6,119
0.7911639460610362,0.6955832235687197,0.8378851916627262,0.7911639460610362,0.769960346617568,,0.7026002254683585,0.6924568492327707,0.9372982765861726,0.8650013375460617,logistic_regression,borderline_smote,extra_trees,20,0.9096597875663279,8,120
0.7893896380411639,0.6611760943278061,0.8365400138538674,0.7893896380411639,0.7500863978989372,,0.7001519194302646,0.670837986796865,0.962599971906742,0.923800714658016,extra_trees,borderline_smote,variance,122,0.9091301442404008,8,121
0.7853087295954577,0.6719746723491147,0.8333161042423333,0.7853087295954577,0.7460595376638215,,0.6938133735358032,0.6642230279023371,0.9645091536319392,0.925530221663456,extra_trees,smote,variance,122,0.9088141034329709,8,122
0.7789212207239177,0.7269816169086984,0.8482572901384859,0.7789212207239177,0.8009878778941688,,0.690114748615124,0.6833784223207009,0.9097744902203508,0.8177918922380284,adaboost,random_under,variance,122,0.9081115395959863,8,123
0.7789212207239177,0.7269816169086984,0.8482572901384859,0.7789212207239177,0.8009878778941688,,0.690114748615124,0.6833784223207009,0.9097744902203508,0.8177918922380284,adaboost,random_under,random_forest,20,0.9081115395959863,8,124
0.7822924059616749,0.6544298771131111,0.8220268338050564,0.7822924059616749,0.7825655341239707,,0.6842156666971088,0.6749578307351995,0.9529205073178908,0.8983573878999518,extra_trees,random_under,extra_trees,20,0.9069741894626158,8,125
0.7895670688431512,0.6555838150817356,0.8317865624013712,0.7895670688431512,0.7659570855648572,,0.697358236429783,0.6727780997104125,0.9563933345100958,0.9008105348942452,gradient_boosting,tomek,variance,122,0.9063703703703362,8,126
0.7768807665010646,0.7050208778533036,0.7966304156543177,0.7768807665010646,0.7801215391962156,,0.679472537524133,0.6760716932367485,,,sgd,smote_tomek,mutual_information,20,0.903932889355843,6,127
0.7890791341376863,0.6528160621138579,0.8152585236558122,0.7890791341376863,0.7660266680196808,,0.6924925878584516,0.6755221539517837,0.9450868462072378,0.9041110359372312,extra_trees,adasyn,logistic_l1,20,0.9039169961273062,8,128
0.7932487579843861,0.6929557620188364,0.8086852423774945,0.7932487579843861,0.791268636435773,,0.6983914470038901,0.6955162284917533,0.9253328476180284,0.8261488662585249,logistic_regression,adasyn,anova,20,0.9034006159035195,8,129
0.7819375443577005,0.6602407433612066,0.8320208717716369,0.7819375443577005,0.744113710070124,,0.6892332925656367,0.6587114433462611,0.9581363247212776,0.9212064095380708,extra_trees,svm_smote,variance,122,0.9024402661356288,8,130
0.7661018452803406,0.6970532783741379,0.8400651155360893,0.7661018452803406,0.784621147419924,,0.6685720154911503,0.6611089445751446,,,sgd,random_over,logistic_l1,20,0.902317593519044,6,131
0.7734652235628106,0.706432162144399,0.7960609581567462,0.7734652235628106,0.7780005523103343,,0.6758527762412752,0.6723820480540614,,,sgd,smote_enn,mutual_information,20,0.9018459098501966,6,132
0.7720901348474095,0.7082756157304979,0.7957674451536065,0.7720901348474095,0.7781284618538894,,0.6734529079606544,0.6702626662493961,,,sgd,random_over,mutual_information,20,0.9015769130989245,6,133
0.7812278211497516,0.6533188357231544,0.8029249422548215,0.7812278211497516,0.7787615837476335,,0.6792254695342863,0.6711080987560905,0.9451603334845402,0.8867498029873487,extra_trees,random_under,anova,20,0.8999235544212868,8,134
0.7625975869410929,0.6871973081917998,0.8425937283707737,0.7625975869410929,0.7865853068792201,,0.6660551824873777,0.6581364604361541,,,sgd,smote_tomek,logistic_l1,20,0.8989440807376945,6,135
0.7621983676366217,0.6869556521564067,0.8426734276023166,0.7621983676366217,0.7867271631264438,,0.665858143110773,0.6577960522427209,,,sgd,smote,logistic_l1,20,0.8987481850332784,6,136
0.771735273243435,0.6970171688681097,0.7948840747014941,0.771735273243435,0.7764784346221243,,0.6734464073090394,0.669819448555839,,,sgd,smote,mutual_information,20,0.8976876231577131,6,137
0.7909421575585521,0.6515479528400073,0.8160587616313737,0.7909421575585521,0.7610515589319966,,0.6942378542785016,0.6789428551195148,0.953566665214004,0.8731134298058653,logistic_regression,tomek,variance,122,0.8976586155444932,8,138
0.790542938254081,0.6055204084313359,0.8246371171499606,0.790542938254081,0.7569809118087395,,0.6988107833022799,0.6768806288484334,0.9541650633339772,0.9214694502836976,extra_trees,smote_enn,random_forest,20,0.8973604196449186,8,139
0.7834457061745919,0.6486141039736212,0.8166955885314326,0.7834457061745919,0.7604977823997358,,0.685437883539193,0.6657769909571232,0.9398247845283833,0.8987356390047027,extra_trees,smote_enn,logistic_l1,20,0.8972696906057547,8,140
0.7841997870830376,0.6711715944942609,0.8057016646264973,0.7841997870830376,0.7570878869500481,,0.6872578315885569,0.6781008150720695,0.9399206625352788,0.8735469349666988,logistic_regression,borderline_smote,random_forest,20,0.8965662894230548,8,141
0.7591376863023421,0.6826507555409613,0.8467237883151448,0.7591376863023421,0.7860804881427336,,0.6628922667474918,0.6540279638481002,,,sgd,smote_enn,logistic_l1,20,0.8962294154360573,6,142
0.7877040454222853,0.6473365405846698,0.8115592358334078,0.7877040454222853,0.7555386868924961,,0.6891217078662132,0.6739520169842474,0.9544428839863244,0.8781799211095729,logistic_regression,class_weight,variance,122,0.8945866920481939,8,143
0.7933818310858765,0.5795821534102469,0.824670588826349,0.7933818310858765,0.7700169888373899,,0.700545873458115,0.6793823474117197,0.9465987960803148,0.9173341210865524,random_forest,smote_enn,anova,20,0.8945175118632264,8,144
0.7811834634492548,0.6843615748060391,0.8095550335618592,0.7811834634492548,0.7725268243053494,,0.6829749835215132,0.6670226134713793,0.915995896778111,0.846704787386752,adaboost,smote,variance,122,0.8933776326569208,8,145
0.7811834634492548,0.6843615748060391,0.8095550335618592,0.7811834634492548,0.7725268243053494,,0.6829749835215132,0.6670226134713793,0.9159764673025832,0.8466618827065169,adaboost,smote_tomek,variance,122,0.8933663473593888,8,146
0.7927608232789212,0.5795556869897147,0.8261143112355696,0.7927608232789212,0.7730845974705852,,0.7009577412483767,0.6770690298731352,0.9404969466329652,0.9125587473607818,random_forest,enn,extra_trees,20,0.8933199437394784,8,147
0.7880589070262598,0.6136138020898663,0.823258973295831,0.7880589070262598,0.7522378432337239,,0.6943400232862119,0.6695091427138706,0.9468480455911676,0.9113680096877136,gradient_boosting,enn,mutual_information,20,0.8932420529942808,8,148
0.7927608232789212,0.5764577016956465,0.8233471922827632,0.7927608232789212,0.7705149227488574,,0.7003576534421245,0.6768188024220396,0.952735470486546,0.9127903495423484,random_forest,enn,anova,20,0.893098044271673,8,149
0.7871717530163236,0.6634499656145938,0.8124680609284861,0.7871717530163236,0.7534072912835975,,0.6884975681581148,0.6731092400963332,0.9498075947845896,0.8602236661188837,logistic_regression,enn,variance,122,0.89302993878131,8,150
0.7779453513129879,0.6217721251139008,0.8285394354557575,0.7779453513129879,0.7381144242828074,,0.6839568173194965,0.6508073344626577,0.9626429389513989,0.9308805410032532,random_forest,adasyn,variance,122,0.8927259669944622,8,151
0.7805624556422995,0.6416293840521201,0.8173188773520016,0.7805624556422995,0.7562542929512385,,0.6818864837749324,0.6594147146962667,0.9304358314489496,0.8986649521482211,extra_trees,smote_tomek,logistic_l1,20,0.892098926433069,8,152
0.7747959545777147,0.6480208024362921,0.8112741643296271,0.7747959545777147,0.7879663600265813,,0.6788243932833918,0.6755172235315006,,,sgd,random_under,mutual_information,20,0.8919062016003487,6,153
0.7890791341376863,0.6524346337251015,0.8173617291675215,0.7890791341376863,0.7658306108492265,,0.6920727149159767,0.6782020869455341,,,sgd,enn,variance,122,0.8917665040928159,6,154
0.7895227111426544,0.6513850125913843,0.819574400791505,0.7895227111426544,0.763988999922971,,0.693391702829744,0.6790218289129943,,,sgd,tomek,variance,122,0.8913952700799864,6,155
0.7779897090134847,0.619792867796797,0.8279933303159174,0.7779897090134847,0.7387950985479116,,0.6837330815541884,0.6507641424755218,0.9638056291394814,0.9251480511369382,random_forest,smote_enn,variance,122,0.8913434028183935,8,156
0.7872604684173172,0.5793748901460254,0.822797900274792,0.7872604684173172,0.7646682376867052,,0.6928231732161705,0.6696324724175213,0.9474754439002796,0.9215621668883762,random_forest,smote_enn,extra_trees,20,0.8910764123087285,8,157
0.7773687012065295,0.6087404588972548,0.8278431941095109,0.7773687012065295,0.7385534187977951,,0.6823055584029285,0.6492500757138092,0.9678304672236226,0.9341127309226338,random_forest,svm_smote,variance,122,0.8908720717958428,8,158
0.7790542938254081,0.6432490816754299,0.8170021318218591,0.7790542938254081,0.7550680268552998,,0.6797634944646591,0.6566776854711317,0.927143767255543,0.8979795024304508,extra_trees,smote,logistic_l1,20,0.8908656957386296,8,159
0.7897444996451384,0.5796185226639449,0.8095571014486753,0.7897444996451384,0.7703582881372932,,0.691609125952628,0.6813980302100693,0.9629168608374205,0.899137843123089,logistic_regression,enn,mutual_information,20,0.8904271333721943,8,160
0.7702714691270405,0.6875973735690751,0.7814327778927382,0.7702714691270405,0.7715059124046599,,0.6633446060248573,0.6611385000983321,,,sgd,smote_enn,anova,20,0.8901982904832247,6,161
0.783179559971611,0.6060492436656477,0.8182648429377418,0.783179559971611,0.7605570824713556,,0.6854449717460942,0.6651399383522407,0.9491211372089602,0.9038166152974236,random_forest,smote_enn,logistic_l1,20,0.8901451171915776,8,162
0.7848207948899929,0.5941212003075008,0.8219258442333319,0.7848207948899929,0.7505141795054071,,0.6903621997183962,0.6671990107691627,0.9540192295209126,0.9177228036299312,extra_trees,adasyn,random_forest,20,0.8894232551053052,8,163
0.7865951029098651,0.5818668518909182,0.8180967678382264,0.7865951029098651,0.7518157832626193,,0.6923668667159354,0.6698113742033109,0.9575819204783768,0.9227341922273158,extra_trees,smote_enn,mutual_information,20,0.8890080480918932,8,164
0.7829134137686302,0.6106300193573805,0.8208901410444419,0.7829134137686302,0.7587799681357701,,0.686016335710848,0.6632325136006888,0.9316729674086386,0.8999929690497392,random_forest,smote_tomek,logistic_l1,20,0.8878611306593738,8,165
0.7859740951029098,0.5778706340863604,0.8198820680405328,0.7859740951029098,0.7629379298444922,,0.6912714068417299,0.6676609602963298,0.9456969384637556,0.9148854528481052,extra_trees,smote_enn,extra_trees,20,0.8878285996740896,8,166
0.771957061745919,0.6184958883361873,0.8237808701370894,0.771957061745919,0.7338270550209247,,0.6746391635948762,0.6408145218992427,0.9664008683376842,0.9284722465616227,random_forest,smote_tomek,variance,122,0.8875536935461641,8,167
0.7750621007806955,0.6844797232378985,0.7692147462328023,0.7750621007806955,0.7611177075014988,,0.6745230008873271,0.669411700916964,,,sgd,borderline_smote,extra_trees,20,0.8873772832942168,6,168
0.7881032647267565,0.5721796619587446,0.8061569655835106,0.7881032647267565,0.7679158038724715,,0.6891129552879843,0.6785940226349219,0.9632412112510824,0.8990530830952902,logistic_regression,tomek,mutual_information,20,0.8870993373264758,8,169
0.7834900638750887,0.6076316658412817,0.8201769383235838,0.7834900638750887,0.7593925198142443,,0.68669055668391,0.6638725730868065,0.9336028573361717,0.8967021167713642,random_forest,smote,logistic_l1,20,0.8870537222791917,8,170
0.7860184528034067,0.5752703228460427,0.8211979933118978,0.7860184528034067,0.7608830804304457,,0.6904983432701989,0.6670605118789303,0.9411090486347872,0.9177065276427224,random_forest,smote,anova,20,0.8868721770197194,8,171
0.779542228530873,0.6357651986767736,0.8148946237010967,0.779542228530873,0.7542058788201661,,0.6797685302488582,0.6575968485178205,0.9225361983610496,0.8894746439607387,extra_trees,svm_smote,logistic_l1,20,0.8867396206097569,8,172
0.7851312987934705,0.5734049780179676,0.8205721441730196,0.7851312987934705,0.761263392711744,,0.6890886955409372,0.6658124461960484,0.9447441233668056,0.9185748809737346,random_forest,smote_tomek,anova,20,0.8867113651866944,8,173
0.7868612491128459,0.5746031492617469,0.8174726578866247,0.7868612491128459,0.763061049685679,,0.6914223822823948,0.6697663817361565,0.9405811131925844,0.9128665389750896,extra_trees,smote_enn,anova,20,0.8864217497572326,8,174
0.7814939673527325,0.5943047831493298,0.814259071922815,0.7814939673527325,0.7427557317031218,,0.6857948611908217,0.6601138638320361,0.9516101236383282,0.9236613956513322,random_forest,smote_enn,mutual_information,20,0.8859781452116288,8,175
0.7818488289567069,0.6278135092277358,0.8206400270027681,0.7818488289567069,0.7351240255750817,,0.687917113472962,0.6576408913945955,0.955710550814626,0.8930413304108271,gradient_boosting,enn,variance,122,0.8855772680283425,8,176
0.783179559971611,0.5754843334719781,0.8222232881316605,0.783179559971611,0.7595501407115914,,0.6874827108054262,0.6624858948324194,0.9376199438103064,0.9191165028408116,random_forest,smote,extra_trees,20,0.8852621727952001,8,177
0.7801188786373314,0.5784923958440255,0.8186615682086227,0.7801188786373314,0.7566448176722554,,0.6817970920119119,0.6582177660980268,0.9409356311874564,0.9245282905874572,random_forest,adasyn,anova,20,0.885010449238694,8,178
0.7728442157558553,0.6256844095354761,0.8264988217168825,0.7728442157558553,0.7275894065542587,,0.6758258691597847,0.6416934624177371,0.9571016595407792,0.9166120700853406,extra_trees,tomek,variance,122,0.8845034948381654,8,179
0.7756387508871541,0.6365158589278267,0.8097066404893646,0.7756387508871541,0.7482818396444811,,0.6743436272484568,0.6514594824717845,0.9261521723033098,0.8938823836497503,extra_trees,borderline_smote,logistic_l1,20,0.8844240650675973,8,180
0.7787881476224272,0.5982699748399208,0.8165988515200397,0.7787881476224272,0.7403185941078542,,0.6828886807526294,0.6557803537583456,0.951204968887736,0.9184742914160484,random_forest,smote_enn,random_forest,20,0.8840154405763571,8,181
0.7884137686302342,0.5600430833769925,0.8237606505104502,0.7884137686302342,0.7662306412767368,,0.6939721335220693,0.6702237147958899,0.9434993507009958,0.905980554554924,random_forest,tomek,anova,20,0.8840040098694152,8,182
0.7861515259048971,0.5566672185778101,0.8224649675183212,0.7861515259048971,0.762306877257877,,0.6909325071633289,0.6660863120082721,0.9532518546442336,0.9131157120787836,random_forest,class_weight,anova,20,0.8836178168952313,8,183
0.7763928317955997,0.6130077044220525,0.8123662793743117,0.7763928317955997,0.7496820342002251,,0.676591389460679,0.6524902321162358,0.9413299209306316,0.8995795703503634,random_forest,svm_smote,logistic_l1,20,0.8831525002865782,8,184
0.7753282469836764,0.6722611197782176,0.8027231650293472,0.7753282469836764,0.7660143345573704,,0.6736095946843188,0.6677697485101302,0.9272416160046084,0.8223030228353373,logistic_regression,borderline_smote,anova,20,0.8829521136933131,8,185
0.7786550745209369,0.5731962703759801,0.8183219358025906,0.7786550745209369,0.7557467819340526,,0.6808530415892655,0.6557892418673859,0.94305192099128,0.9214353305500051,extra_trees,adasyn,extra_trees,20,0.8824858457565433,8,186
0.7706706884315118,0.6808555360633596,0.7700128408830467,0.7706706884315118,0.7560093949641765,,0.667433500539112,0.6606123132928436,,,sgd,adasyn,mutual_information,20,0.8820146027618367,6,187
0.7782558552164656,0.5869361265853646,0.8171419357605154,0.7782558552164656,0.7453945551780329,,0.6807665251790105,0.655476895687247,0.9510237366440254,0.9149210710978268,extra_trees,smote,random_forest,20,0.8819856527710533,8,188
0.7789212207239177,0.5860821189527965,0.8157661744771018,0.7789212207239177,0.7438775686922053,,0.6814164976344216,0.6561828849968516,0.9475153383352758,0.9183667042939376,extra_trees,smote_tomek,random_forest,20,0.8818813479282627,8,189
0.7759492547906317,0.5748632502884764,0.8183412688602855,0.7759492547906317,0.7511096882218231,,0.6772233694502252,0.6507299746138981,0.9432233778300232,0.9280173033448366,random_forest,adasyn,extra_trees,20,0.8817146182967596,8,190
0.7805180979418027,0.5699672689244805,0.8167696788836796,0.7805180979418027,0.7569540235155082,,0.6823886608468942,0.6595507301440671,0.9401995380234992,0.9169315017753824,extra_trees,adasyn,anova,20,0.8816345774619503,8,191
0.771957061745919,0.615862360352238,0.8235940742427891,0.771957061745919,0.7265027414201711,,0.6745154156061577,0.640103967083932,0.957486144624964,0.9150235484695336,extra_trees,random_over,variance,122,0.8810954860011632,8,192
0.7806511710432931,0.5673469668614038,0.816936913864577,0.7806511710432931,0.7558502766499379,,0.6828380862941106,0.6591080682760059,0.943972554128656,0.9134888558225264,extra_trees,smote_tomek,anova,20,0.8804612205314197,8,193
0.7783002129169624,0.5674752085571944,0.8138413650129299,0.7783002129169624,0.7454102725229008,,0.6797003903107172,0.6563110819452416,0.9573782818521308,0.9251028310333234,extra_trees,adasyn,mutual_information,20,0.880442184786902,8,194
0.7766146202980837,0.572384647257006,0.8186060693566598,0.7766146202980837,0.7523274682333636,,0.6782884205208655,0.6515095457794653,0.9436413760692408,0.9209106297863268,random_forest,smote_tomek,extra_trees,20,0.8803296666156258,8,195
0.7704045422285308,0.6181390568043725,0.8236095886350512,0.7704045422285308,0.7231354181718713,,0.6725755343916145,0.6375807869366198,0.9565695436159032,0.9158669701537994,extra_trees,class_weight,variance,122,0.8800610876919133,8,196
0.7824698367636622,0.5641952525544685,0.8016304639685708,0.7824698367636622,0.7589318209688356,,0.6811002935897417,0.669604359533824,0.9629483000097644,0.8984274152913272,logistic_regression,class_weight,mutual_information,20,0.879826681728312,8,197
0.7809616749467707,0.5671125972638704,0.8148333528548283,0.7809616749467707,0.7558854800121052,,0.6831491279404868,0.6594976197910382,0.9414325866560252,0.9119235519498676,extra_trees,smote,anova,20,0.8797436174654997,8,198
0.7574520936834634,0.7103342825404955,0.7896878584984828,0.7574520936834634,0.7688473268705744,,0.6476175824818146,0.6458636698946074,0.8980728808305232,0.8195215958772161,adaboost,random_under,anova,20,0.8795136413776564,8,199
0.7727998580553584,0.6643862290345182,0.7741745979341098,0.7727998580553584,0.7571155187321427,,0.6687090211174394,0.6625675667793518,,,sgd,borderline_smote,mutual_information,20,0.8793911147640088,6,200
0.7844659332860184,0.6265602369358643,0.8162853765389632,0.7844659332860184,0.7558601380220529,,0.6857294249394059,0.6703856350066126,,,sgd,class_weight,variance,122,0.8786083360797501,6,201
0.7760379701916252,0.5824552903797754,0.8071324265017601,0.7760379701916252,0.7339836837620147,,0.6775721109222199,0.6506594833834627,0.954392120757008,0.9234916275612468,random_forest,smote,mutual_information,20,0.8781190386405928,8,202
0.7872604684173172,0.5953190300226876,0.783371572219498,0.7872604684173172,0.7461011961363238,,0.6930222688808853,0.6705273926742557,0.9449518712392532,0.8837574252782493,gradient_boosting,enn,random_forest,20,0.8778420242439805,8,203
0.7765259048970902,0.5976501491213043,0.8136753966666315,0.7765259048970902,0.7348903990625868,,0.6793077655100324,0.6498570033353439,0.9444072840636256,0.9056899628522808,gradient_boosting,class_weight,mutual_information,20,0.8773985642892164,8,204
0.7801188786373314,0.5554285209634799,0.8207461009936293,0.7801188786373314,0.7592726855493008,,0.683162572395193,0.6567290645256245,0.9441141169922638,0.9061710666922312,random_forest,class_weight,extra_trees,20,0.8771580436764107,8,205
0.7653034066713982,0.6086449254556843,0.8083683032458764,0.7653034066713982,0.7160962196166587,,0.6641235965612251,0.6298726169891077,0.9651751615238038,0.9333354528204126,random_forest,enn,random_forest,20,0.8771340574687753,8,206
0.7738644428672817,0.5868356823839873,0.8102425064866946,0.7738644428672817,0.7336320190098389,,0.6748396795275593,0.6481764374779323,0.9512150265072454,0.9178115305714136,extra_trees,svm_smote,random_forest,20,0.8768151287907564,8,207
0.7613555713271823,0.6724246264280028,0.7733474992776941,0.7613555713271823,0.761492602278042,,0.6500668283221471,0.646818956836714,,,sgd,smote_tomek,anova,20,0.8767200038220163,6,208
0.774973385379702,0.5649107190515352,0.8142357085559911,0.774973385379702,0.749692268408265,,0.6758628643663562,0.6488293086348984,0.9446015768834912,0.9179024285708144,extra_trees,smote_tomek,extra_trees,20,0.8763186710669357,8,209
0.7600691980127751,0.6763979748251698,0.7705811443653957,0.7600691980127751,0.7572396962061938,,0.6544934333265107,0.6504662543066193,,,sgd,svm_smote,random_forest,20,0.8761708219581921,6,210
0.7617104329311568,0.6855109955582165,0.7690337424216155,0.7617104329311568,0.7490087195593306,,0.6539561291977715,0.6470379109352336,,,sgd,adasyn,random_forest,20,0.8758166747869534,6,211
0.7717796309439319,0.5783588930538185,0.8106898785268845,0.7717796309439319,0.7334715721378237,,0.6714864381871599,0.644166551418752,0.9577246548251768,0.9231890858921348,extra_trees,borderline_smote,random_forest,20,0.8758016826191112,8,212
0.7708924769339958,0.5983562457122493,0.8086349760067927,0.7708924769339958,0.7380309040010233,,0.6685353239855083,0.643425914649554,0.9389590443995004,0.9091542296824456,random_forest,adasyn,logistic_l1,20,0.8757645235849567,8,213
0.7645936834634492,0.595531121989224,0.8225305973642296,0.7645936834634492,0.7230235395855401,,0.6653555384404468,0.6277463278001132,0.9586746007755212,0.9306011025759494,random_forest,borderline_smote,variance,122,0.87565340343117,8,214
0.7817601135557133,0.5561117786043706,0.8186283342407167,0.7817601135557133,0.7542260500343787,,0.6846382461530683,0.6590060848194129,0.926859786679058,0.9106810699063176,random_forest,random_over,anova,20,0.8755355572508264,8,215
0.7764815471965933,0.5645168222800179,0.811058427994845,0.7764815471965933,0.7406186461310654,,0.6772333694850396,0.6524551156145406,0.9515779763276088,0.9189163325971784,extra_trees,smote_tomek,mutual_information,20,0.8753738742563206,8,216
0.7756387508871541,0.5739058170603563,0.8114401860515124,0.7756387508871541,0.7343823631772682,,0.6772540923910283,0.6493637271039331,0.954258356437801,0.9151201876291362,extra_trees,enn,random_forest,20,0.8747021818075134,8,217
0.77541696238467,0.5660266814491133,0.809572081384073,0.77541696238467,0.7376374584731107,,0.6759052562329648,0.6506552692531214,0.9526143441328492,0.9202052519024776,extra_trees,smote,mutual_information,20,0.8746681823330443,8,218
0.7789212207239177,0.5544319538257398,0.8209635163456823,0.7789212207239177,0.7578999771412445,,0.68177987809966,0.65439821019229,0.9363559897505876,0.9031677193186356,random_forest,tomek,extra_trees,20,0.8744980895715853,8,219
0.7730216465578424,0.5633155057463978,0.81235529768205,0.7730216465578424,0.7468172977553522,,0.673188453924126,0.6455630275126556,0.9432029711754392,0.917172815110299,extra_trees,smote,extra_trees,20,0.8738169618536634,8,220
0.7747072391767211,0.571018915061075,0.8094976946145199,0.7747072391767211,0.732827363350955,,0.6761629996954988,0.6470766035370896,0.9576780366783304,0.9166676757876326,extra_trees,enn,mutual_information,20,0.873676181804073,8,221
0.7629968062455642,0.6685776619804487,0.8107729461221707,0.7629968062455642,0.7727148144141229,,0.6562573094143953,0.6483976262945699,0.8949418094718513,0.812490074189029,knn,random_under,extra_trees,20,0.8733438826886406,8,222
0.7740862313697658,0.5520171476015211,0.8137813917747406,0.7740862313697658,0.7482234785989168,,0.6731724195448308,0.6470595956331953,0.9457413979343954,0.920021639163796,random_forest,svm_smote,anova,20,0.873216185168512,8,223
0.756875443577005,0.6752603238665608,0.7710017808258973,0.756875443577005,0.7570742654362094,,0.6437695259251853,0.6397703007285669,,,sgd,smote,anova,20,0.8732073384678198,6,224
0.7613999290276792,0.6010455621623658,0.817870643863428,0.7613999290276792,0.7213333281889582,,0.65975116118202,0.6227588628059031,0.9568652701824012,0.924849690529053,random_forest,smote,variance,122,0.873103575469203,8,225
0.7727111426543648,0.5934637690391084,0.8176283617548618,0.7727111426543648,0.7355453146767666,,0.6740640172592062,0.6437430588922118,0.919524873189976,0.9056215186138198,gradient_boosting,class_weight,variance,122,0.8724831832957746,8,226
0.7703601845280341,0.5763339765620252,0.8039898708777773,0.7703601845280341,0.7242298018884689,,0.6709769987493355,0.6400635499834753,0.9566201211435384,0.927202063830698,random_forest,adasyn,random_forest,20,0.872177145425138,8,227
0.7734208658623137,0.5595593812746407,0.8086241930601916,0.7734208658623137,0.7367187125369131,,0.6727855124197618,0.6477842990983451,0.9551103812667258,0.918668885870256,extra_trees,borderline_smote,mutual_information,20,0.8720044429547581,8,228
0.7764815471965933,0.5869505838736864,0.8103471118093738,0.7764815471965933,0.7370960581535199,,0.6783351017274959,0.6493945350588534,0.927126979418787,0.899023212309521,gradient_boosting,tomek,mutual_information,20,0.8719483480296074,8,229
0.7701827537260468,0.5766747385122732,0.801562750570442,0.7701827537260468,0.7261120213942422,,0.6693665746023224,0.6407382780601782,0.9559979600907164,0.92437847352185,random_forest,smote_tomek,mutual_information,20,0.871888282356249,8,230
0.7566092973740242,0.7126853654795212,0.7843696001111511,0.7566092973740242,0.7661919659460413,,0.6465702064287965,0.6446743091249652,0.8887390784367121,0.7921388626689025,adaboost,random_under,extra_trees,20,0.871609908638669,8,231
0.771735273243435,0.6069850209879986,0.811446648362663,0.771735273243435,0.7409360382027236,,0.6693327446849903,0.643398104283205,0.914350828411252,0.8872191924807544,extra_trees,random_over,logistic_l1,20,0.8714882054110663,8,232
0.7672551454932577,0.5771718957575065,0.8063456978595667,0.7672551454932577,0.7255065547100423,,0.666170309007954,0.6356809170789026,0.9571581928786372,0.9259745124938308,random_forest,smote_tomek,random_forest,20,0.8713492575305051,8,233
0.8190205819730305,0.6510547416090234,0.8292037345872081,0.8190205819730305,0.8022563583582826,,0.7371185810570434,0.7229229389455161,0.796559994830017,0.714790556914259,decision_tree,svm_smote,variance,122,0.871299560881656,8,234
0.7523509581263307,0.6789321480584056,0.7712543182390146,0.7523509581263307,0.7550931524153085,,0.6385402732266305,0.634223626307989,,,sgd,random_over,anova,20,0.8712244001751848,6,235
0.7721344925479063,0.5643542953930296,0.8080661624656591,0.7721344925479063,0.7316363453344397,,0.6725457159907965,0.643391393479221,0.956810006358268,0.9197810937468732,extra_trees,class_weight,random_forest,20,0.8712158802859465,8,236
0.7704045422285308,0.5775203994795843,0.7984474719899777,0.7704045422285308,0.7232626310915271,,0.6717619410042076,0.6394005838628118,0.956962686725632,0.9249453015079384,random_forest,svm_smote,random_forest,20,0.8711697153151291,8,237
0.7694730305180979,0.5756682875497938,0.8052470332034415,0.7694730305180979,0.728080155730744,,0.6689138200054963,0.6408508117759039,0.9509999783633282,0.9196871019085574,random_forest,adasyn,mutual_information,20,0.87078898735252,8,238
0.7695173882185947,0.5922413282021537,0.8077877196899368,0.7695173882185947,0.7370551437605604,,0.6672370258347334,0.6402335905907344,0.933087532643405,0.9000192860077734,random_forest,borderline_smote,logistic_l1,20,0.8707575792310303,8,239
0.7708924769339958,0.5522940678776569,0.8140039291000591,0.7708924769339958,0.7447506980730618,,0.6701734260585901,0.6423452388813449,0.9440923738071776,0.9196088278606832,extra_trees,borderline_smote,extra_trees,20,0.8706853090436221,8,240
0.7871273953158269,0.5722001298011231,0.8046505486718719,0.7871273953158269,0.7627069475289265,,0.6891090028841496,0.671013566305289,0.8557034613214001,0.8864750284054002,gradient_boosting,enn,extra_trees,20,0.8698077331373064,8,241
0.762819375443577,0.5881106225489632,0.8020295761408438,0.762819375443577,0.7150114228153056,,0.6603825663402386,0.625046664738981,0.9649912708952932,0.9284120776835392,random_forest,tomek,random_forest,20,0.8695009079311578,8,242
0.7469393186657204,0.6422841431345587,0.8233703870789828,0.7469393186657204,0.765163586478356,,0.644991461315554,0.6376945777723773,,,sgd,borderline_smote,logistic_l1,20,0.8691584030092466,6,243
0.7726224272533712,0.5467564544525703,0.8111231494169107,0.7726224272533712,0.7446840707423189,,0.6711030956850677,0.6455977852137149,0.9436235249830324,0.9155332138907376,extra_trees,borderline_smote,anova,20,0.869135805495455,8,244
0.7685858765081618,0.5521635023016233,0.812986359555882,0.7685858765081618,0.7439074108506208,,0.6666418950909178,0.6379422791595029,0.9367711334881308,0.9225289243846446,random_forest,svm_smote,extra_trees,20,0.8690050510747754,8,245
0.7687189496096523,0.5593049662025475,0.8133990435923215,0.7687189496096523,0.7404291714065697,,0.6676599560351939,0.6370912039180378,0.9515082969498576,0.9104052685833202,extra_trees,enn,extra_trees,20,0.868673906176075,8,246
0.7762154009936125,0.5537886310777088,0.8162524529167569,0.7762154009936125,0.7473700760785537,,0.6777795177300572,0.6493888940863481,0.9251855748100464,0.9023078330307795,random_forest,random_over,extra_trees,20,0.8684005954497179,8,247
0.7651259758694109,0.6029597486345277,0.8126458863311053,0.7651259758694109,0.7124510184518102,,0.6649287957026169,0.6271322882404944,0.9515436399139916,0.9094255389223388,extra_trees,enn,variance,122,0.8683558260602602,8,248
0.7714247693399574,0.5451142892453154,0.8123833865729807,0.7714247693399574,0.7419167557130179,,0.6695381117772529,0.6418450070861481,0.9438343799331728,0.9195961258152848,random_forest,borderline_smote,anova,20,0.8682855516257122,8,249
0.7688520227111426,0.5634152698803779,0.804610141523908,0.7688520227111426,0.7264393391275837,,0.6681353014038064,0.6379473359705057,0.9527444269559148,0.9240434694906116,random_forest,svm_smote,mutual_information,20,0.8682478045930235,8,250
0.7646380411639461,0.5844150747419675,0.7911734483608013,0.7646380411639461,0.7141121888730845,,0.6631137806771376,0.6275796646732437,0.9611422840974484,0.929743776583328,random_forest,class_weight,random_forest,20,0.8681226363818593,8,251
0.7665897799858056,0.6017227129514551,0.8097446732071034,0.7665897799858056,0.7344362141432209,,0.6620725356028594,0.63907583818183,0.9167925381024784,0.8927978495683018,gradient_boosting,class_weight,logistic_l1,20,0.868019459605708,8,252
0.7531493967352733,0.6810263517722062,0.7649522991619595,0.7531493967352733,0.7441004564104051,,0.6426957299173705,0.6359749000427438,,,sgd,smote_tomek,random_forest,20,0.8679763851896165,6,253
0.7727555003548616,0.5453727084470706,0.8079311840269041,0.7727555003548616,0.7336535193333178,,0.6724312992690489,0.6440768470516708,0.9557443370187194,0.9193491314416532,extra_trees,tomek,mutual_information,20,0.8676507830452044,8,254
0.7747515968772178,0.5400027246987176,0.8100475582915545,0.7747515968772178,0.7376164015056907,,0.6752444713360737,0.6475768974392027,0.9519261177494992,0.9143101053606985,extra_trees,class_weight,mutual_information,20,0.8671799391006817,8,255
0.767388218594748,0.6109294962383359,0.8007465009511008,0.767388218594748,0.7419404971163243,,0.6596027083558966,0.648505514782426,0.9388921367012508,0.8559847278748137,logistic_regression,class_weight,logistic_l1,20,0.8671296514624891,8,256
0.7680535841022001,0.609016385470914,0.8010576864711245,0.7680535841022001,0.74452131790401,,0.6604980119724361,0.6505654760389108,0.9360586388117932,0.8540288463873655,logistic_regression,enn,logistic_l1,20,0.8671144832937581,8,257
0.7665010645848119,0.5657793480669644,0.8077055652444871,0.7665010645848119,0.7284084073322395,,0.6639823272794199,0.6348132729864459,0.9515193576531116,0.9172975069595029,extra_trees,tomek,random_forest,20,0.8669835724412007,8,258
0.7689407381121363,0.5522919829480768,0.8092114939921082,0.7689407381121363,0.7384013282570102,,0.6663875272747348,0.6398197906692179,0.9416982699671802,0.9165371213679754,extra_trees,svm_smote,anova,20,0.866825052570296,8,259
0.7670777146912704,0.5490973947673942,0.8114488467720157,0.7670777146912704,0.7402251939581442,,0.6648721799152554,0.635720275175082,0.942417926957423,0.9198797170408884,extra_trees,svm_smote,extra_trees,20,0.8666197734882883,8,260
0.7657026259758695,0.5496953128524203,0.8107094361070638,0.7657026259758695,0.7372973192870497,,0.6624656029583363,0.6328703282815309,0.9426661599138232,0.9247511884934349,random_forest,borderline_smote,extra_trees,20,0.8662649031033163,8,261
0.7668559261887864,0.6095662571289088,0.7996109694770315,0.7668559261887864,0.7414589204651042,,0.6585180103805481,0.6475647300892764,0.9384870448246936,0.8552427338837442,logistic_regression,tomek,logistic_l1,20,0.8661451293070787,8,262
0.7653034066713982,0.5791659301148258,0.7906325442324055,0.7653034066713982,0.7133775658120379,,0.6639061186686406,0.6293976599175237,0.9615157530541726,0.9244216936340204,random_forest,enn,mutual_information,20,0.8660420067891366,8,263
0.7431689141234918,0.6471232585497877,0.7952431949649525,0.7431689141234918,0.7432834182103885,,0.6322737514734343,0.6228304061561403,0.9367266266833288,0.8609162329010772,logistic_regression,random_under,mutual_information,20,0.8660408758171011,8,264
0.7602022711142654,0.5856774367546708,0.7948299450099017,0.7602022711142654,0.7112442166758282,,0.6563567711168629,0.6205528611352781,0.964037754993226,0.9258006414451212,random_forest,tomek,mutual_information,20,0.8654230171728198,8,265
0.7647711142654364,0.5720138327783008,0.8003132297713749,0.7647711142654364,0.7202791601056526,,0.6627796882822257,0.6306753067221778,0.952159764121116,0.920929147852087,random_forest,smote,random_forest,20,0.8654088786494532,8,266
0.7548793470546487,0.710110163978485,0.7963472690497517,0.7548793470546487,0.7721670916018102,,0.6484608508666645,0.6459563938927313,0.8653456446296384,0.7667974268896333,adaboost,random_under,logistic_l1,20,0.8653999381887978,8,267
0.7617104329311568,0.6087885350187204,0.8064830920555214,0.7617104329311568,0.7224256438380681,,0.6554087276530512,0.6305010354244469,0.9421932103368904,0.886225878891886,gradient_boosting,enn,logistic_l1,20,0.8651805360798486,8,268
0.7728442157558553,0.5500302348523436,0.8052725789314185,0.7728442157558553,0.7411918090630514,,0.6718990064523093,0.6442772115607075,0.9419283501575484,0.9015321712629994,extra_trees,enn,anova,20,0.865134903313032,8,269
0.7512863733144074,0.6773213992114561,0.7653344038685895,0.7512863733144074,0.7409134076580072,,0.6404630840414663,0.6330187900027775,,,sgd,smote,random_forest,20,0.8648936008343595,6,270
0.7640613910574876,0.5977844044158589,0.8103894059705127,0.7640613910574876,0.728129481931859,,0.6590961903920156,0.6301052217322365,0.9210537303750664,0.894630256896984,random_forest,random_over,logistic_l1,20,0.8646844936109432,8,271
0.7692068843151171,0.542536172114187,0.8142173403410714,0.7692068843151171,0.7418420651428818,,0.6682754733796873,0.6378509787706912,0.9403469940312978,0.911076040467822,extra_trees,class_weight,extra_trees,20,0.8646004926102344,8,272
0.7490241305890702,0.6787576258035835,0.7691985314599713,0.7490241305890702,0.7411133652372158,,0.6377383286008373,0.6300029076722402,,,sgd,random_over,random_forest,20,0.8645754712434696,6,273
0.7508871540099361,0.6760144309511664,0.7601610035153787,0.7508871540099361,0.7422278797947625,,0.6400067614823615,0.6336073999743916,,,sgd,smote_enn,random_forest,20,0.8643345470620512,6,274
0.7719127040454223,0.5446025745316755,0.7906840394359755,0.7719127040454223,0.7477805000985793,,0.662064756844227,0.647327280988629,0.9594365219696463,0.8913953538394614,logistic_regression,enn,extra_trees,20,0.8642626597840251,8,275
0.7712029808374734,0.538623184081234,0.810436316645959,0.7712029808374734,0.7410407982231313,,0.6693091763197827,0.6417089892359054,0.9373187096053388,0.9048602846362436,extra_trees,tomek,anova,20,0.8625317690061317,8,276
0.768097941802697,0.5765876664965373,0.8129946645104381,0.768097941802697,0.7309805656770888,,0.6649624582284972,0.6363265626991056,0.9325099347804692,0.886555235930394,random_forest,enn,logistic_l1,20,0.8624531363125536,8,277
0.7687189496096523,0.5745466409983686,0.8120612392877599,0.7687189496096523,0.7379594911870904,,0.665649632026566,0.6375146678231223,0.9172176354739175,0.8865766952160171,extra_trees,class_weight,logistic_l1,20,0.8623803992368609,8,278
0.7670777146912704,0.5483623052829265,0.7972778933374759,0.7670777146912704,0.7242286602568886,,0.6639263373303752,0.6367589858526134,0.9547791535223648,0.9194089321269416,extra_trees,svm_smote,mutual_information,20,0.8623436755549335,8,279
0.7658800567778566,0.5485326490703529,0.8005367812438561,0.7658800567778566,0.7243847423184533,,0.6628184907620777,0.6333143457097916,0.9558497204973244,0.919342749783316,extra_trees,random_over,random_forest,20,0.8620942595157933,8,280
0.7649485450674237,0.5865877313754664,0.8089699755685953,0.7649485450674237,0.731205966268331,,0.6599429747484169,0.6318563984783199,0.9283856809149093,0.8840817072938929,extra_trees,enn,logistic_l1,20,0.8619537251446808,8,281
0.7589602555003548,0.574572632724792,0.7909866856530507,0.7589602555003548,0.7103581977762532,,0.6540317818051836,0.6186563689689117,0.9625034661479548,0.9236627265478338,random_forest,class_weight,mutual_information,20,0.8612409540723407,8,282
0.7764815471965933,0.538959611107125,0.7838735622528786,0.7764815471965933,0.7433710816571029,,0.673053434576876,0.6531997501653296,0.9443907994134872,0.8883349720855434,gradient_boosting,class_weight,extra_trees,20,0.8608631886404748,8,283
0.7691625266146203,0.5377456802568458,0.8078925658856375,0.7691625266146203,0.7389334245185012,,0.6656606571540087,0.6385725383452714,0.9391101761082928,0.9045811576389684,extra_trees,class_weight,anova,20,0.8607699834729958,8,284
0.7678317955997161,0.673239547301114,0.7857339738562414,0.7678317955997161,0.7378478728051305,,0.6670324223941552,0.6528098638225396,0.8946577255423005,0.7926181404337266,adaboost,adasyn,random_forest,20,0.8604534882975207,8,285
0.7645936834634492,0.5390480178770771,0.8120289132524614,0.7645936834634492,0.737059944351922,,0.6619127817877952,0.63015802561544,0.9383273127820349,0.9115651385395664,extra_trees,tomek,extra_trees,20,0.8601022937917094,8,286
0.7656139105748758,0.5648724845732557,0.8108232504457953,0.7656139105748758,0.7293697652565498,,0.6616398632209185,0.6319554543441903,0.9254717324455554,0.8988424791062375,random_forest,class_weight,logistic_l1,20,0.8599265197496625,8,287
0.785486160397445,0.5397923394488763,0.803299533649388,0.785486160397445,0.7403818945820757,,0.6908039032426321,0.6667614995654025,0.8761494677927321,0.8949552378517438,gradient_boosting,class_weight,random_forest,20,0.8598785508588093,8,288
0.7647267565649397,0.5684235377607891,0.8098530362913202,0.7647267565649397,0.7336002561737958,,0.6600245483048974,0.6308629283024875,0.9217623336426416,0.8937657133135122,extra_trees,tomek,logistic_l1,20,0.8598655213997689,8,289
0.7657026259758695,0.5371994894506786,0.8099700304663218,0.7657026259758695,0.7364891467416507,,0.6630012483644254,0.6322321672381868,0.9368873392870494,0.9105271252014556,extra_trees,random_over,extra_trees,20,0.859526847027655,8,290
0.7690738112136267,0.5343513075356074,0.7879229268083223,0.7690738112136267,0.7434986915097337,,0.6581839499086473,0.6421219164371292,0.9596008884964884,0.8919804593593345,logistic_regression,tomek,extra_trees,20,0.8594133118485615,8,291
0.7553229240596168,0.6550740669689608,0.7904394057169755,0.7553229240596168,0.7573521256599186,,0.6437272960832122,0.6349452676402147,0.88674080277552,0.8061617817005314,knn,random_under,mutual_information,20,0.8585823309099286,8,292
0.7671220723917672,0.532780873033928,0.8052661072853121,0.7671220723917672,0.733013335469027,,0.6638491292553963,0.6351435224220205,0.9427123958361134,0.9102178822288908,extra_trees,random_over,anova,20,0.8585307645894262,8,293
0.7797196593328601,0.5405024593636831,0.786635718819307,0.7797196593328601,0.7459050838750096,,0.6784046914819388,0.6582541243895172,0.9340260684923668,0.869329643027004,gradient_boosting,tomek,extra_trees,20,0.8583983798140864,8,294
0.7606458481192335,0.5940208646853532,0.8056813060045128,0.7606458481192335,0.7236987345895066,,0.6536288520759359,0.629679695834714,0.90983378044573,0.8861178709051548,gradient_boosting,tomek,logistic_l1,20,0.8582258477210382,8,295
0.7664567068843151,0.5315566646844465,0.7950889790867012,0.7664567068843151,0.722018897432889,,0.663337589796259,0.6340796936506278,0.958305862176608,0.9212931718292324,extra_trees,random_over,mutual_information,20,0.8582205039773815,8,296
0.7588271823988645,0.5672497351950755,0.7832891781729915,0.7588271823988645,0.7104438647716956,,0.6548258290330174,0.6199917320766738,0.9535831666547788,0.9240112832274172,random_forest,borderline_smote,random_forest,20,0.8581743862717321,8,297
0.788236337828247,0.690025580021524,0.8209578806664032,0.788236337828247,0.7590513756395267,,0.6928611474166886,0.6740730436255601,0.8287547459360338,0.7163416654548904,knn,borderline_smote,variance,122,0.8574083291542044,8,298
0.7661462029808375,0.5293949588859341,0.7850323420039834,0.7661462029808375,0.7402367024995808,,0.6534260392438438,0.637187889868698,0.9600316394603832,0.8931542835952331,logistic_regression,class_weight,extra_trees,20,0.8561343692667813,8,299
0.7644162526614621,0.5603235088195468,0.8116100911551004,0.7644162526614621,0.7278950784022705,,0.6603220596539792,0.62946743872019,0.9296403274184007,0.8861272651784597,random_forest,tomek,logistic_l1,20,0.8557620835188777,8,300
0.7899219304471257,0.6929456288275795,0.7776692213320123,0.7899219304471257,0.7643191224731541,,0.6929326397751266,0.6807094044040957,0.828120100229768,0.7095368794556465,knn,adasyn,variance,122,0.8552209659387934,8,301
0.7575851667849539,0.5572023427270392,0.7805931698044063,0.7575851667849539,0.7071090874659998,,0.6527275154691038,0.6171984704948221,0.9584787964568132,0.9251647872425248,random_forest,random_over,random_forest,20,0.8549902283772383,8,302
0.7556777856635912,0.5698416909710766,0.7625586752444061,0.7556777856635912,0.7019436324860518,,0.6517332462411635,0.6099063047374897,0.9644759511161582,0.9291347615630892,random_forest,enn,variance,122,0.8548769417661537,8,303
0.7620652945351313,0.5573765878259231,0.7788417620444287,0.7620652945351313,0.7323938840756625,,0.6481750036577716,0.6326416137592505,0.948772284707905,0.8823738890680706,gradient_boosting,enn,anova,20,0.8543907458452444,8,304
0.7886799148332151,0.6904702076453407,0.7750845416217681,0.7886799148332151,0.7624730976872713,,0.6909215708474147,0.6780754159712878,0.8286366731061697,0.7127987203674866,knn,smote,variance,122,0.8540655815845298,8,305
0.7886355571327183,0.6904423019665351,0.7750557477146979,0.7886355571327183,0.7624328307915148,,0.6908586991542253,0.6780124220981152,0.8286034296433533,0.7125484954045578,knn,smote_tomek,variance,122,0.8539698840996679,8,306
0.7887686302342086,0.6908625746094746,0.77597111989151,0.7887686302342086,0.763242172508252,,0.6910105618323784,0.6784690378263979,0.8288404033702943,0.7101496008586742,knn,smote_enn,variance,122,0.8539638028796352,8,307
0.7535042583392477,0.5560337347575436,0.8025107201861844,0.7535042583392477,0.7020056501405884,,0.6486664021146792,0.6070150505192367,0.9604162985547636,0.927357844938244,random_forest,class_weight,variance,122,0.8537578098208874,8,308
0.7580287437899219,0.5485609444418974,0.7757778869479528,0.7580287437899219,0.7083338706137967,,0.6520678444175139,0.6209781477783978,0.960151728455326,0.9236947832258016,random_forest,borderline_smote,mutual_information,20,0.8534330788529287,8,309
0.7903655074520937,0.5499862074882966,0.7861023144102018,0.7903655074520937,0.7361897169293176,,0.6985819659467564,0.6765075557248388,0.9170023428668854,0.8337716330034604,adaboost,tomek,random_forest,20,0.8534267075130388,8,310
0.7865507452093683,0.5752041650678213,0.7204066271133418,0.7865507452093683,0.7295790901984837,,0.6919050341820995,0.6707060866970438,0.9223390713760174,0.8453924825520647,adaboost,class_weight,random_forest,20,0.8525441426670167,8,311
0.7571859474804826,0.550340868760961,0.7753473849247086,0.7571859474804826,0.7052928999024036,,0.6511802221518438,0.6165264627781797,0.9530949018524384,0.9269944471426586,random_forest,random_over,mutual_information,20,0.8521461135273483,8,312
0.7788768630234209,0.5306273461103784,0.7939558376785689,0.7788768630234209,0.7302664646984005,,0.6816726862492656,0.6552851897976553,0.8770316782787038,0.8982121797403166,gradient_boosting,tomek,random_forest,20,0.8520133232279783,8,313
0.747028034066714,0.5559913988143252,0.7994465016568654,0.747028034066714,0.6959636967286369,,0.6389480066823836,0.5963821308589857,0.967792173132209,0.9351407874113984,random_forest,tomek,variance,122,0.8513402914925046,8,314
0.7666784953867991,0.6704256644474126,0.7965657316374425,0.7666784953867991,0.7555915269983341,,0.6554913701004127,0.6448711566394589,0.8368262527066109,0.7550074281375334,knn,random_under,logistic_l1,20,0.8498431057133344,8,315
0.7832682753726047,0.6802094608149155,0.8133923615696281,0.7832682753726047,0.7537223991346267,,0.6841949750051892,0.6660313580621984,0.8252167330018775,0.7099651708149401,knn,svm_smote,variance,122,0.8491357916240785,8,316
0.7526171043293116,0.6590868371269312,0.7703320579606925,0.7526171043293116,0.7326471826974881,,0.6386468558387446,0.6301951983888582,0.902270789486516,0.792549321726842,adaboost,svm_smote,variance,122,0.8486425134920008,8,317
0.7814496096522356,0.544208514307386,0.7437252769477002,0.7814496096522356,0.7261258283241027,,0.6880237593394651,0.6619347176308938,0.9302482559997244,0.8602636229146187,adaboost,tomek,variance,122,0.8486378828018698,8,318
0.7766589779985805,0.5373462347434198,0.7959633515487218,0.7766589779985805,0.7586417454737762,,0.6710305150911,0.6581178190355175,,,sgd,enn,extra_trees,20,0.8485311529812577,6,319
0.7450319375443577,0.6638888595884993,0.7961409127057546,0.7450319375443577,0.7406093404694483,,0.6338752325763994,0.6215961822266447,0.870353898312835,0.7875822207962728,knn,random_under,random_forest,20,0.8464487401238608,8,320
0.7745741660752307,0.5360600212186951,0.7949311112190275,0.7745741660752307,0.7567223738082491,,0.6682152212661288,0.6549238385339837,,,sgd,tomek,extra_trees,20,0.84625305643373,6,321
0.7309705464868701,0.6704661524677191,0.7785607542274731,0.7309705464868701,0.7214838849114905,,0.6161892599370082,0.5892629066211869,0.9163049847091737,0.822805762970002,adaboost,smote_enn,variance,122,0.846222240688906,8,322
0.7427253371185237,0.6493821742289043,0.7475547245628733,0.7427253371185237,0.7278203181343367,,0.6272663045052896,0.620317390365257,,,sgd,borderline_smote,random_forest,20,0.8461871693748286,6,323
0.7393097941802697,0.6306517618425153,0.7873108702414866,0.7393097941802697,0.7311389003692221,,0.6238027753663244,0.6094759590051277,0.9158848450825484,0.8231873026894727,logistic_regression,random_under,random_forest,20,0.8455823506635138,8,324
0.756875443577005,0.5416730890409001,0.7700977100107539,0.756875443577005,0.7249235000166212,,0.6402107460790936,0.6242191381464212,0.9435599328443628,0.8803456777461718,gradient_boosting,tomek,anova,20,0.844799649406674,8,325
0.765569552874379,0.5604438470283754,0.7953375631147173,0.765569552874379,0.7448550298324408,,0.6602393792086381,0.6463390040863987,,,sgd,enn,mutual_information,20,0.8446743852108711,6,326
0.7907203690560681,0.6387192970126545,0.7982786671193063,0.7907203690560681,0.7765162754688126,,0.6916628160802734,0.6833170528640586,0.7966383673269316,0.7019923303225267,knn,adasyn,logistic_l1,20,0.8439449990949892,8,327
0.759403832505323,0.5576209895225983,0.7912089046090043,0.759403832505323,0.7317214263331695,,0.6504309029124494,0.622048532635981,0.91120485617395,0.8564863237154602,gradient_boosting,smote_tomek,chi2,20,0.8437447981999519,8,328
0.7451650106458482,0.5468944217807363,0.7889780746073123,0.7451650106458482,0.6934298855249483,,0.6363323790450367,0.5934075857828086,0.9570816423930796,0.9257501880883324,random_forest,random_over,variance,122,0.8436996488790451,8,329
0.7808286018452804,0.5310644955693242,0.7300011683283743,0.7808286018452804,0.7239622074665,,0.6857753203710212,0.6572620658533709,0.927188970593851,0.8595361464408572,adaboost,class_weight,variance,122,0.8427561119861088,8,330
0.7285308729595458,0.6532779415276987,0.7554617218994713,0.7285308729595458,0.7303366812936225,,0.6147697685205652,0.6082844192144137,,,sgd,svm_smote,anova,20,0.8423655813462965,6,331
0.7158445706174592,0.6618807345872699,0.7971996280159106,0.7158445706174592,0.7490067923719332,,0.6029431934019744,0.5949997883111422,0.8736443034342869,0.8071744246374639,naive_bayes,svm_smote,mutual_information,20,0.8417739398761441,8,332
0.7116749467707594,0.6594671208283336,0.7835179190643174,0.7116749467707594,0.7371376926654454,,0.5983728698287043,0.5920415245914026,,,sgd,random_under,extra_trees,20,0.8413448102447055,6,333
0.7652146912704045,0.5556145045529861,0.7927717775273542,0.7652146912704045,0.7398249323872133,,0.6585271578660054,0.6441834631449379,,,sgd,tomek,mutual_information,20,0.8409757907230766,6,334
0.8004347054648687,0.605659986107886,0.7991336469765211,0.8004347054648687,0.7895463027426638,,0.7071209637454741,0.6976136422897778,0.7723296393871971,0.6946889521972894,decision_tree,enn,extra_trees,20,0.8403458126725528,8,335
0.7823367636621718,0.6307056606001263,0.7993737632603477,0.7823367636621718,0.7656538965988448,,0.6806268874044378,0.6670628472650313,0.8047357254426469,0.7180072572227533,knn,smote,logistic_l1,20,0.839554388464364,8,336
0.7823811213626686,0.6307882710916588,0.7994235165284524,0.7823811213626686,0.7657069773635874,,0.6806968750588412,0.6671453025653402,0.8043770931846568,0.7168098917885111,knn,smote_tomek,logistic_l1,20,0.8393180857340122,8,337
0.7546132008516678,0.5549800795700659,0.7860343922231516,0.7546132008516678,0.7271672128902688,,0.6427115736750079,0.6148827438008864,0.9119426523852908,0.8530872466354898,gradient_boosting,smote,chi2,20,0.8387123902520748,8,338
0.7542583392476934,0.5539586422299085,0.783012959868768,0.7542583392476934,0.7281064565831715,,0.6417657964624798,0.6145175784893073,0.9117722507786804,0.8529311915135316,gradient_boosting,smote_enn,chi2,20,0.8382725258460046,8,339
0.7536373314407381,0.5168234406073611,0.7681747766845414,0.7536373314407381,0.7296659531159779,,0.6322252842299161,0.61962985599165,0.9471382979329948,0.8738783236955605,logistic_regression,enn,anova,20,0.8380798368138093,8,340
0.7584279630943932,0.5153157354035617,0.7795293082823173,0.7584279630943932,0.7287717387265852,,0.6428735607388082,0.6260038032308338,0.9265147575429804,0.8690405848083644,gradient_boosting,class_weight,anova,20,0.8372769387925805,8,341
0.7858410220014195,0.63189720084149,0.821544518446584,0.7858410220014195,0.7691605289128542,,0.6882481922867831,0.6737077828593001,0.7883310980029166,0.6924530435790015,knn,smote_enn,extra_trees,20,0.8372249686193032,8,342
0.7673438608942512,0.5276224916536754,0.7893466142347043,0.7673438608942512,0.7471956610711707,,0.657675129967815,0.6421092112916013,,,sgd,class_weight,extra_trees,20,0.8358444905118261,6,343
0.7522178850248403,0.5132808850345169,0.7684335870523031,0.7522178850248403,0.7263335620031464,,0.6303829015440795,0.6166168236629723,0.9474856160336832,0.8743062784114425,logistic_regression,tomek,anova,20,0.8358438240713975,8,344
0.7456085876508162,0.5888338857248356,0.7702908590270084,0.7456085876508162,0.7431116459716599,,0.6258959345487385,0.6156583828356228,0.8935298017390616,0.8122603625692849,gradient_boosting,random_under,chi2,20,0.835746179267494,8,345
0.799458836053939,0.6074105062744412,0.8131148802326364,0.799458836053939,0.7744637002782387,,0.7074899757253875,0.6937277055696041,0.7725097098015613,0.687287340018166,decision_tree,smote_enn,anova,20,0.8357379206021591,8,346
0.7566980127750177,0.5518010291011605,0.8027666173931007,0.7566980127750177,0.7353025081479938,,0.6490657996916162,0.6352861891481111,,,sgd,class_weight,logistic_l1,20,0.835372031589249,6,347
0.7927608232789212,0.6187893828604715,0.8184447879359192,0.7927608232789212,0.774757592434238,,0.696966316507946,0.6814376258749371,0.7772566378463873,0.6840617491081664,decision_tree,smote,logistic_l1,20,0.8353510442247734,8,348
0.7798527324343506,0.6677141279193097,0.7594715676685048,0.7798527324343506,0.7499217528239518,,0.6772946440748372,0.663444823316527,0.8176435065594923,0.695148087748043,knn,random_over,variance,122,0.8352931073767593,8,349
0.7583836053938964,0.5527467346319137,0.792220574431946,0.7583836053938964,0.7336436529897925,,0.6502034123468198,0.6343780827543793,,,sgd,class_weight,mutual_information,20,0.8343298488803004,6,350
0.7238289567068843,0.6339994273914343,0.7509552299043393,0.7238289567068843,0.7331413809604699,,0.597543632498871,0.5945781367469348,,,sgd,smote_tomek,chi2,20,0.8339421735562398,6,351
0.7810503903477644,0.6323657713216307,0.7999290608887044,0.7810503903477644,0.7651282219087854,,0.6793854983940548,0.6665052316937113,0.7983770651924305,0.6947071185873996,knn,smote_enn,logistic_l1,20,0.8337472144349133,8,352
0.7236071682044003,0.6338057438532215,0.7505136387949993,0.7236071682044003,0.7327648338723987,,0.5971514960607548,0.5941674284664644,,,sgd,smote,chi2,20,0.8335795214439619,6,353
0.7618878637331441,0.5610813408968498,0.728169539320946,0.7618878637331441,0.705024133748356,,0.6513473715837462,0.6262364740222393,0.931847912128263,0.8481082350128218,adaboost,enn,mutual_information,20,0.8334043861216909,8,354
0.7322125621007807,0.6736171128022836,0.7512659117475358,0.7322125621007807,0.7254745470768555,,0.6095458554102832,0.5988325306017097,0.8936481890573595,0.7709877251495516,adaboost,svm_smote,extra_trees,20,0.8333967019823125,8,355
0.7818044712562101,0.6535774588201589,0.8161080281130475,0.7818044712562101,0.7603260265954314,,0.6824359772801981,0.6664258123317046,0.7933971502815016,0.671746826157794,decision_tree,svm_smote,logistic_l1,20,0.8333173089867634,8,356
0.7838449254790631,0.6216690340860126,0.8167801763551974,0.7838449254790631,0.7672726418501513,,0.6847615976690247,0.6705626709641423,0.7860256349435404,0.6942497480105686,knn,smote_enn,anova,20,0.8332844982713056,8,357
0.7051543647977289,0.6795373611754598,0.7939639219245779,0.7051543647977289,0.745084226166933,,0.5979138191593713,0.5907458274213595,0.8748126439346589,0.7706192062138927,naive_bayes,smote_enn,random_forest,20,0.8332148182069887,8,358
0.7849095102909865,0.6168923717130518,0.8171553709470878,0.7849095102909865,0.767572469691741,,0.6863560201680705,0.6722819666936819,0.7844941775640134,0.6949269244140607,knn,adasyn,anova,20,0.8328247986584478,8,359
0.7867281760113556,0.6295504510636702,0.8141045634465431,0.7867281760113556,0.7698054532722025,,0.68889365574569,0.6734235537938336,0.7813615417223846,0.6771002874348804,decision_tree,smote_enn,logistic_l1,20,0.8323798669117347,8,360
0.7539478353442157,0.5554183017205132,0.7990734756971445,0.7539478353442157,0.7297555359067062,,0.6437232044060052,0.6286864106913457,,,sgd,tomek,logistic_l1,20,0.8322036023310063,6,361
0.7824698367636622,0.6255566522319487,0.8187280494856822,0.7824698367636622,0.7645310230324937,,0.6831902925905705,0.6677538447091138,0.7863363464446836,0.6905643110017069,knn,smote,extra_trees,20,0.8321295938687099,8,362
0.7824698367636622,0.6255566522319487,0.8187280494856822,0.7824698367636622,0.7645310230324937,,0.6831902925905705,0.6677538447091138,0.786253268647305,0.6903543052634258,knn,smote_tomek,extra_trees,20,0.8320756929101791,8,363
0.783179559971611,0.6201290762885396,0.8163022300150574,0.783179559971611,0.7661841304113925,,0.6837666750392751,0.669295079070476,0.7849658893075032,0.6930952313710519,knn,smote,anova,20,0.8319259532270032,8,364
0.783179559971611,0.6201290762885396,0.8163022300150574,0.783179559971611,0.7661841304113925,,0.6837666750392751,0.669295079070476,0.7849453535648173,0.6930423180441562,knn,smote_tomek,anova,20,0.8319124163834384,8,365
0.7057310149041873,0.6686537984731494,0.8026916768089747,0.7057310149041873,0.7497766353476901,,0.5995494469701569,0.5911224588253534,0.8733199855189306,0.7655914755946075,naive_bayes,enn,random_forest,20,0.831847728284275,8,366
0.7927164655784245,0.598576854371507,0.79132789898953,0.7927164655784245,0.7803122875470335,,0.6973112531472552,0.6881598643316287,0.7689177347924672,0.6906238096973703,decision_tree,tomek,extra_trees,20,0.8312020850145657,8,367
0.7935149041873669,0.6163880055906993,0.8281835678732152,0.7935149041873669,0.7573585866264723,,0.7040843920591361,0.6816861083533095,0.775083419864116,0.6840489715403266,decision_tree,borderline_smote,variance,122,0.8311079564834118,8,368
0.7020493257629524,0.6781299958676491,0.7916604578045474,0.7020493257629524,0.7422440589199047,,0.5940353762652287,0.5867934064912081,0.8736018213658309,0.769578639395171,naive_bayes,smote_tomek,random_forest,20,0.8302838678793552,8,369
0.7016501064584811,0.6779592600107613,0.7914109321751716,0.7016501064584811,0.7418961299859084,,0.5935598798525469,0.5863027914205654,0.8735470143965595,0.7694745948265123,naive_bayes,smote,random_forest,20,0.8299376199853861,8,370
0.6895848119233499,0.6447197578306896,0.7707836463585523,0.6895848119233499,0.688864998483617,,0.5634397213651906,0.5462942691003891,0.9464384771286128,0.8754190835449787,logistic_regression,random_under,variance,122,0.829515846529367,8,371
0.745874733853797,0.5077184873949578,0.7640431073935204,0.745874733853797,0.7187184271604817,,0.6207656297642127,0.6061335378288335,0.9478117422010592,0.8750500311705577,logistic_regression,class_weight,anova,20,0.829463535440002,8,372
0.7298172462739532,0.6445436509051807,0.7718470988786998,0.7298172462739532,0.7373323563333497,,0.6057598705420041,0.5986421970533398,0.8627028559461953,0.7777432631936454,knn,random_under,anova,20,0.829395628138772,8,373
0.7823367636621718,0.6161756075329886,0.8177374668230722,0.7823367636621718,0.7643944147206403,,0.6828123004575234,0.6676010539264017,0.7819791978095235,0.6902336281988551,knn,adasyn,extra_trees,20,0.8293557996508082,8,374
0.7857966643009227,0.6135915962581108,0.8124308478937489,0.7857966643009227,0.7646507910069015,,0.6860114556473641,0.6720476628466194,0.7800508866935767,0.687402414573142,knn,smote_enn,mutual_information,20,0.8290282467087094,8,375
0.7194819020581973,0.6235046496962795,0.7521920340341105,0.7194819020581973,0.7316196984716281,,0.5930573203813613,0.5899279315338497,,,sgd,random_over,chi2,20,0.8285652532303956,6,376
0.7850425833924769,0.6115062870600093,0.812008294648383,0.7850425833924769,0.7632381212938799,,0.6849608336290277,0.6701672877122604,0.7801387490579892,0.6897311716701916,knn,smote,mutual_information,20,0.828243465982863,8,377
0.7850425833924769,0.6115062870600093,0.8120219602061124,0.7850425833924769,0.7632461998149674,,0.6849660327224506,0.670179272751618,0.7800284765564042,0.6894419223703091,knn,smote_tomek,mutual_information,20,0.8281744554842406,8,378
0.7530163236337828,0.5427083916175431,0.7951834367396734,0.7530163236337828,0.7299880437445158,,0.6410584499602033,0.628403000209092,,,sgd,enn,logistic_l1,20,0.8280263415315611,6,379
0.7891678495386799,0.6074709055859093,0.8145407813760154,0.7891678495386799,0.7694480381728461,,0.6923633765345253,0.6765529574387967,0.7708615637056195,0.6789194318135672,decision_tree,adasyn,logistic_l1,20,0.8277777598867678,8,380
0.7915631653655074,0.5911657994212509,0.7910792341562927,0.7915631653655074,0.7781369584753604,,0.6955909386886047,0.6859438223297417,0.7644803304028243,0.6879378509466665,decision_tree,class_weight,extra_trees,20,0.8273561292330359,8,381
0.7862845990063875,0.6178124641062008,0.8007464868288008,0.7862845990063875,0.754653066058167,,0.6884455063051502,0.6720096492106749,0.784894457372847,0.6858026593166273,knn,smote_enn,random_forest,20,0.8265717741804397,8,382
0.7810503903477644,0.6098985072034149,0.7984758541812986,0.7810503903477644,0.7600418415976764,,0.677160330762502,0.6653855089831711,0.7861229635963236,0.6977048456412546,knn,svm_smote,logistic_l1,20,0.8265336336676486,8,383
0.7291075230660042,0.6452341827120609,0.7872962496991202,0.7291075230660042,0.7294971356277855,,0.6109894634204861,0.5987284646553674,0.8543820159036549,0.771796316699616,knn,random_under,variance,122,0.8265036154231169,8,384
0.7893896380411639,0.5829901417500717,0.8251988091699894,0.7893896380411639,0.7742864732431219,,0.6937900497674704,0.6812996171578691,0.7593097991233148,0.6905324422364751,decision_tree,svm_smote,extra_trees,20,0.8265004990464764,8,385
0.7093683463449255,0.6672873579221854,0.7834523464918076,0.7093683463449255,0.6949992725751137,,0.6013587592099913,0.5740409132057309,0.9054080421965714,0.8059175765707256,adaboost,smote_enn,random_forest,20,0.8264900483446761,8,386
0.7864620298083748,0.6012248661459008,0.8125424527581753,0.7864620298083748,0.7641774026162591,,0.6869200589371003,0.6722812754788363,0.7744938598545803,0.688120037984844,knn,adasyn,mutual_information,20,0.8259697554198621,8,387
0.7501330731014905,0.5467255743464665,0.7798184243351123,0.7501330731014905,0.7249187251338645,,0.6343217766117161,0.609741779460322,0.9051718138117788,0.8136748282051534,gradient_boosting,borderline_smote,chi2,20,0.8248010656104623,8,388
0.742680979418027,0.5420391734561776,0.7782524308334358,0.742680979418027,0.7166601685094454,,0.6250695309586594,0.5961859123088471,0.9052651294958456,0.846160023401452,gradient_boosting,random_over,chi2,20,0.8247611199327892,8,389
0.7229418026969482,0.5916086117614264,0.7480070942090115,0.7229418026969482,0.7104895581969749,,0.592541421160731,0.5739708337544919,0.9156581070578748,0.847211591986,random_forest,random_under,chi2,20,0.8245496066695811,8,390
0.779542228530873,0.6077216256310689,0.795517830179201,0.779542228530873,0.7578967434979906,,0.6749084270321413,0.6629984137954991,0.7869554407608597,0.6969741950864482,knn,borderline_smote,logistic_l1,20,0.8244721128888345,8,391
0.7863289567068843,0.6089448501754248,0.8147116804280746,0.7863289567068843,0.7639180239617073,,0.6881912370871295,0.6706652097396082,0.7726683337720881,0.6742100642207296,decision_tree,smote_tomek,logistic_l1,20,0.8243902904893001,8,392
0.7545244854506742,0.5378076762258581,0.7813672849050252,0.7545244854506742,0.7238018925334743,,0.6430912648246776,0.627545616904966,,,sgd,tomek,random_forest,20,0.8234767200998868,6,393
0.6997870830376153,0.6564165780142213,0.7937211040594407,0.6997870830376153,0.7421309959991043,,0.5893022699744481,0.5808423858137342,0.8710309309757189,0.7660896032042407,naive_bayes,tomek,random_forest,20,0.8233829993240028,8,394
0.7299946770759403,0.6645839150082168,0.7586752878756982,0.7299946770759403,0.7192741870676934,,0.6075274771179907,0.6014501713109595,0.8799833384002242,0.7449740210427397,adaboost,borderline_smote,extra_trees,20,0.8231130478495988,8,395
0.7172196593328601,0.6282233047753801,0.7390048100844592,0.7172196593328601,0.7208683703970913,,0.5856565086043153,0.5811531678811503,,,sgd,smote_enn,chi2,20,0.8227514660132584,6,396
0.7881032647267565,0.6029840961180799,0.7981425385130312,0.7881032647267565,0.7663055282249207,,0.6874072992122502,0.6771954312024999,0.7684668003260182,0.6718320145467456,decision_tree,smote_enn,extra_trees,20,0.8224938165612153,8,397
0.6986781405251952,0.6548505719404187,0.7915996389680812,0.6986781405251952,0.7405051480262798,,0.5873209001598398,0.5789521853798224,0.8706997170589487,0.7665626641615803,naive_bayes,class_weight,random_forest,20,0.8219609873801579,8,398
0.7824254790631654,0.6153392395475986,0.8230891577029892,0.7824254790631654,0.7546187657805613,,0.6854097101745599,0.6651906146507607,0.7732011883273783,0.6709158130347213,decision_tree,enn,variance,122,0.8217370044662871,8,399
0.7816713981547196,0.5928166184051676,0.8161392199854337,0.7816713981547196,0.7635160766293824,,0.681840919644432,0.6663328157555659,0.7689836325855017,0.6878970230480557,knn,random_over,extra_trees,20,0.8216304643959921,8,400
0.6914034776437189,0.6422639937762986,0.7927102117534514,0.6914034776437189,0.7298195423825667,,0.5779496110836065,0.5665343686532385,0.8892635507813169,0.794871420512498,naive_bayes,smote_enn,mutual_information,20,0.8211528955525942,8,401
0.7441447835344216,0.5156364023997202,0.7476570143339144,0.7441447835344216,0.6957234058396337,,0.6234977909848874,0.608481860800768,0.9509095318358636,0.8625367848661923,logistic_regression,enn,random_forest,20,0.821105322056816,8,402
0.7786550745209369,0.5954623745457635,0.8183375272439187,0.7786550745209369,0.7582296976304438,,0.678238482550244,0.6627301807687556,0.7743313183789152,0.6908099199590585,knn,svm_smote,extra_trees,20,0.8209778681088771,8,403
0.7446770759403832,0.5389662124109644,0.7596097695469477,0.7446770759403832,0.7179752038945103,,0.6252154877544353,0.6021350375948251,0.910570495615324,0.828981190597167,gradient_boosting,svm_smote,chi2,20,0.82092360592106,8,404
0.7795865862313698,0.5891705926192404,0.8062896894520106,0.7795865862313698,0.7588580440153397,,0.676943756858724,0.6622830270344007,0.7707696890627335,0.7020169804995878,knn,random_over,logistic_l1,20,0.8208734791065352,8,405
0.6911816891412349,0.6418895687788082,0.7914009013139677,0.6911816891412349,0.7291211843843683,,0.5771795989348534,0.5658921202117995,0.8887173909902619,0.7938246283241545,naive_bayes,smote_tomek,mutual_information,20,0.8203494577753488,8,406
0.6911816891412349,0.6418895687788082,0.7912321426787297,0.6911816891412349,0.7290787767858403,,0.5771286937629938,0.5658634062490484,0.8886926642238405,0.7937772158242103,naive_bayes,smote,mutual_information,20,0.8203067682569869,8,407
0.7540365507452094,0.5333316224629143,0.7767930098302773,0.7540365507452094,0.7195236032335184,,0.6418703224838934,0.6263449133474057,,,sgd,enn,random_forest,20,0.8199876698571681,6,408
0.7332771469127041,0.656731190676531,0.7724422918121542,0.7332771469127041,0.7404633147265302,,0.617416410145419,0.613399809810615,0.8498766911726893,0.7092457367557078,adaboost,smote_tomek,logistic_l1,20,0.8195947142090205,8,409
0.7428584102200142,0.6945702044212165,0.7861158524615651,0.7428584102200142,0.7542139843673094,,0.6291100234966054,0.6219224149817973,0.8098629844537832,0.6503247363875412,decision_tree,random_under,random_forest,20,0.8193252173071736,8,410
0.7853530872959545,0.5825092274824604,0.7911638422004593,0.7853530872959545,0.7753305240839488,,0.68555212230915,0.6764022824761834,0.7593873366623382,0.6780373418073011,decision_tree,class_weight,anova,20,0.819259361029117,8,411
0.7332771469127041,0.656731190676531,0.7724422918121542,0.7332771469127041,0.7404633147265302,,0.617416410145419,0.613399809810615,0.8487411123497844,0.7076713083738544,adaboost,smote,logistic_l1,20,0.8191335897635336,8,412
0.7844659332860184,0.587997287934103,0.789134335033136,0.7844659332860184,0.773978710774376,,0.6837029176316125,0.6740654830938362,0.7617182448314044,0.6754002145357837,decision_tree,tomek,anova,20,0.8190945351118153,8,413
0.7423261178140526,0.512799554266952,0.7417914289702379,0.7423261178140526,0.6925713669364109,,0.6206727454167735,0.6053528100138275,0.9516413100724128,0.8636751053027396,logistic_regression,tomek,random_forest,20,0.8185854831378193,8,414
0.7905872959545777,0.5817848644370212,0.7886293157300713,0.7905872959545777,0.7648466874970142,,0.693123594753685,0.6815841434059906,0.7594876326498907,0.6771021062698631,decision_tree,svm_smote,anova,20,0.8179506528364069,8,415
0.7791873669268985,0.6073628086245516,0.7981437515027274,0.7791873669268985,0.7448215031101341,,0.6784021264950584,0.6597432969109027,0.7802432147869374,0.6867274559027453,knn,svm_smote,random_forest,20,0.8177772956960437,8,416
0.7406848828956707,0.512186461221057,0.7424238059805572,0.7406848828956707,0.6912288236348337,,0.6182785399054697,0.6026106510898861,0.951776704463043,0.8639678039716742,logistic_regression,class_weight,random_forest,20,0.8174640508678499,8,417
0.7782558552164656,0.5878237953987855,0.8137844070540172,0.7782558552164656,0.7573563158069129,,0.6767645675352406,0.6624110840893092,0.7692897644721433,0.6874779344686542,knn,svm_smote,anova,20,0.817258173218441,8,418
0.7226312987934705,0.5867211472840224,0.7393825368620599,0.7226312987934705,0.7259078219075543,,0.597429337407137,0.5947985738532835,,,sgd,adasyn,chi2,20,0.8170196693308519,6,419
0.7766146202980837,0.6093211502049406,0.7925727628290397,0.7766146202980837,0.7434186522640371,,0.6744602839872862,0.6561490041706184,0.784241545053104,0.6862678644127949,knn,smote,random_forest,20,0.8165512126095781,8,420
0.7376685592618879,0.5375985828446926,0.768804592447041,0.7376685592618879,0.7109075953341893,,0.6163925575106773,0.5888319975568226,0.91195860894988,0.8302275715721489,gradient_boosting,adasyn,chi2,20,0.8165475322212488,8,421
0.7351845280340668,0.61935315389301,0.761681869999374,0.7351845280340668,0.7235889226936324,,0.6089407592316298,0.5959665751756396,0.8791939434157301,0.750261917617155,logistic_regression,smote_enn,chi2,20,0.8165168435848279,8,422
0.7766146202980837,0.6093211502049406,0.7925684651181353,0.7766146202980837,0.7434239477809855,,0.6744601176950463,0.6561717784106273,0.7840821458246386,0.6858160131029885,knn,smote_tomek,random_forest,20,0.8164410470101063,8,423
0.7342530163236338,0.6164605147680228,0.7588449044244544,0.7342530163236338,0.7233682868340838,,0.6074729655393712,0.5950665744415793,0.8810314650951672,0.7548455453714414,logistic_regression,smote,chi2,20,0.8163918695873744,8,424
0.7871273953158269,0.5933495238569357,0.7797439336671659,0.7871273953158269,0.7624259157661097,,0.6886971714780037,0.6732165310112304,0.7631343645290514,0.6716204773241891,decision_tree,svm_smote,mutual_information,20,0.8163375445591945,8,425
0.7340312278211497,0.616264756157076,0.7594904587992195,0.7340312278211497,0.7231503973392058,,0.6071779819766023,0.5946146580193784,0.8802320526974861,0.7537682723659853,logistic_regression,smote_tomek,chi2,20,0.8159190763814594,8,426
0.7895670688431512,0.5939385785362878,0.797972262792847,0.7895670688431512,0.7519585142549516,,0.6939902764191324,0.6740198636812073,0.763261227801671,0.670102651126693,decision_tree,smote_enn,mutual_information,20,0.8158077415517884,8,427
0.7767476933995742,0.6078808566681743,0.7965565196378791,0.7767476933995742,0.7414100073412085,,0.6750387209453453,0.6549324500576748,0.7834060765895241,0.6852573712248824,knn,borderline_smote,random_forest,20,0.815656378157519,8,428
0.7212562100780695,0.6083481544864477,0.7295069549749078,0.7212562100780695,0.7112817198014606,,0.5944374601700191,0.5880966063915009,,,sgd,random_under,random_forest,20,0.8155001854139275,6,429
0.7737313697657914,0.5892626289980085,0.8148254223109971,0.7737313697657914,0.7515453429335595,,0.6707337608201096,0.6540247074140819,0.781811018398255,0.6882647535530276,knn,borderline_smote,extra_trees,20,0.8154762233565628,8,430
0.7283534421575586,0.6356934505425844,0.7443137273831678,0.7283534421575586,0.7206599840346771,,0.6056990813794314,0.6001022949659529,0.876004663237579,0.7455514967625763,logistic_regression,borderline_smote,chi2,20,0.8149713623984077,8,431
0.7747072391767211,0.5833813179726156,0.8124329867717458,0.7747072391767211,0.7529442182618288,,0.6716030232710757,0.6558814749293158,0.7785157042430453,0.6886351491986956,knn,borderline_smote,anova,20,0.8145458699981041,8,432
0.7492015613910575,0.5303612778743092,0.7730186045895969,0.7492015613910575,0.713159803912932,,0.6354795522201084,0.6186901312292018,,,sgd,class_weight,random_forest,20,0.8138837696685574,6,433
0.7717796309439319,0.5737810423475508,0.8039254683643565,0.7717796309439319,0.7483911960356079,,0.6663314386094952,0.6469510960483034,0.7873984670597477,0.7084721954418631,knn,class_weight,logistic_l1,20,0.8138513942042869,8,434
0.7817601135557133,0.5777687291192091,0.8087976021467425,0.7817601135557133,0.7567866841215802,,0.6802174903669005,0.6647857200132576,0.7605331023590157,0.6828784454917705,knn,random_over,mutual_information,20,0.8137536545261227,8,435
0.6898953158268275,0.6369556088222632,0.7928199526959867,0.6898953158268275,0.7348017077481295,,0.579271527397797,0.5685040285333132,0.8552592457884269,0.7774512348533712,naive_bayes,adasyn,random_forest,20,0.8136546927439728,8,436
0.7720901348474095,0.5743002822998353,0.804055854097842,0.7720901348474095,0.7488441752377446,,0.6667835246575349,0.6475689508094846,0.7883469751352912,0.7049473282383523,knn,tomek,logistic_l1,20,0.8136084539732825,8,437
0.7773243435060326,0.5827440751292486,0.8112642829250024,0.7773243435060326,0.7563030676493413,,0.6752594805691191,0.6594483047659816,0.7639832884358695,0.6830921680757199,knn,random_over,anova,20,0.813524904242853,8,438
0.7695617459190915,0.5939080390853373,0.7950903936574798,0.7695617459190915,0.7306275810391588,,0.6639722291378785,0.6411637818183895,0.8193157954532859,0.701301883171359,knn,class_weight,variance,122,0.8134758110998477,8,439
0.678805890702626,0.6606824006735941,0.8021051356344605,0.678805890702626,0.725267883069881,,0.5754142269317819,0.5624515707001874,0.8751162520852231,0.7651148439977511,naive_bayes,smote,extra_trees,20,0.812979491672461,8,440
0.6787615330021292,0.6606194680115424,0.8020740065080747,0.6787615330021292,0.7252270714350408,,0.5753613869794377,0.5623947932244467,0.8751130205107985,0.7651182666690156,naive_bayes,smote_tomek,extra_trees,20,0.8129338292697247,8,441
0.6786284599006388,0.6605357509751254,0.8020336338125914,0.6786284599006388,0.7251100207893747,,0.5752097013420158,0.5622302217643962,0.8751723216634906,0.7655564471168316,naive_bayes,smote_enn,extra_trees,20,0.8129252581437001,8,442
0.7800301632363378,0.5937168096593721,0.7986135749313475,0.7800301632363378,0.7563707069268064,,0.6773364097620354,0.6669914875726045,0.7636663108030006,0.6656898601518545,decision_tree,smote_tomek,anova,20,0.8126609570976394,8,443
0.7714691270404542,0.5886696359530826,0.8115991630810985,0.7714691270404542,0.7464573443951514,,0.6672571777034132,0.6493278015538866,0.7897628060047939,0.6818026294619802,knn,enn,extra_trees,20,0.8120550408764047,8,444
0.778832505322924,0.5882443670088308,0.7934950335694305,0.778832505322924,0.7456797682652379,,0.6775676645828577,0.6598153960372448,0.7721046211796018,0.6847287108955218,knn,adasyn,random_forest,20,0.8120082700936055,8,445
0.7809616749467707,0.5977639605845196,0.7941018445953325,0.7809616749467707,0.7499829114450447,,0.6826595425586176,0.6646112463628673,0.7647798756939803,0.6648102185367943,decision_tree,borderline_smote,random_forest,20,0.8113588185294573,8,446
0.774041873669269,0.5912842814147291,0.8072755836287726,0.774041873669269,0.7494497595474284,,0.669732495321811,0.6507290142329818,0.7792063736197663,0.6723390926467787,knn,enn,logistic_l1,20,0.8107021784146116,8,447
0.7375354861603974,0.5901390232958664,0.7429026633123555,0.7375354861603974,0.7294111603056772,,0.6137555101537289,0.6091060698699762,0.8817026357246848,0.741961814401052,logistic_regression,svm_smote,chi2,20,0.8106867672983233,8,448
0.7790099361249113,0.5930304921327865,0.7950240903036977,0.7790099361249113,0.756645867373021,,0.6744909963471516,0.6635924161146057,0.7623384686042666,0.6618110542285243,decision_tree,smote,extra_trees,20,0.8106116080538115,8,449
0.7705819730305181,0.5748284072657477,0.809399991836993,0.7705819730305181,0.7457669578495673,,0.6657844235950999,0.6475981429570135,0.7940641093503734,0.6905235572220358,knn,tomek,extra_trees,20,0.8105541058247757,8,450
0.7840223562810504,0.5710556192595961,0.8080561882442052,0.7840223562810504,0.7625469744743395,,0.6839702725509504,0.6671959874254858,0.7515188838692082,0.6678248244914663,decision_tree,adasyn,extra_trees,20,0.8104449062265622,8,451
0.7773243435060326,0.5744511433982541,0.8074317094540864,0.7773243435060326,0.7493600850115129,,0.6741539581897019,0.6592115540435457,0.7637536230717894,0.6852100208755494,knn,svm_smote,mutual_information,20,0.8099381380977968,8,452
0.725026614620298,0.6165234645942954,0.7342541056419281,0.725026614620298,0.7173039104652197,,0.5966150382864479,0.5916763139717465,0.8824895101506283,0.7548697812399695,logistic_regression,adasyn,chi2,20,0.8098181324124214,8,453
0.7268452803406671,0.606358656683563,0.7567374384954916,0.7268452803406671,0.717742475048843,,0.5980425457099985,0.5859627972535593,0.8795374000461251,0.7549353447382132,logistic_regression,random_over,chi2,20,0.8092850554845216,8,454
0.7703601845280341,0.5657049806003138,0.8089714292322241,0.7703601845280341,0.7454484955841353,,0.6654398561654304,0.6472179435677057,0.79401674185482,0.6927841001866974,knn,class_weight,extra_trees,20,0.8088189229237646,8,455
0.7851756564939674,0.5623819059893411,0.7920963849143539,0.7851756564939674,0.7615482557042716,,0.6848374074249282,0.6720331175905905,0.7486659667757426,0.6742042527723306,decision_tree,borderline_smote,anova,20,0.8087651841358537,8,456
0.7652146912704045,0.6469282064882487,0.8104069660753925,0.7652146912704045,0.7255873011926144,,0.6599783793156895,0.6373150717950884,0.786363026776947,0.6476873447454575,decision_tree,enn,random_forest,20,0.8083519356594528,8,457
0.7695617459190915,0.5968652080333973,0.7951016590373521,0.7695617459190915,0.7306459774648952,,0.6639777144826029,0.6411796022256973,0.807612832588366,0.6802688178003781,knn,tomek,variance,122,0.8083515768130707,8,458
0.7181068133427964,0.5625876666574152,0.7327810789711204,0.7181068133427964,0.7033528535237596,,0.5848814431048597,0.5706757201661012,0.9091295808371648,0.8271399883599749,extra_trees,random_under,chi2,20,0.808273816415634,8,459
0.7779897090134847,0.594883156513213,0.7870810006920881,0.7779897090134847,0.7527718140447041,,0.6731573207847192,0.6623560491453506,0.7633818221222418,0.65824520844348,decision_tree,smote,anova,20,0.808204531051014,8,460
0.6798704755145494,0.6484600422761778,0.7928105862166996,0.6798704755145494,0.7305240623403593,,0.5704527875495656,0.559813179032612,0.8640763007477166,0.7582530073139702,naive_bayes,random_over,random_forest,20,0.8081659852053822,8,461
0.7342973740241305,0.7145288089544866,0.7515305968369904,0.7342973740241305,0.7311229336031526,,0.61882665921665,0.6114579744691733,0.8191944342296106,0.6258253895761288,decision_tree,random_under,variance,122,0.8066905643838812,8,462
0.7056422995031938,0.6700296918531073,0.7780709710033864,0.7056422995031938,0.7177913409664246,,0.6012200457228914,0.5863921584509963,0.8438962972722651,0.714021549131968,naive_bayes,random_under,variance,122,0.8066492263185437,8,463
0.6944641589779986,0.6435718589471842,0.7487732259726642,0.6944641589779986,0.6726481132948304,,0.567401552714932,0.5363779635287212,0.9100846011053362,0.8165102597960423,adaboost,borderline_smote,random_forest,20,0.8065974077126392,8,464
0.7716022001419447,0.6164855716540949,0.804706977010877,0.7716022001419447,0.7366131470082043,,0.6695680533940992,0.6465450013593573,0.7716200348482143,0.6535915255767878,decision_tree,class_weight,random_forest,20,0.8065696499084172,8,465
0.7739531582682754,0.5711753863433766,0.806194577258145,0.7739531582682754,0.7450317374911545,,0.6691587542110607,0.652490774714928,0.7717688716559481,0.682214806119263,knn,borderline_smote,mutual_information,20,0.8065205184569615,8,466
0.7782114975159687,0.5917560425325741,0.8064439505322607,0.7782114975159687,0.7451695938586439,,0.6763265971761043,0.6552433894349783,0.760757800697387,0.6592028917221767,decision_tree,class_weight,logistic_l1,20,0.8064198744736024,8,467
0.7830464868701207,0.5667806462391224,0.7964473264134624,0.7830464868701207,0.7570890198988832,,0.6815675830932671,0.6668188990371529,0.7498430922164425,0.6663652449947101,decision_tree,borderline_smote,extra_trees,20,0.806212627957424,8,468
0.7760823278921221,0.59355592008026,0.7761463444337077,0.7760823278921221,0.7532123364276821,,0.6737533274895893,0.655845633022362,0.7614770941160199,0.6602918367430325,decision_tree,svm_smote,random_forest,20,0.805984285719087,8,469
0.7708037615330021,0.6216474090727342,0.8050150312666602,0.7708037615330021,0.7343082399924322,,0.666630808378584,0.6437999960773151,0.7738277577706121,0.6483412000136157,decision_tree,tomek,mutual_information,20,0.8057017181992012,8,470
0.700762952448545,0.635314700788076,0.7427086631070643,0.700762952448545,0.681636322889068,,0.5678832876891792,0.5519477054529643,0.9049890184845358,0.7963371277101037,adaboost,svm_smote,mutual_information,20,0.8053049524972706,8,471
0.778388928317956,0.5630770333360148,0.802027686138229,0.778388928317956,0.7414663735219039,,0.6768620086668621,0.6562926483073677,0.7838023740857227,0.676122485752379,knn,enn,random_forest,20,0.8051400578521433,8,472
0.7791430092264017,0.5795109163628052,0.8021676634535746,0.7791430092264017,0.7484601980092535,,0.6754100475330074,0.659261200621784,0.7552419771750893,0.6589385172122897,decision_tree,enn,logistic_l1,20,0.8042923883702633,8,473
0.7689850958126331,0.5957629364625635,0.7937825778570272,0.7689850958126331,0.7303548561809123,,0.6629339160842652,0.6402101866759072,0.7989595273269805,0.6661906775725798,knn,enn,variance,122,0.8036884443853156,8,474
0.7689850958126331,0.6203131355975198,0.8080442892795426,0.7689850958126331,0.7293411288230456,,0.6656523995355405,0.6418685577225227,0.7730740935218922,0.6487605642161152,decision_tree,tomek,random_forest,20,0.8036573453726096,8,475
0.7753282469836764,0.5719320235029788,0.7936120132924244,0.7753282469836764,0.7408257942530311,,0.6725655531845139,0.6535859167472364,0.7621226482514011,0.6806167837383155,knn,random_over,random_forest,20,0.8035231806515906,8,476
0.7703158268275373,0.5591907447837204,0.8001295847256727,0.7703158268275373,0.7391156526558531,,0.6636569669039228,0.6452372416489519,0.789054964908447,0.6889956277528138,knn,tomek,mutual_information,20,0.8033279983861755,8,477
0.7672995031937544,0.5757241882723196,0.8048906645432061,0.7672995031937544,0.7406078427633308,,0.6604339998253225,0.6421111658492601,0.7840289960755495,0.6762151375459887,knn,enn,anova,20,0.8032808834406595,8,478
0.7706706884315118,0.5723594908988059,0.8008178198760635,0.7706706884315118,0.7394625403202925,,0.6641149794630364,0.6465615268158935,0.7828903765510923,0.6758222896768387,knn,enn,mutual_information,20,0.8031079092098202,8,479
0.7661462029808375,0.5625542786179285,0.8030487019580976,0.7661462029808375,0.7390088532252567,,0.6586550237098713,0.640275224334094,0.7923705630791217,0.6883897355763136,knn,tomek,anova,20,0.8028168257711454,8,480
0.6798261178140526,0.6140197067409281,0.7765203542732392,0.6798261178140526,0.7153038183376109,,0.5597766657387296,0.547010865519612,0.8652506502785371,0.7970685022428604,naive_bayes,adasyn,mutual_information,20,0.8020674371464241,8,481
0.7803406671398154,0.5715912480225405,0.772394504327699,0.7803406671398154,0.7510560670236994,,0.6783802518100852,0.6611414518618772,0.7513024837867938,0.6652824982639434,decision_tree,adasyn,random_forest,20,0.8020124404248599,8,482
0.7219659332860184,0.5669491742350795,0.7361666560168477,0.7219659332860184,0.6900572368672399,,0.59903656928142,0.5677214587371681,0.8897198291726323,0.8142897957927074,adaboost,smote_tomek,chi2,20,0.8018387712307883,8,483
0.7720457771469127,0.5851066948980308,0.8155481057587328,0.7720457771469127,0.7402096387337264,,0.6719424339265494,0.6497052309365241,0.7566792729684411,0.6582821133226258,decision_tree,smote_tomek,variance,122,0.8015090846299665,8,484
0.7619765791341376,0.6336094253544594,0.816993578246407,0.7619765791341376,0.7195994247606449,,0.657115818333371,0.6287247613596243,0.7783419236267297,0.6461409887932623,decision_tree,enn,mutual_information,20,0.8013671997962756,8,485
0.7702271114265437,0.5503057640426625,0.7999903595266044,0.7702271114265437,0.7390561707386054,,0.6634852284172542,0.645066019473743,0.7876052938973648,0.6892809009913876,knn,class_weight,mutual_information,20,0.8012240091026607,8,486
0.7661462029808375,0.5537878527234863,0.8031330682620613,0.7661462029808375,0.7391544903803884,,0.6586516993808252,0.6402752319554519,0.7908884785950828,0.6885489252085322,knn,class_weight,anova,20,0.8008268599389251,8,487
0.7807842441447835,0.5722976639468174,0.8055782287187772,0.7807842441447835,0.7394475108218282,,0.6832169278126079,0.6576939187169009,0.750149084125632,0.6604826162548736,decision_tree,smote_tomek,mutual_information,20,0.8006828353774087,8,488
0.7366926898509581,0.4876555614600634,0.7592299864921316,0.7366926898509581,0.6885342113011985,,0.6131326857138492,0.5840597141492305,0.9035261414171292,0.8466786746506818,adaboost,class_weight,extra_trees,20,0.8006536081038423,8,489
0.7735095812633073,0.5862943177254719,0.8036531072878802,0.7735095812633073,0.7377957075011145,,0.6718570600854475,0.65165950655045,0.7577409938292231,0.6563426083125307,decision_tree,smote_enn,random_forest,20,0.8003836303642412,8,490
0.7111870120652946,0.5710503955829529,0.7260928988631179,0.7111870120652946,0.7123925829364444,,0.5803708342475093,0.5770362432669927,,,sgd,borderline_smote,chi2,20,0.8002935205180781,6,491
0.7769694819020582,0.5682099657722984,0.807712770663581,0.7769694819020582,0.7465856526033173,,0.6747095368875288,0.6532766108394752,0.7501117424953085,0.6600228810175947,decision_tree,tomek,logistic_l1,20,0.8002136531109258,8,492
0.7778566359119943,0.5759158519952174,0.8093826269968214,0.7778566359119943,0.736206643994412,,0.679234649178309,0.6531860941585821,0.7515251346828747,0.6576529515714765,decision_tree,random_over,mutual_information,20,0.799183779504759,8,493
0.6511266855926189,0.6638782835783756,0.8263398588607529,0.6511266855926189,0.6824515931120458,,0.5739404832171202,0.527613259357429,0.8911366955208824,0.7832524648657633,naive_bayes,random_under,logistic_l1,20,0.7985719301380695,8,494
0.7801632363378282,0.5696212512636709,0.7865851202466185,0.7801632363378282,0.7400805196546939,,0.6816770112482323,0.6570227306176389,0.7487956329940688,0.6597978143467337,decision_tree,smote,mutual_information,20,0.7980003697098131,8,495
0.6829755145493258,0.6449356663529052,0.7723271302694075,0.6829755145493258,0.6613407866238842,,0.5573202763621063,0.5139689007243229,0.8997184265457913,0.8107763922902812,adaboost,smote_tomek,mutual_information,20,0.7979209278045802,8,496
0.7709368346344926,0.5461011832386928,0.795928107197805,0.7709368346344926,0.7339396136497222,,0.6660827521391623,0.643781843381555,0.7877073582496925,0.6852120560318603,knn,class_weight,random_forest,20,0.797781144025072,8,497
0.7706263307310149,0.582981094695713,0.8028707989958538,0.7706263307310149,0.7365072939113626,,0.6693250353099718,0.6464099500811028,0.755158184388842,0.6547411543533264,decision_tree,smote_enn,variance,122,0.7972245520919949,8,498
0.7709368346344926,0.54625293032488,0.7959276390570419,0.7709368346344926,0.733995776953468,,0.6660752985405344,0.6438469735806116,0.7862357894788763,0.6830851125527952,knn,tomek,random_forest,20,0.7972204922700052,8,499
0.7093239886444287,0.5578716106566204,0.7410524388586326,0.7093239886444287,0.7150228195759951,,0.5729145004576681,0.5667984584445895,,,sgd,random_under,chi2,20,0.7971537363443085,6,500
0.7678317955997161,0.5825212000814727,0.784095414922516,0.7678317955997161,0.7477147444514689,,0.6587377101715044,0.6469574068576596,0.7555977679411383,0.6513902276589035,decision_tree,smote_tomek,extra_trees,20,0.7970156738754435,8,501
0.7363378282469837,0.5055130437690671,0.753411143127949,0.7363378282469837,0.7139718497266978,,0.6075058693029698,0.5921066963353085,,,sgd,enn,anova,20,0.7969109601533361,6,502
0.6686036195883606,0.6391592124789774,0.7815571371249657,0.6686036195883606,0.7136118219288559,,0.5568818639026816,0.5451091277500056,0.8690137501723607,0.7587262175741191,naive_bayes,smote_enn,anova,20,0.7965106960105715,8,503
0.7390880056777857,0.4763351105047713,0.7387821570049002,0.7390880056777857,0.6843158406090758,,0.6223820835674225,0.5847193446533313,0.9186360502654394,0.8377155408634683,adaboost,enn,variance,122,0.795730320677695,8,504
0.6820440028388929,0.6160095881017403,0.7599102611400871,0.6820440028388929,0.6986948110083291,,0.5475570256676601,0.5347344219157668,,,sgd,random_under,logistic_l1,20,0.7956966699098744,6,505
0.6601312987934705,0.6341630681835998,0.8008896463115206,0.6601312987934705,0.7156856441857672,,0.5544011583268492,0.5398362007554542,0.8646384331285748,0.762689951389875,naive_bayes,enn,extra_trees,20,0.7951504025746334,8,506
0.7433019872249823,0.5008978938145319,0.7941659450622913,0.7433019872249823,0.7010145541166128,,0.6316056085707671,0.5911064194599379,0.8394441387418553,0.797436033332989,random_forest,smote_enn,chi2,20,0.7950289119390724,8,507
0.6686479772888574,0.6391397238225439,0.7813965458792528,0.6686479772888574,0.7135434130702988,,0.5568020502849312,0.5450534022828197,0.8651366141629463,0.7534520589754714,naive_bayes,smote,anova,20,0.7949266432818008,8,508
0.6686479772888574,0.6391397238225439,0.7813965458792528,0.6686479772888574,0.7135434130702988,,0.5568020502849312,0.5450534022828197,0.865130882177727,0.7534477224947833,naive_bayes,smote_tomek,anova,20,0.7949250835628953,8,509
0.7380234208658624,0.4794533311944806,0.7705903258821218,0.7380234208658624,0.6849713081161283,,0.6236368375408782,0.5806894629316384,0.8939359180417416,0.8310687102328354,gradient_boosting,enn,chi2,20,0.794547335228497,8,510
0.67055535841022,0.594985623573046,0.7935227003716767,0.67055535841022,0.7103467726496734,,0.5534696153834995,0.5365833895436117,0.8845879821892242,0.7867294231423257,naive_bayes,tomek,mutual_information,20,0.7943653218418091,8,511
0.6705110007097232,0.5947833111768005,0.7937324354180356,0.6705110007097232,0.7102285443129933,,0.5534174802923905,0.5364786392743925,0.8849559405138319,0.7867055596225337,naive_bayes,class_weight,mutual_information,20,0.7943206826665904,8,512
0.6692246273953159,0.5975342006898126,0.7872326999525936,0.6692246273953159,0.7105056676872382,,0.5513773827509053,0.5357303538275353,0.8841370926490828,0.7884877824278611,naive_bayes,enn,mutual_information,20,0.7942504688798001,8,513
0.7471167494677076,0.5121117371111048,0.794710232418829,0.7471167494677076,0.7049047891200444,,0.6355760131270494,0.5994294567749003,0.821580926516944,0.7769376397145558,extra_trees,smote_enn,chi2,20,0.7942091826482591,8,514
0.6871451383960255,0.6254321849281924,0.7234502837745186,0.6871451383960255,0.6859127828385984,,0.5582390451910167,0.5482370927136928,,,sgd,borderline_smote,anova,20,0.7936077539632942,6,515
0.7709368346344926,0.5781262948243816,0.7716436087473089,0.7709368346344926,0.7368599520369675,,0.6682392285654457,0.6485380351168833,0.753314357689353,0.6531836009810644,decision_tree,smote_tomek,random_forest,20,0.7932246507795283,8,516
0.680846344925479,0.651872647747129,0.7360758310773904,0.680846344925479,0.6613937526301079,,0.5420707109483642,0.5161245325468886,0.9170884524788624,0.7891887456641324,adaboost,adasyn,variance,122,0.7931606649306018,8,517
0.7271557842441447,0.6593748767258363,0.77395099970664,0.7271557842441447,0.7374526809640347,,0.6072233289169843,0.5979968838789862,0.7896386626411844,0.6326041445573559,decision_tree,random_under,mutual_information,20,0.7930452837220865,8,518
0.7634847409510291,0.6016655324285034,0.7667238110687252,0.7634847409510291,0.7312150553219925,,0.6573861411208362,0.6365511096494696,0.763809040739958,0.6457970640709804,decision_tree,adasyn,variance,122,0.7925645020447751,8,519
0.6669180269694819,0.6365491728992445,0.788420122735733,0.6669180269694819,0.7160953400233233,,0.5569150769252661,0.5458304113836819,0.8466204950481376,0.7453603634387544,naive_bayes,random_under,anova,20,0.7915116260142199,8,520
0.6560060326472675,0.6305373675789558,0.7987496387373606,0.6560060326472675,0.7121404857760982,,0.5495948654024972,0.5347652022111564,0.8660947616542509,0.7605235160280425,naive_bayes,tomek,extra_trees,20,0.7912137255640621,8,521
0.6574254790631654,0.5853021367991837,0.75111971092901,0.6574254790631654,0.6625865487740672,,0.5196965667023451,0.5028033474350678,0.9369699721637772,0.865583551037365,logistic_regression,random_under,extra_trees,20,0.7908690040500744,8,522
0.6555624556422995,0.6299080409584399,0.7984649880411602,0.6555624556422995,0.7117405400864804,,0.549083656938717,0.5342087919168964,0.866448829646081,0.7607565422710613,naive_bayes,class_weight,extra_trees,20,0.7908482492061532,8,523
0.7315028388928317,0.5005877137522019,0.7524042659462369,0.7315028388928317,0.7083018210480556,,0.5996347266656584,0.5837664449425692,,,sgd,tomek,anova,20,0.7907194378979792,6,524
0.7686302342086586,0.569747135895099,0.7686047108152089,0.7686302342086586,0.7394126620399326,,0.6626215473152236,0.6452043809704557,0.7492256421286313,0.6520166815489669,decision_tree,borderline_smote,mutual_information,20,0.7900800760238416,8,525
0.7619322214336409,0.5835162674241248,0.7887515825560142,0.7619322214336409,0.7318133773837764,,0.6522022141372957,0.6370912120655786,0.7551379791057705,0.6468055991100425,decision_tree,adasyn,anova,20,0.7896652732621527,8,526
0.6663857345635202,0.6029316684717434,0.7824760525987523,0.6663857345635202,0.713153102133579,,0.5495423506522281,0.5348851874446576,0.8483291076995197,0.7807143185383171,naive_bayes,borderline_smote,mutual_information,20,0.7891797383271829,8,527
0.7297285308729595,0.4775579642119464,0.7507605145534746,0.7297285308729595,0.6769630395083751,,0.6116365690883269,0.5663787834270648,0.90570579963137,0.8329966150529512,gradient_boosting,class_weight,chi2,20,0.7880039909662724,8,528
0.6472675656493967,0.635618031039241,0.7903866620729262,0.6472675656493967,0.6924577832803118,,0.5401655165341407,0.5218512437775276,0.868053356689279,0.7826925899730266,naive_bayes,svm_smote,random_forest,20,0.7873975577078863,8,529
0.7664123491838183,0.5643524242239033,0.7566703987807164,0.7664123491838183,0.7435032677274731,,0.6557188272063993,0.6418270521931457,0.7460962316951797,0.6469549102887387,decision_tree,enn,anova,20,0.7864805982231728,8,530
0.7636621717530163,0.5739182658465622,0.8029660540779722,0.7636621717530163,0.7241668735694857,,0.6602505812059034,0.6350882530541972,0.7494586032360252,0.6462984107819358,decision_tree,random_over,variance,122,0.7863510836216647,8,531
0.6593328601845281,0.5887417293020167,0.7901396253174597,0.6593328601845281,0.7073743181376918,,0.5433563135978081,0.525878192153307,0.8795904457273105,0.7829625223545116,naive_bayes,random_over,mutual_information,20,0.7862413005666923,8,532
0.7018275372604684,0.5445541284917339,0.7222965400076687,0.7018275372604684,0.706611351512835,,0.5690279428969964,0.5661629236050534,,,sgd,svm_smote,chi2,20,0.7859720975859663,6,533
0.6550301632363378,0.6199714114838927,0.7886972679099723,0.6550301632363378,0.7080206795854426,,0.5454460241060693,0.5301918192499568,0.8596519004732599,0.7567424796276837,naive_bayes,enn,anova,20,0.7845973681243806,8,534
0.6629258339247693,0.6256545811385636,0.7787185373996983,0.6629258339247693,0.7135240385957385,,0.5503711733008659,0.5378228691869356,0.8299351652276874,0.7485051827579678,naive_bayes,adasyn,extra_trees,20,0.7843732158286286,8,535
0.7008516678495387,0.6277980778931739,0.738541154348624,0.7008516678495387,0.6985011544018602,,0.5726367577163471,0.565210765603409,0.8552605427921683,0.7022371113752324,adaboost,svm_smote,anova,20,0.7837716284150665,8,536
0.7264017033356991,0.4713063008732027,0.7483694026487574,0.7264017033356991,0.6791790668468365,,0.5983267851464159,0.5678028620420281,0.8957906158599099,0.8214243836470783,adaboost,class_weight,anova,20,0.7827043984160293,8,537
0.7622427253371186,0.5692033637960631,0.7992964734891045,0.7622427253371186,0.7235305927521947,,0.6564155510570052,0.6288900698027329,0.7458922330480611,0.6424453958366486,decision_tree,tomek,variance,122,0.7825000162718843,8,538
0.7670777146912704,0.5677593077094072,0.7413219165031071,0.7670777146912704,0.7267481116382013,,0.6616274728466648,0.6422016231769249,0.7479352474299787,0.6499391030383735,decision_tree,adasyn,mutual_information,20,0.7824669044950281,8,539
0.725514549325763,0.4699752466672192,0.7700280926837911,0.725514549325763,0.6744056924680408,,0.6014831725923052,0.5625345170716086,0.894141574186194,0.8207859500629473,adaboost,tomek,extra_trees,20,0.7819453563813256,8,540
0.7263129879347054,0.4664681467951707,0.7444386912147677,0.7263129879347054,0.672919278357986,,0.6063851451484371,0.5603244911392142,0.8995618562670511,0.8337048935605532,gradient_boosting,tomek,chi2,20,0.7817801218766212,8,541
0.7688520227111426,0.5442645929890824,0.7768528417734167,0.7688520227111426,0.7402694380078101,,0.6566378725398136,0.6433370477835574,0.7356867077984509,0.6414500667258335,decision_tree,random_over,anova,20,0.781607876595011,8,542
0.7633960255500355,0.5637499399617578,0.797463119205754,0.7633960255500355,0.7240779677622077,,0.6585844699378234,0.6295854350986112,0.7430191576689447,0.6427046212886242,decision_tree,class_weight,variance,122,0.7814253660269636,8,543
0.6525017743080199,0.6178313765380854,0.7875952618598364,0.6525017743080199,0.7060738802643075,,0.5426143133132403,0.5270969103592884,0.8565934312509433,0.752572324879586,naive_bayes,tomek,anova,20,0.7812387871280205,8,544
0.6886089425124201,0.5375751027237416,0.7598368875463807,0.6886089425124201,0.7012973871946421,,0.5716026697258183,0.5593044367992812,,,sgd,random_under,anova,20,0.7810586253236664,6,545
0.7372693399574166,0.4950622968661348,0.7782089269915748,0.7372693399574166,0.6898968645944569,,0.6205696465153265,0.5828129789220378,0.8229198375005333,0.779213940770972,extra_trees,smote_tomek,chi2,20,0.7810464004154961,8,546
0.6525017743080199,0.6177613225715934,0.7879451873717747,0.6525017743080199,0.7062542484466663,,0.542819628275868,0.5272274594388116,0.8558906170394079,0.7513417390458064,naive_bayes,class_weight,anova,20,0.7809782732121331,8,547
0.7386887863733144,0.494464450665964,0.7818419396001164,0.7386887863733144,0.6906249448602019,,0.6246737739347795,0.5836536399867099,0.818806103185645,0.775799406784294,extra_trees,smote,chi2,20,0.7807413259130739,8,548
0.6629258339247693,0.624663253910769,0.7184175926742651,0.6629258339247693,0.6488752351285929,,0.5278953073666044,0.5056919028524958,0.9028959988364456,0.8156376838135762,adaboost,smote_tomek,anova,20,0.7802637424612338,8,549
0.6629258339247693,0.624663253910769,0.7184175926742651,0.6629258339247693,0.6488752351285929,,0.5278953073666044,0.5056919028524958,0.9028828346502192,0.8156156883958311,adaboost,smote,anova,20,0.7802576006818507,8,550
0.6514371894960965,0.6234307443567401,0.7256020489805286,0.6514371894960965,0.636399993068107,,0.5035306041199877,0.4738418973698033,0.9315610789606004,0.8456068260502568,logistic_regression,random_under,logistic_l1,20,0.7800651750291867,8,551
0.6732168204400284,0.6382735470091567,0.7072123864115533,0.6732168204400284,0.6635001127334869,,0.5159518670795119,0.4997443308647561,0.8936268482232483,0.7791688875270877,adaboost,random_over,variance,122,0.7794082843743194,8,552
0.7321682044002839,0.4872711526446962,0.7802092920861158,0.7321682044002839,0.6861492666745522,,0.6159584785853142,0.572013783678925,0.8325528939227494,0.7901417808883264,random_forest,smote_tomek,chi2,20,0.7792877619231159,8,553
0.6407469836763662,0.6174794736838644,0.7971181386998156,0.6407469836763662,0.7011647858120531,,0.5345234720472775,0.5172861970607051,0.8654885499619951,0.7588982052420821,naive_bayes,random_over,extra_trees,20,0.7787046509183303,8,554
0.731458481192335,0.4864432534989102,0.7797403057201043,0.731458481192335,0.6853108585669923,,0.6146956053569407,0.5709473768050592,0.828713995645159,0.792159116665998,random_forest,smote,chi2,20,0.7785275407321236,8,555
0.6567157558552165,0.6093559181549721,0.7742070725710382,0.6567157558552165,0.7034131967981695,,0.5427869046210378,0.530954246463164,0.8614372403799946,0.7472838738479649,naive_bayes,smote_tomek,chi2,20,0.778495492223642,8,556
0.6566270404542228,0.6091950258476231,0.7742090401370854,0.6566270404542228,0.7033518937589857,,0.5427439114909423,0.5308794626743616,0.8614528203042104,0.7472049446017207,naive_bayes,smote,chi2,20,0.7783964692032691,8,557
0.7583836053938964,0.5632622478530934,0.7952378690312905,0.7583836053938964,0.7214457512870663,,0.6510931454926311,0.6271272573118258,0.7436204226692589,0.6404068692421079,decision_tree,smote,variance,122,0.7783418002278242,8,558
0.7512863733144074,0.5962273637183166,0.7924909988694802,0.7512863733144074,0.7129919631530732,,0.6405375067011743,0.6115573513327894,0.7575166255470551,0.6284094000856851,decision_tree,class_weight,mutual_information,20,0.7782636958972332,8,559
0.7405518097941802,0.4901493507851912,0.7950700035259428,0.7405518097941802,0.6901522475678122,,0.6289174705463972,0.5850404142943908,0.8058805900091113,0.7654819951477094,random_forest,enn,chi2,20,0.7779189895884493,8,560
0.6513484740951029,0.6037274340315438,0.7741201304926166,0.6513484740951029,0.7003627357753275,,0.5369234780972008,0.5245473232754306,0.8655555729431329,0.7521297636862121,naive_bayes,enn,chi2,20,0.7757324845621549,8,561
0.7338537970191625,0.4918961923162511,0.7867955141445975,0.7338537970191625,0.6895593284437326,,0.618453923049114,0.5747472342253526,0.8024700844598334,0.7728497329907443,random_forest,random_over,chi2,20,0.7755476523334888,8,562
0.7596699787083038,0.558913924623058,0.7785840450159031,0.7596699787083038,0.723909105460125,,0.6498199280149577,0.6257175224687124,0.7408276641567447,0.6344602132474149,decision_tree,random_over,random_forest,20,0.7751492338242841,8,563
0.7211231369765791,0.4874633811060423,0.7453724589714971,0.7211231369765791,0.6922522825191318,,0.5853389291155374,0.5652942630595342,,,sgd,class_weight,anova,20,0.774819445945091,6,564
0.7550567778566359,0.5565230745459125,0.7736723255352166,0.7550567778566359,0.7316742936380882,,0.6384233131145202,0.6250088180394373,0.7402190484640467,0.633896768925796,decision_tree,random_over,extra_trees,20,0.7747017871296928,8,565
0.6489975159687722,0.5790875920244873,0.7247926203692189,0.6489975159687722,0.6497953987757996,,0.5055488311984485,0.4898760625405645,0.9278260606657266,0.8455506532209904,logistic_regression,random_under,anova,20,0.7746619630853008,8,566
0.63666607523066,0.6068297147418379,0.7863447800964842,0.63666607523066,0.6951112464555572,,0.5273307385330881,0.5093326475993691,0.86029145785733,0.7704767771073313,naive_bayes,random_over,anova,20,0.7736555585976563,8,567
0.7240507452093683,0.4833042000786,0.7793121080397566,0.7240507452093683,0.6782579500711089,,0.6048123889981426,0.558393965243986,0.8295448063101348,0.7951265028616653,random_forest,adasyn,chi2,20,0.7731788408636325,8,568
0.7254701916252662,0.4776415426972578,0.7741816177484911,0.7254701916252662,0.68011654611785,,0.6061405046985759,0.5605064145815284,0.8248807042213553,0.7994099516465464,random_forest,svm_smote,chi2,20,0.7730000941897777,8,569
0.7363821859474805,0.4728402177821453,0.7774614968663613,0.7363821859474805,0.6855837728943197,,0.6228577646585588,0.5776950954435492,0.8098635969532719,0.7788874031154912,random_forest,tomek,chi2,20,0.7726505234920282,8,570
0.7593151171043293,0.555656065209638,0.761846461129907,0.7593151171043293,0.7195623649057485,,0.6506550143986486,0.6275886727096613,0.7398748610140952,0.6380081940387787,decision_tree,smote,random_forest,20,0.7725428311218754,8,571
0.7356281050390348,0.4954910976751462,0.7832917969508797,0.7356281050390348,0.6908577420274906,,0.6184727580232221,0.579579128175169,0.7917235810724113,0.7544974205481673,extra_trees,random_over,chi2,20,0.7723033830603931,8,572
0.6739709013484741,0.5970785353532961,0.7063965505189305,0.6739709013484741,0.6695658431931799,,0.5414609733381677,0.5298395088971042,,,sgd,adasyn,anova,20,0.7713897132668958,6,573
0.745874733853797,0.591636468893919,0.7262466600066829,0.745874733853797,0.721448642028974,,0.6221960469808071,0.6108316136732769,0.7573059478424141,0.6250860070837463,decision_tree,borderline_smote,logistic_l1,20,0.7711910092248907,8,574
0.6456263307310149,0.5984347117343527,0.7750006585230393,0.6456263307310149,0.6960747892263751,,0.5327081259199804,0.5186076641505182,0.8649457098522888,0.7506073457031643,naive_bayes,smote_enn,chi2,20,0.7708803050628097,8,575
0.7267122072391767,0.4877303310879325,0.7743545506222398,0.7267122072391767,0.6792965991668507,,0.6070465601791946,0.5641987473903547,0.8165671606579611,0.7797625881597341,extra_trees,adasyn,chi2,20,0.7706581005490064,8,576
0.7225425833924769,0.4750510772075501,0.7741223787880743,0.7225425833924769,0.6771047326021321,,0.6023674518843157,0.5554966342262383,0.8247799087764489,0.7997062458578826,random_forest,borderline_smote,chi2,20,0.7703038141168966,8,577
0.6709102200141944,0.6511523493351122,0.7213205042762285,0.6709102200141944,0.6496563153582008,,0.5295708686659449,0.4954824799713068,0.8975834226072956,0.7366765182648446,adaboost,random_over,random_forest,20,0.7701067518408937,8,578
0.7299946770759403,0.4838805732785238,0.7716720595660703,0.7299946770759403,0.6829133081133992,,0.6116164364937933,0.5691908511518942,0.8067999378694768,0.7744194433301688,extra_trees,svm_smote,chi2,20,0.7697900917611492,8,579
0.6394606103619588,0.5972000168279764,0.7745104848124351,0.6394606103619588,0.6927855223910744,,0.527404815659971,0.5125032195582448,0.8605437361516485,0.7634747862238824,naive_bayes,random_over,chi2,20,0.7695472879003129,8,580
0.6450940383250532,0.5990504946552158,0.7733402100136137,0.6450940383250532,0.6961861115318991,,0.5315439763844129,0.5179235359930183,0.8577174176789267,0.7487486415438342,naive_bayes,tomek,chi2,20,0.7694683362452821,8,581
0.7386444286728177,0.4782064172442726,0.7843110377416881,0.7386444286728177,0.6877215886053019,,0.6248542188809685,0.5827480065903257,0.7915803607892328,0.7548601256572367,extra_trees,tomek,chi2,20,0.7690668060768105,8,582
0.7321682044002839,0.4703970865921039,0.778749922397732,0.7321682044002839,0.6818479664722727,,0.6167395825670532,0.5709010242137226,0.8149156964938943,0.7742503948509999,random_forest,class_weight,chi2,20,0.7688815444679427,8,583
0.662526614620298,0.6046670773940823,0.7549981513675301,0.662526614620298,0.6990869299100358,,0.541509915990141,0.5317998461061554,0.826506746286786,0.7296236771138411,naive_bayes,adasyn,chi2,20,0.7686394627616966,8,584
0.6447391767210788,0.5987821084925132,0.7729256110167609,0.6447391767210788,0.6958705110867761,,0.5311138493676018,0.5175092623818023,0.8560676272355074,0.7472375346861058,naive_bayes,class_weight,chi2,20,0.768638823128326,8,585
0.7526614620298083,0.5630582466326921,0.7875286180067296,0.7526614620298083,0.7089542975478077,,0.639009631654073,0.6146251620915917,0.742749913804143,0.6278563139118448,decision_tree,random_over,logistic_l1,20,0.7685117235373343,8,586
0.6913147622427254,0.5679130288226919,0.7507896030672311,0.6913147622427254,0.6792523299278133,,0.5572732743562706,0.536084417446542,0.8556683607238039,0.7382890166701105,adaboost,adasyn,chi2,20,0.7684990787445576,8,587
0.7373580553584103,0.4765962581974882,0.7834702221756368,0.7373580553584103,0.6864486923077668,,0.6230496564571717,0.580467846390883,0.7901719777542507,0.755937286309144,extra_trees,class_weight,chi2,20,0.7677594124522219,8,588
0.7265347764371894,0.4807104078209227,0.7724381797575374,0.7265347764371894,0.679646003695172,,0.6068576351615531,0.5630636530342914,0.8060846459178379,0.7729116146219125,extra_trees,borderline_smote,chi2,20,0.7662475556538595,8,589
0.6670067423704755,0.6241153648687616,0.7633637640458567,0.6670067423704755,0.6399819445862363,,0.5368487097640712,0.4873670772398457,0.8833079453837884,0.7567556440781029,adaboost,smote_enn,mutual_information,20,0.7661613699691818,8,590
0.7305713271823988,0.4886608299036934,0.7813380234784084,0.7305713271823988,0.6814036967973459,,0.60956837193779,0.5722452766963297,0.7884263242695809,0.7536385935078308,extra_trees,enn,chi2,20,0.7653575604797712,8,591
0.7073278921220724,0.4580271731346645,0.7489186230201798,0.7073278921220724,0.6578527636249304,,0.5745212465300766,0.5336463534956988,0.8972803227091048,0.8185527302021965,adaboost,tomek,anova,20,0.7645955832767214,8,592
0.6688254080908446,0.5940030109015437,0.7117724655961128,0.6688254080908446,0.666979363952593,,0.5332098366936142,0.5201757574633852,0.8804899160521409,0.74638974191717,adaboost,random_over,anova,20,0.7638606282326721,8,593
0.6812012065294535,0.5435637972217774,0.6311017887174633,0.6812012065294535,0.6251928082661574,,0.5412927576093952,0.4968511141272642,0.9199507349935606,0.8262592172572785,adaboost,class_weight,mutual_information,20,0.7565917379530127,8,594
0.6464691270404542,0.5867360431113195,0.7571272839453591,0.6464691270404542,0.687199564705852,,0.5296409769221622,0.5150521297891943,0.8336418520012344,0.7240055141946861,naive_bayes,borderline_smote,chi2,20,0.755049996048493,8,595
0.653832505322924,0.6267243494092276,0.7060953120546887,0.653832505322924,0.6310172191470246,,0.4990910092219516,0.4689313521201408,0.8884190911291387,0.7589252321317637,adaboost,random_over,mutual_information,20,0.7544413888005728,8,596
0.7425479063165366,0.5322752626393243,0.7516406087333756,0.7425479063165366,0.7100275501899688,,0.6222391229991481,0.6004836038264331,0.7345096931015638,0.6302878875710324,knn,smote_enn,chi2,20,0.7540353093947063,8,597
0.6427430801987225,0.5799412774149842,0.7546260337676927,0.6427430801987225,0.6859494667843525,,0.524095718296253,0.5102835904151934,0.8364022942968384,0.7315779559129381,naive_bayes,svm_smote,chi2,20,0.7533587649410679,8,598
0.6925124201561391,0.4571165152504922,0.6907027824971697,0.6925124201561391,0.639816687921732,,0.5543690693768121,0.5111871695808026,0.9219123100361476,0.8323615029786151,adaboost,enn,random_forest,20,0.7533575796012574,8,599
0.6839513839602555,0.5512848811758437,0.7253837768942482,0.6839513839602555,0.6846722066655788,,0.5426347477315824,0.5336085170646885,0.8181464853891759,0.7123555177367072,knn,random_under,chi2,20,0.7520186738196009,8,600
0.643097941802697,0.5957688974563667,0.7583913295617435,0.643097941802697,0.6922525081865168,,0.5261322889823863,0.5117995236899002,0.8134739766785668,0.7094479790936795,naive_bayes,adasyn,anova,20,0.7518222269000835,8,601
0.6996983676366217,0.4410675915528799,0.7226276474378303,0.6996983676366217,0.6441334346463612,,0.5509048109153306,0.5229833055027275,0.8858847860093327,0.8233877376439052,adaboost,enn,extra_trees,20,0.7513315714443879,8,602
0.6976579134137686,0.4550492527486837,0.7125004212213012,0.6976579134137686,0.6457559341181518,,0.5500414475690428,0.5224367177285711,0.8876690004534467,0.812341112360826,adaboost,enn,anova,20,0.7511063453440859,8,603
0.6097409510290986,0.5908751387318849,0.7821069372636901,0.6097409510290986,0.6728693987063904,,0.4958934935988462,0.4779552666226384,0.8466709001114812,0.7546666675236906,naive_bayes,borderline_smote,random_forest,20,0.7480297057550801,8,604
0.6375088715400994,0.629527322161563,0.719190963603679,0.6375088715400994,0.6260194615208851,,0.5021013775112451,0.4781290135409054,0.861678911966392,0.7504568496979078,adaboost,smote_enn,logistic_l1,20,0.7467425605221765,8,605
0.7204134137686302,0.462164367088329,0.7283360770218653,0.7204134137686302,0.6667278461736178,,0.5888326263337315,0.5529973715761378,0.8756127667769,0.6900647959761766,logistic_regression,class_weight,chi2,20,0.7420693212042128,8,606
0.720235982966643,0.4619687976504295,0.7282776871407649,0.720235982966643,0.6665480417779215,,0.5886074965972465,0.5526747977045545,0.8759312760939231,0.6898442147940543,logistic_regression,tomek,chi2,20,0.7418764461896942,8,607
0.721611071682044,0.4628192527384291,0.7291387845340216,0.721611071682044,0.6678295505588947,,0.5907711160868392,0.5549850600774118,0.8694512447656934,0.6779992460712494,logistic_regression,enn,chi2,20,0.739883371003178,8,608
0.6998314407381121,0.446922185059737,0.7716924521544634,0.6998314407381121,0.6477831368690752,,0.5603879510268538,0.5211423238253676,,,sgd,enn,chi2,20,0.73840424211308,6,609
0.6296132008516678,0.6058405285388175,0.7543723866407072,0.6296132008516678,0.5884751803585295,,0.4883700282849091,0.4268262200057242,0.8930741027237168,0.7838590394606275,adaboost,smote,mutual_information,20,0.7373394661145414,8,610
0.6761887863733144,0.5319983449208441,0.6850456539225098,0.6761887863733144,0.6544589522341632,,0.5216146809880398,0.5056302229949813,0.8425068789416514,0.7260004834644085,adaboost,smote_enn,chi2,20,0.7364180594660567,8,611
0.6745475514549326,0.4578868425389303,0.652817380350756,0.6745475514549326,0.6208216069032273,,0.5284845682120974,0.4785279415086345,0.9190328852145948,0.8319182444076367,adaboost,tomek,mutual_information,20,0.7359378163802843,8,612
0.7126508161816891,0.4516707325437107,0.6573165164649488,0.7126508161816891,0.6593704493998463,,0.5876323040234936,0.5356079933994023,0.841299612072094,0.7346201262650641,adaboost,class_weight,chi2,20,0.7329115963705823,8,613
0.610805535841022,0.6008723531502451,0.7388870741982129,0.610805535841022,0.6583925726045287,,0.4859717742939169,0.4732133564426494,0.8232943861877375,0.7179987358982867,naive_bayes,svm_smote,anova,20,0.7317979804809865,8,614
0.7243612491128459,0.4964198396296845,0.7313634121197294,0.7243612491128459,0.6877903679609132,,0.5949102533303862,0.5689743947434724,0.731729482306852,0.6329580806178959,knn,adasyn,chi2,20,0.7301438187448848,8,615
0.7240507452093683,0.4904829742885613,0.7512690941240431,0.7240507452093683,0.6870171075350157,,0.5951651977337645,0.5675312212936301,0.7257571845341185,0.630464972903919,knn,svm_smote,chi2,20,0.7290087440982628,8,616
0.6627484031227822,0.5931988377251033,0.7087002371281841,0.6627484031227822,0.6472617144363311,,0.5149032160962191,0.5028270502526888,0.8475614768155723,0.6433744735104319,adaboost,borderline_smote,logistic_l1,20,0.7289472832476515,8,617
0.7228974449964514,0.4948698254320525,0.7341681521483769,0.7228974449964514,0.686891926996855,,0.593309583802148,0.5657743919829099,0.7300303334893098,0.6306917284821437,knn,smote_tomek,chi2,20,0.7283803620426548,8,618
0.7228974449964514,0.49487713590954,0.7339347561565432,0.7228974449964514,0.686892599966059,,0.5932781141686992,0.5657738363639788,0.730006057844673,0.6306368961391227,knn,smote,chi2,20,0.7283465204104494,8,619
0.6326295244854506,0.5680123792574594,0.7337816628295518,0.6326295244854506,0.5897596996627088,,0.4887484819252973,0.4258280132306054,0.8978853917375483,0.780638810049822,adaboost,borderline_smote,variance,122,0.728149510199863,8,620
0.7033356990773598,0.5416951275356395,0.7116550224300309,0.7033356990773598,0.7002535501624239,,0.5628012030498778,0.5578816007279848,0.7309318467420061,0.6020606030550004,decision_tree,random_under,chi2,20,0.7277791939258191,8,621
0.7226756564939674,0.4874586595925809,0.7479611169614538,0.7226756564939674,0.6849795359396218,,0.5929520777741759,0.564832602851331,0.726238344184646,0.6319041037797535,knn,borderline_smote,chi2,20,0.7271823033578033,8,622
0.6356902058197303,0.5848564540063136,0.65870508530042,0.6356902058197303,0.6183552294268105,,0.463821682662551,0.4411216965817668,0.872628602454258,0.7374008814777298,adaboost,smote,extra_trees,20,0.7231617583926169,8,623
0.6356902058197303,0.5848564540063136,0.6586925501529356,0.6356902058197303,0.6183525202370674,,0.4638261021212838,0.4411339941622406,0.8726285720889375,0.7374021371350105,adaboost,smote_tomek,extra_trees,20,0.723161598257928,8,624
0.7002750177430802,0.447100668104019,0.6309673352269731,0.7002750177430802,0.6481971479853669,,0.5609967433781826,0.5219154839790328,,,sgd,tomek,chi2,20,0.7228886603683845,6,625
0.7066625266146203,0.4470157525427162,0.7050664809298222,0.7066625266146203,0.6534502402119668,,0.5782317043414746,0.5272932740919742,0.8139637191732254,0.7043445633424631,adaboost,tomek,chi2,20,0.7225844210767445,8,626
0.6997427253371186,0.4465542911849318,0.6324961746407621,0.6997427253371186,0.6480810738440181,,0.5607945903429502,0.5207271815211653,,,sgd,class_weight,chi2,20,0.7225204609433257,6,627
0.7213449254790631,0.4816857363446069,0.7442852483348326,0.7213449254790631,0.6839811625396827,,0.5913756750449326,0.5625873019516101,0.7140588210753496,0.6246685914033397,knn,random_over,chi2,20,0.7218116136405714,8,628
0.7251153300212917,0.4911152872055161,0.7698249933986946,0.7251153300212917,0.6858893950006959,,0.6018342228594489,0.5633659097508721,0.6992265205464151,0.6026328141205247,decision_tree,smote_enn,chi2,20,0.7214700946188931,8,629
0.5814407381121363,0.56744609878466,0.7620969059624731,0.5814407381121363,0.6159827147582115,,0.4712864274864314,0.4444299739982744,0.8607728834018031,0.7738198720810607,naive_bayes,random_under,mutual_information,20,0.7200888071349266,8,630
0.6712207239176721,0.4841697292037691,0.7112082837859066,0.6712207239176721,0.6405063248772281,,0.5242321056279272,0.4913896775651478,0.8632800544222491,0.7046980866956121,adaboost,smote,chi2,20,0.7194767339407212,8,631
0.7227200141944642,0.4776681246702245,0.7699724856802274,0.7227200141944642,0.6758420522855021,,0.5932832798525396,0.5617878761743108,0.707570479740035,0.6147324016573472,knn,enn,chi2,20,0.7185687836837086,8,632
0.7249822569198012,0.4864055721466807,0.7187048904107268,0.7249822569198012,0.6854919186488834,,0.5987998478534717,0.564872575656129,0.6991210208895111,0.6033562133146005,decision_tree,random_over,chi2,20,0.7159828157889182,8,633
0.7150461320085166,0.4665928393211215,0.76875415525126,0.7150461320085166,0.6730609654078642,,0.5824472926110498,0.5489145286016521,0.7150684454144283,0.630035536194842,knn,class_weight,chi2,20,0.7158069355682548,8,634
0.7150904897090135,0.4666827602901415,0.7681876405134902,0.7150904897090135,0.6731359627660805,,0.582516677169124,0.5490108315523402,0.714835761507784,0.6298208549953029,knn,tomek,chi2,20,0.7157466814954508,8,635
0.6929559971611071,0.4415085080754119,0.6230677366821877,0.6929559971611071,0.6396220651910289,,0.5464527336269365,0.507448320517222,0.8168090716154177,0.7544881724850826,adaboost,enn,chi2,20,0.7152123350306974,8,636
0.605305180979418,0.6065814266719494,0.7282167349426429,0.605305180979418,0.5817313916795075,,0.4592198986453505,0.4267451821852921,0.8550551149261745,0.74468766559827,adaboost,random_over,logistic_l1,20,0.7141196854049575,8,637
0.7252040454222853,0.4849908215565392,0.7305151769681855,0.7252040454222853,0.6758224366564921,,0.5967902965233051,0.566371613135952,0.6985455382001894,0.6001760468998685,decision_tree,enn,chi2,20,0.7136876493341848,8,638
0.618834279630944,0.5795366844289737,0.6991901192907097,0.618834279630944,0.6070952530980411,,0.4639055714570504,0.4405249031764763,,,sgd,random_under,variance,122,0.7133258463257384,6,639
0.6462473385379702,0.5069449090210751,0.7048978318654623,0.6462473385379702,0.6231669193610728,,0.4982552707209514,0.473222640698016,0.840315146824854,0.7259073786783359,adaboost,svm_smote,chi2,20,0.712278258632503,8,640
0.717264017033357,0.4695967603123122,0.752017138098854,0.717264017033357,0.6706061841445824,,0.5856156198265461,0.5556660979744688,0.7052628661171996,0.6048767751789829,decision_tree,class_weight,chi2,20,0.7092435383997402,8,641
0.7142033356990773,0.4793260379407417,0.7624919110806587,0.7142033356990773,0.6690273169951929,,0.5853404955612872,0.5448941083449552,0.7006467720886602,0.5961305355528079,decision_tree,adasyn,chi2,20,0.7074276570550522,8,642
0.7144251242015613,0.4736947847575378,0.7553429398911551,0.7144251242015613,0.6708532378248747,,0.5857095602840438,0.546345480527284,0.7007932070849124,0.5972934009641919,decision_tree,borderline_smote,chi2,20,0.7065304233264224,8,643
0.6331618168914124,0.5612650617320665,0.6542980820147227,0.6331618168914124,0.6186312760053037,,0.4583881690451168,0.4385238040790105,0.8670385123281136,0.6868217453760337,adaboost,smote_enn,extra_trees,20,0.7053351512826121,8,644
0.7165542938254081,0.4657277454957893,0.7446635749427817,0.7165542938254081,0.6687015510620917,,0.5835290377890483,0.5519470514320926,0.7012314549016061,0.6004648508916105,decision_tree,tomek,chi2,20,0.7052188795602551,8,645
0.5640525195173882,0.5816239996509442,0.7532834562169037,0.5640525195173882,0.6217446156903839,,0.4474081566990123,0.4246216545859922,0.8270800427486268,0.7354999995369879,naive_bayes,svm_smote,extra_trees,20,0.7049307557887056,8,646
0.7118523775727467,0.4704985752622367,0.76341779985688,0.7118523775727467,0.6678472776723788,,0.5825821215770757,0.5402278307172885,0.6981687669437214,0.594979452285352,decision_tree,smote,chi2,20,0.7035749053032652,8,647
0.5622338537970192,0.6158182251418405,0.7081996362157345,0.5622338537970192,0.5852616136733826,,0.4449118797372641,0.4217655009123719,0.8539865385152599,0.7480800501413116,naive_bayes,random_under,random_forest,20,0.7034705390400687,8,648
0.6052164655784245,0.4845005303179061,0.6618330969418099,0.6052164655784245,0.6011157474468315,,0.4387052741340962,0.4241740967724423,0.9062748818425614,0.7909737565723696,logistic_regression,random_under,chi2,20,0.7019016169183345,8,649
0.6720191625266146,0.5603928100569752,0.6851530267246704,0.6720191625266146,0.6661689164635103,,0.5182797443278314,0.508859579014455,0.7312203618308469,0.5490844793681878,decision_tree,random_under,anova,20,0.6949240787094171,8,650
0.6724627395315826,0.5589568915399229,0.6834353620416951,0.6724627395315826,0.6649454784704895,,0.5158998158109446,0.5060707595641573,0.7298121838550513,0.5461941635366413,decision_tree,random_under,extra_trees,20,0.6931589617946807,8,651
0.6326738821859474,0.4895442292315644,0.7205367392783552,0.6326738821859474,0.61361694501978,,0.4969487511403805,0.4676454011684651,0.8369039697705233,0.671174849808521,adaboost,borderline_smote,chi2,20,0.6910084944449278,8,652
0.7002306600425834,0.4631804891415215,0.7473681617841605,0.7002306600425834,0.656727258623461,,0.5620294374757855,0.5237014906406319,0.69315521190387,0.5842166349911974,decision_tree,smote_tomek,chi2,20,0.6896400040942975,8,653
0.7004080908445706,0.4636079295404701,0.740410339423635,0.7004080908445706,0.6568363692126781,,0.5612572891095949,0.5266374987179042,0.6936907660604227,0.5823182244553243,decision_tree,svm_smote,chi2,20,0.6891759590840351,8,654
0.6243789921930447,0.5043312503166434,0.6736405023974921,0.6243789921930447,0.5887241788105178,,0.4550531604760702,0.4291868629687423,0.8552343259870394,0.7066681638045671,adaboost,random_over,chi2,20,0.6862347151397361,8,655
0.630722143364088,0.4835110958266553,0.6662976199325668,0.630722143364088,0.5998013039039606,,0.468633001215348,0.4438448794982126,,,sgd,nearmiss,mutual_information,20,0.6856526112920575,6,656
0.6389283179559971,0.608523478303306,0.6830403739585399,0.6389283179559971,0.6385519901437785,,0.4893472586151668,0.4753356267418511,0.7539408762968086,0.5399299275123635,decision_tree,random_under,logistic_l1,20,0.6855172196027864,8,657
0.5560237757274663,0.51176493375594,0.7591221144065361,0.5560237757274663,0.601698328583784,,0.4435430274794161,0.4164482828342148,0.8427059020538469,0.7435111602726594,naive_bayes,random_under,extra_trees,20,0.6852761263855304,8,658
0.6084989354151881,0.5453483193695955,0.6436881997029867,0.6084989354151881,0.5789366854033126,,0.4307212747825579,0.3965257097715897,0.8785568868937155,0.679326537463985,adaboost,random_over,extra_trees,20,0.6784780581342075,8,659
0.5345546486870121,0.5567706674991455,0.7491782253043546,0.5345546486870121,0.604055163966837,,0.4179033156483692,0.394383333814814,0.8072810513556476,0.7137497083954579,naive_bayes,borderline_smote,extra_trees,20,0.6760629954619606,8,660
0.6062366926898509,0.521020678817162,0.6073598336645414,0.6062366926898509,0.584005609336018,,0.4202842429581448,0.4047425728482107,0.8417986632671667,0.7175957138702488,adaboost,random_under,chi2,20,0.6756191541576827,8,661
0.5485716820440029,0.5625776675684573,0.7204652780917405,0.5485716820440029,0.5752671974266408,,0.4225972326344206,0.3970353139019493,0.8344117400393938,0.7064746095957987,naive_bayes,random_under,chi2,20,0.6727318216664367,8,662
0.6150638750887154,0.581065120037439,0.6989462228295062,0.6150638750887154,0.5657786616810292,,0.4594670165352191,0.4167143478507088,0.8411686721865494,0.6047598659766406,adaboost,adasyn,mutual_information,20,0.6719080543022388,8,663
0.6030872959545777,0.4827476631131603,0.65453511760687,0.6030872959545777,0.5628190472433332,,0.4373754854321374,0.4107815430370085,0.8388096787946328,0.7313767828257932,logistic_regression,nearmiss,anova,20,0.6684244449354527,8,664
0.5391678495386799,0.5362836432744345,0.7326895791247836,0.5391678495386799,0.6090647040650821,,0.41798365530108,0.3969624313698942,0.8015595429734532,0.6936584096293991,naive_bayes,borderline_smote,anova,20,0.6680917382937915,8,665
0.6079666430092264,0.5876372415639275,0.6530074951746908,0.6079666430092264,0.5678469799987352,,0.4383577588168489,0.406161918418337,0.8345956771752295,0.6064569761320203,adaboost,borderline_smote,mutual_information,20,0.6661728401267035,8,666
0.600514549325763,0.478368677740177,0.6473255041711632,0.600514549325763,0.5583849047922637,,0.4337996081282528,0.4066314229026962,0.8340780967817624,0.7375068534625068,logistic_regression,nearmiss,mutual_information,20,0.6652375589396121,8,667
0.5955464868701207,0.5208740766329716,0.6433642166972247,0.5955464868701207,0.5628339877502163,,0.4045408032979006,0.38266612328106,0.8540941862793158,0.6855675549563243,adaboost,adasyn,extra_trees,20,0.6623244418164207,8,668
0.5975425833924769,0.497573900409099,0.6266111848870792,0.5975425833924769,0.586952905006294,,0.4135695266296507,0.4032566556354388,0.8633009110544119,0.6552351217465692,adaboost,svm_smote,logistic_l1,20,0.6596250278030371,8,669
0.6036639460610362,0.4968302336050425,0.5756027077536573,0.6036639460610362,0.5773739982791312,,0.4387186605118335,0.4204603055426102,,,sgd,nearmiss,anova,20,0.6589151260684969,6,670
0.5994056068133428,0.5658173913637533,0.6223630923724646,0.5994056068133428,0.5785519379608234,,0.408186296104921,0.3846245285239016,0.8289331565655186,0.5943948380037727,adaboost,smote_enn,anova,20,0.6534342970560728,8,671
0.6060149041873669,0.4960479026425786,0.6930945129605315,0.6060149041873669,0.5739838455074038,,0.4221162418383783,0.3816538590615861,0.7501605884315479,0.5974955545560676,naive_bayes,enn,variance,122,0.6368481658788605,8,672
0.5815294535131299,0.3623844351097657,0.6236788686598144,0.5815294535131299,0.5337886074286962,,0.3585454539197262,0.3333932698226367,0.8983343982496041,0.7838251482332428,adaboost,tomek,logistic_l1,20,0.6346721645742953,8,673
0.540055003548616,0.5261145601170666,0.6031937230141974,0.540055003548616,0.4783090087935385,,0.3637142873362674,0.3291692914298838,0.8670055816754729,0.7514669859788206,adaboost,borderline_smote,anova,20,0.6315238380199486,8,674
0.5613910574875799,0.4004439497071627,0.6274668822926008,0.5613910574875799,0.5053043112400188,,0.3393964080930255,0.3074297661106739,0.8850613890936472,0.7837186780185461,adaboost,class_weight,logistic_l1,20,0.6257303913281758,8,675
0.5689318665720369,0.5319399839842534,0.6096456985280829,0.5689318665720369,0.532518706928388,,0.3635183401680873,0.3345106151242022,0.8445374970686984,0.6086623181376569,adaboost,adasyn,logistic_l1,20,0.6233561025023843,8,676
0.6162615330021292,0.4932130075384403,0.5520180010825984,0.6162615330021292,0.5613860720448065,,0.4321629480984751,0.4106271407862819,0.7262880968547168,0.5306297150862508,adaboost,nearmiss,mutual_information,20,0.6093994871931938,8,677
0.5125532292405962,0.5196153511575864,0.7702770203754546,0.5125532292405962,0.4731022147959804,,0.3834010101659355,0.330278529970984,,,sgd,nearmiss,variance,122,0.6084649665540328,6,678
0.5618789921930447,0.4742381800852395,0.646012717353408,0.5618789921930447,0.5594240610632202,,0.4192831951378324,0.3859818436590279,0.7323971058525002,0.5796523870317377,knn,nearmiss,anova,20,0.6066345821401158,8,679
0.5050567778566359,0.5185231071688907,0.6497764325958272,0.5050567778566359,0.4951190741963183,,0.3678597673165955,0.3323001014352138,,,sgd,nearmiss,extra_trees,20,0.5994950403312505,6,680
0.5394339957416607,0.3524522425822961,0.6272574747434935,0.5394339957416607,0.4820999196782451,,0.2982289287756473,0.25132321371981,0.8937290861292013,0.7811261181737515,adaboost,enn,logistic_l1,20,0.59702933131552,8,681
0.4889549325762952,0.5516905744668887,0.5579279518552203,0.4889549325762952,0.4776121512198827,,0.2861295116885277,0.2709102214967195,0.8277914368625865,0.5926555497043224,adaboost,adasyn,anova,20,0.5738872310677872,8,682
0.4131919801277501,0.5708607969524417,0.4711546345965473,0.4131919801277501,0.3698094541974044,,0.3868625485986823,0.2920600020729176,0.852266266791751,0.7069599652043155,naive_bayes,enn,logistic_l1,20,0.5504409186670184,8,683
0.4632718239886444,0.4268718919194966,0.6393544819796045,0.4632718239886444,0.4732178549260596,,0.331331116641892,0.2886883532809321,0.7263554466974685,0.5904005338268713,knn,nearmiss,mutual_information,20,0.536262810234233,8,684
0.4843417317246274,0.4270622781521975,0.6262913174689324,0.4843417317246274,0.4895927435101805,,0.245852544179844,0.2340356566084762,0.7203485290623378,0.553491919747864,naive_bayes,smote_enn,variance,122,0.5303442112390401,8,685
0.4772001419446416,0.4236148621452088,0.6234313784966815,0.4772001419446416,0.4846520252373272,,0.2372265766343092,0.2260225568590401,0.7149323926155339,0.5445232133264538,naive_bayes,smote_tomek,variance,122,0.5226332474768299,8,686
0.4768452803406671,0.423369685282301,0.6234114552705103,0.4768452803406671,0.4841935561129405,,0.2366657006286519,0.2254168423191316,0.7147594754596355,0.5441201515790587,naive_bayes,smote,variance,122,0.522184502021815,8,687
0.3581440738112136,0.5252102745426397,0.5289930690248428,0.3581440738112136,0.2958903260229198,,0.2401118548298367,0.1928355980585555,0.8458409476140545,0.7127614979280483,naive_bayes,tomek,logistic_l1,20,0.5001519256661785,8,688
0.4455287437899219,0.4138786424192532,0.6139299669145225,0.4455287437899219,0.463151799536934,,0.2022111867482122,0.1931014075990886,0.7139125603189179,0.5385628036912027,naive_bayes,tomek,variance,122,0.5000937479053643,8,689
0.3581440738112136,0.5252102745426397,0.5289103711689889,0.3581440738112136,0.2958766345780194,,0.240099051713918,0.1928293846795222,0.8456510176418124,0.7116914913747425,naive_bayes,class_weight,logistic_l1,20,0.49989140251783193,8,690
0.442290631653655,0.4066280110356646,0.612304978846907,0.442290631653655,0.4608068006350476,,0.197634855809111,0.1887549459650245,0.7139196454852691,0.5384162661298998,naive_bayes,class_weight,variance,122,0.496328652899384,8,691
0.442290631653655,0.4064178491361889,0.612627868378656,0.442290631653655,0.4609954974864361,,0.1977216799404731,0.1888541488216768,0.7120018672258144,0.5386114073024749,naive_bayes,random_over,variance,122,0.4962018745113166,8,692
0.3518452803406671,0.5143344557203932,0.5038323985760577,0.3518452803406671,0.2989245994835394,,0.2460074217462563,0.1985689484728814,0.8351296909365857,0.7076348337173853,naive_bayes,random_over,logistic_l1,20,0.4929662471653171,8,693
0.3625354861603974,0.5063029764877547,0.5285336493988363,0.3625354861603974,0.289688854015201,,0.2352199218332629,0.1897184291520489,0.8357689022598997,0.703540308766248,naive_bayes,svm_smote,logistic_l1,20,0.49212224172659585,8,694
0.3561036195883605,0.523216290524919,0.3646296710958412,0.3561036195883605,0.298582067931149,,0.2487368650961994,0.2031259482701798,0.8366377621209498,0.7038186973940709,naive_bayes,smote_tomek,logistic_l1,20,0.4832242790040225,8,695
0.3561036195883605,0.523216290524919,0.3646036720562982,0.3561036195883605,0.2985783637530183,,0.2487183259642253,0.2031060601485509,0.836585395114622,0.7035458268575716,naive_bayes,smote,logistic_l1,20,0.4831547743068982,8,696
0.3567689850958126,0.5221214719061905,0.378727923118753,0.3567689850958126,0.2935403240330758,,0.2367239295633961,0.190398069222348,0.8439286126377052,0.6930858172643984,naive_bayes,smote_enn,logistic_l1,20,0.4801650781674443,8,697
0.4435326472675656,0.4146527157804363,0.5851757593800327,0.4435326472675656,0.3978439800577985,,0.2079459978706726,0.1800221596073689,0.7450811016812613,0.5101423858515798,gradient_boosting,nearmiss,random_forest,20,0.47575599522430173,8,698
0.4262331440738112,0.3775787288020575,0.5875906180185662,0.4262331440738112,0.4535591796608981,,0.1838435475932686,0.1761617769200462,0.7052784494073112,0.5150072953228134,naive_bayes,adasyn,variance,122,0.47405716409913473,8,699
0.4218860894251242,0.3903315206029769,0.5874320294291784,0.4218860894251242,0.4589113902404596,,0.1763525714441456,0.1698375441348451,0.6919324284853852,0.5114151337459059,naive_bayes,borderline_smote,variance,122,0.47405410291982586,8,700
0.3593417317246274,0.4422919157086847,0.6827668542634208,0.3593417317246274,0.3127729906665161,,0.2687964990833502,0.210516810659504,0.8156636971466751,0.5835607706524178,random_forest,nearmiss,mutual_information,20,0.4720984650403606,8,701
0.3530429382540809,0.429217004329236,0.5540738194059771,0.3530429382540809,0.3424128426162137,,0.2085506000559615,0.1806721742594917,0.8073542478836562,0.602183981103952,random_forest,nearmiss,random_forest,20,0.4632487212872541,8,702
0.34111071682044,0.4798363216728736,0.3903802405456172,0.34111071682044,0.2891564098849664,,0.2330806313123209,0.1861322687362477,0.8164715558777885,0.6401559341846973,naive_bayes,borderline_smote,logistic_l1,20,0.4517808077609204,8,703
0.3961586231369766,0.3727897662956488,0.5747323201658033,0.3961586231369766,0.4298181568445829,,0.1508689410269721,0.1437549214185957,0.6830053898809899,0.4965561300261428,naive_bayes,svm_smote,variance,122,0.44717325038121125,8,704
0.338138750887154,0.4732994752175724,0.3215821134370696,0.338138750887154,0.2880660143886588,,0.2257230054493365,0.1791751259522552,0.8121396707513103,0.6407676420594283,naive_bayes,adasyn,logistic_l1,20,0.4418538245674474,8,705
0.3513573456352022,0.3648653695092451,0.6273382794499097,0.3513573456352022,0.2700878647263138,,0.1667665570915391,0.1209128966049254,0.7985658221291836,0.6494400313256292,random_forest,nearmiss,anova,20,0.43847203168319815,8,706
0.347986160397445,0.4783555324209977,0.6062352080078918,0.347986160397445,0.3627501799897098,,0.2158705807132606,0.1880655753109871,0.6878115788164301,0.4362304489964044,gradient_boosting,nearmiss,variance,122,0.43492037844241466,8,707
0.3028300212916962,0.376058196923357,0.668347870480422,0.3028300212916962,0.2521322494650067,,0.2147597561441451,0.1610971039725179,0.8000106583264588,0.6564899984053161,extra_trees,nearmiss,mutual_information,20,0.432924189450144,8,708
0.3211053938963804,0.3443713754282643,0.6403580225757283,0.3211053938963804,0.280959101094316,,0.2073440568208395,0.1599914464382372,0.7924961699532083,0.6380488172869548,extra_trees,nearmiss,anova,20,0.43123157625959724,8,709
0.3966022001419446,0.3315346381646783,0.4515209552662063,0.3966022001419446,0.3903395288661783,,0.1605793961786054,0.1489014500440233,,,sgd,nearmiss,random_forest,20,0.4278327726396195,6,710
0.373624911284599,0.3992424377145117,0.4487306139040574,0.373624911284599,0.390557625014318,,0.1859021768587975,0.1712974691079487,0.6179240724071638,0.3969059455125014,decision_tree,nearmiss,random_forest,20,0.3997151137135947,8,711
0.3716288147622427,0.3883126842312154,0.6348899481940788,0.3716288147622427,0.2980841067074102,,0.2198521907255879,0.1795558326601721,0.6143582268349925,0.3942472971368297,decision_tree,nearmiss,anova,20,0.3892590731710322,8,712
0.3165809084457062,0.3651212348351601,0.3634486793217741,0.3165809084457062,0.2742388162141405,,0.2006406798098469,0.155802352212096,0.7212030453972653,0.5037937539167325,adaboost,nearmiss,random_forest,20,0.3706271655968219,8,713
0.2590933286018453,0.4139836571907321,0.4454506584780756,0.2590933286018453,0.2172515634190427,,0.1357766464575087,0.1102904271625077,0.8017946765513002,0.5448138116265984,extra_trees,nearmiss,random_forest,20,0.3702866156440754,8,714
0.3373403122782115,0.3406640017881405,0.3793424802057712,0.3373403122782115,0.2441975081784413,,0.0641585416091594,0.04345456077783,0.756263131897988,0.5623799881216828,gradient_boosting,nearmiss,anova,20,0.3678031899320185,8,715
0.3114797728885735,0.3560491949678486,0.3915345897419613,0.3114797728885735,0.2872592928281172,,0.1870263010401896,0.1566276226989451,0.6489038886802254,0.4881534929845326,gradient_boosting,nearmiss,mutual_information,20,0.36197596599727044,8,716
0.2935149041873669,0.3917375722944001,0.2857702555146484,0.2935149041873669,0.2010684050969282,,0.1335845798427905,0.1058874684911982,0.6891294107867886,0.4400583337996114,logistic_regression,nearmiss,chi2,20,0.3207918642919468,8,717
0.3110805535841022,0.3477012110632348,0.3405178896683464,0.3110805535841022,0.2380924076878636,,0.1348016387795998,0.1090299065576904,0.629796085215839,0.3456038635693331,gradient_boosting,nearmiss,chi2,20,0.30446071153875665,8,718
0.2394872249822569,0.4531961978190562,0.3953904042738497,0.2394872249822569,0.2278157559852382,,0.0166865455253391,0.0151042444205041,0.6257082803640492,0.336919357881459,decision_tree,nearmiss,variance,122,0.29682498851242606,8,719
0.3317068843151171,0.3171993615910772,0.465890562179973,0.3317068843151171,0.2053673184961532,,0.1022435156435665,0.0597591901223663,0.6247031624986541,0.3302781367062694,logistic_regression,nearmiss,logistic_l1,20,0.2966619016230838,8,720
0.3123669268985096,0.3240981664679242,0.4219118531350848,0.3123669268985096,0.1864232724063663,,0.049300380227793,0.0269718370649706,0.6293494804257304,0.4047066802979925,adaboost,nearmiss,logistic_l1,20,0.2964027108243674,8,721
0.2651259758694109,0.3127311201124147,0.4338570450696398,0.2651259758694109,0.2578928173342057,,0.0312079990812561,0.0279914096098848,0.596157832026387,0.352444961081059,gradient_boosting,nearmiss,extra_trees,20,0.2862705259766369,8,722
0.2952004968062455,0.342868181805564,0.4601990539472534,0.2952004968062455,0.2076863460735331,,0.0672645519398175,0.0502177921383916,0.5852921205293267,0.3273254728261865,knn,nearmiss,random_forest,20,0.2862179560609828,8,723
0.275638750887154,0.3267738313777379,0.3896884978688266,0.275638750887154,0.2076797508095812,,0.1061398978648274,0.0859884390336854,0.6213858374207073,0.3529042103288313,knn,nearmiss,chi2,20,0.28457387883784163,8,724
0.2705376153300213,0.3426007754787649,0.3660778176710758,0.2705376153300213,0.1968771035324909,,0.113214022229054,0.0912880736068464,0.6110371810308113,0.3564643662216228,extra_trees,nearmiss,chi2,20,0.28184209356178486,8,725
0.183818310858765,0.3051237857125797,0.2842008399479281,0.183818310858765,0.1749580793817097,,-0.0184806159888532,-0.0160544299028733,0.7372182105015954,0.5497651912699933,adaboost,nearmiss,anova,20,0.27939064453690277,8,726
0.1409687721788502,0.3757656183907836,0.3709669050807002,0.1409687721788502,0.1217118545949445,,0.1268074720182944,0.0841442373289925,0.6917899156227048,0.528306532516247,adaboost,nearmiss,variance,122,0.27884815749265957,8,727
0.2225869410929737,0.4685069641728823,0.1186180161640668,0.2225869410929737,0.1463192198117197,,0.0574160481271407,0.0475862938483873,0.690331305306594,0.4091232401522227,adaboost,nearmiss,extra_trees,20,0.2751948439855594,8,728
0.1925124201561391,0.3591881959851911,0.3820270353002877,0.1925124201561391,0.157246917738393,,-0.0291618963578376,-0.0240257467691682,0.7117892444486433,0.4439975058941361,logistic_regression,nearmiss,extra_trees,20,0.2714729148785447,8,729
0.1839957416607523,0.341786451599477,0.4677338773865567,0.1839957416607523,0.1701220028350017,,-0.0508113941215025,-0.0428204046381133,0.6642298028426399,0.4408569040973001,random_forest,nearmiss,logistic_l1,20,0.2683962775389636,8,730
0.1503726046841731,0.3866076724259374,0.4083843587535435,0.1503726046841731,0.0982442747121103,,0.0021206046336753,0.0015677647247304,0.7137640389590832,0.4955772230601686,random_forest,nearmiss,variance,122,0.2668609512617755,8,731
0.2817601135557133,0.317182969960628,0.5437395715774348,0.2817601135557133,0.1690155580457089,,0.0211743982967396,0.0129310785985329,0.561121185633728,0.3233465036026131,decision_tree,nearmiss,logistic_l1,20,0.2664531125989519,8,732
0.248403122782115,0.3158793458784026,0.3581641255972567,0.248403122782115,0.2291897908705795,,0.0043517860320116,0.0038942585686237,0.5566298415070944,0.3280290687356614,decision_tree,nearmiss,extra_trees,20,0.25553307692711585,8,733
0.1466022001419446,0.3892106820931278,0.2850498686919404,0.1466022001419446,0.0859389227367292,,-0.0387779768053688,-0.0289126083380595,0.7283189507126497,0.5014789989815912,extra_trees,nearmiss,variance,122,0.251280515055015,8,734
0.2016057487579844,0.2947043275538353,0.4615464920155184,0.2016057487579844,0.1558272545004614,,0.0115782632210466,0.0088182415735885,0.6470625247874487,0.3780398601758875,random_forest,nearmiss,extra_trees,20,0.24938397896025039,8,735
0.1353797019162526,0.2846233690789235,0.5014690274998984,0.1353797019162526,0.1028370568987717,,-0.0227994190846054,-0.0181645390784104,0.6563716153149385,0.5122569820041734,adaboost,nearmiss,chi2,20,0.24512351505990967,8,736
0.1833303761533002,0.3253940393557074,0.3775055592836526,0.1833303761533002,0.1194749522733591,,-0.0062726497277631,-0.0046435808639277,0.6771563272882377,0.3972500332411059,extra_trees,nearmiss,extra_trees,20,0.23968560570701697,8,737
0.1748580553584102,0.3778597444149423,0.5707374432642345,0.1748580553584102,0.1125142742176034,,-0.0034460520957449,-0.0026782854983746,0.6031154018148134,0.3183349422553124,knn,nearmiss,extra_trees,20,0.23967701261579913,8,738
0.153388928317956,0.3026386242028814,0.4709440239558067,0.153388928317956,0.1208463213266559,,-0.0934614225379882,-0.0757569057140095,0.6823649523561923,0.4478123842332556,extra_trees,nearmiss,logistic_l1,20,0.23844853823627477,8,739
0.1552519517388218,0.3613620969583639,0.3507568915875033,0.1552519517388218,0.0992261976451302,,-0.045062188982053,-0.0350905383819568,0.7073810789762476,0.4173101468534961,logistic_regression,nearmiss,variance,122,0.23612405455629992,8,740
0.1999645138396025,0.3086517425067813,0.2078238577920609,0.1999645138396025,0.1601292779278758,,0.0552939606557111,0.0442005040173572,,,sgd,nearmiss,chi2,20,0.2354241385222175,6,741
0.183596522356281,0.331822868586279,0.3681971837177978,0.183596522356281,0.1443363108260098,,-0.1024678460769387,-0.0852818452195023,0.660946036332005,0.3732595907048033,logistic_regression,nearmiss,random_forest,20,0.2305995178241209,8,742
0.1493080198722498,0.2235008186241417,0.456546938994166,0.1493080198722498,0.2062144168159092,,0.012993287433789,0.0094508155500884,0.5715024495678224,0.3882252066182488,gradient_boosting,nearmiss,logistic_l1,20,0.2262796668108989,8,743
0.1640791341376863,0.3699710146139406,0.4366678883980146,0.1640791341376863,0.1214508287256231,,-0.0390321766525562,-0.0311977794955817,0.6013242614623117,0.3364914068744282,knn,nearmiss,variance,122,0.2255501608107843,8,744
0.1647888573456352,0.3145468022327503,0.285738765979857,0.1647888573456352,0.1604107983321539,,0.0761327153090961,0.0573694078676403,0.5589722899522285,0.3524070309318109,naive_bayes,nearmiss,logistic_l1,20,0.21926323531019104,8,745
0.160707948899929,0.2839022439440407,0.2599286419788277,0.160707948899929,0.1053108828618238,,-0.0156935859685702,-0.0124796599730068,0.6085500143910278,0.3550510192600885,random_forest,nearmiss,chi2,20,0.1925449179417292,8,746
0.1684705464868701,0.2635230011891445,0.3967382825229352,0.1684705464868701,0.1246671982732719,,-0.1031737733199976,-0.082663186334702,0.5475625381383348,0.3170065390506413,knn,nearmiss,logistic_l1,20,0.184739715326672,8,747
0.2027590489709013,0.2301424733772258,0.2465250198480538,0.2027590489709013,0.1362807772572957,,-0.2110025224065541,-0.1627323815437329,,,sgd,nearmiss,logistic_l1,20,0.18150108773622986,6,748
0.1122249822569198,0.2232628401920284,0.2226665660625866,0.1122249822569198,0.0769047939780217,,-0.076872297560931,-0.0614448692622919,0.5093887453045404,0.3137646700095085,decision_tree,nearmiss,chi2,20,0.1297025192988374,8,749
0.0671132008516678,0.2275090351021572,0.2093701493827222,0.0671132008516678,0.0946074583359358,,-0.0469187543974858,-0.0293852721198875,0.5090296958435218,0.3145645091748403,decision_tree,nearmiss,mutual_information,20,0.12559689795920875,8,750
0.0930624556422995,0.1314628174403912,0.2547249504979314,0.0930624556422995,0.1025619864312193,,-0.0966223041928923,-0.0730559960365142,0.470147940195689,0.3377513960324123,naive_bayes,nearmiss,chi2,20,0.11357883040449053,8,751
0.0474627395315826,0.0511149467017456,0.54661377184287,0.0474627395315826,0.0438068266554916,,-0.1378897484003611,-0.1053246628965978,0.4317341592512042,0.3081830927040281,naive_bayes,nearmiss,extra_trees,20,0.08028832652749128,8,752
0.0346877217885024,0.1016816034157472,0.4476582074711254,0.0346877217885024,0.0437531747538761,,-0.0857149404725877,-0.0515102376210994,0.3683993986406161,0.3176435522347797,naive_bayes,nearmiss,random_forest,20,0.0800072150530546,8,753
0.0135734563520227,0.0772178439605866,0.4860455155618161,0.0135734563520227,0.0229832616868025,,-0.0330641792108471,-0.0142986203457333,0.427055133210432,0.3198352915121118,naive_bayes,nearmiss,mutual_information,20,0.07822082660048968,8,754
0.008694109297374,0.0916840528826229,0.4161202404181195,0.008694109297374,0.0135369321223808,,-0.0495043408712835,-0.020921943456879,0.4309052651799158,0.313594930207482,naive_bayes,nearmiss,anova,20,0.0695178265793361,8,755
0.0221788502484031,0.2101044584822359,0.0182059419868759,0.0221788502484031,0.0186565781996779,,-0.1473984782111092,-0.1056761016667882,0.4941003251543289,0.3137136335484373,naive_bayes,nearmiss,variance,122,0.06138572688821814,8,756
